2026.05.09 10:04:55 WARN  Using H2 2.4.240 which is newer than the version Flyway has been verified with. The latest verified version of H2 is 2.3.232.
2026.05.09 10:04:56 INFO  no build target found for /home/prerit/Projects-Code/My-Learning/DSA-Pepcoding/Basics/HelloWorld.java. Using fallback presentation compiler.
2026.05.09 10:04:56 WARN  no build tool detected in workspace '/home/prerit/Projects-Code/My-Learning/DSA-Pepcoding'. The most common cause for this problem is that the editor was opened in the wrong working directory, for example if you use sbt then the workspace directory should contain build.sbt. 
2026.05.09 10:04:57 WARN  Build server is not auto-connectable.
2026.05.09 10:04:57 WARN  no build target for: /home/prerit/Projects-Code/My-Learning/DSA-Pepcoding/Basics/HelloWorld.java
2026.05.09 10:04:59 WARN  Running javac-semanticdb failed for file:///home/prerit/Projects-Code/My-Learning/DSA-Pepcoding/Basics/HelloWorld.java. Output:

2026.05.09 10:04:59 INFO  time: code lens generation in 2.06s
2026.05.09 10:05:20 INFO  no build target found for /home/prerit/Projects-Code/My-Learning/DSA-Pepcoding/Basics/HelloWorld.java. Using fallback presentation compiler.
2026.05.09 10:05:20 INFO  no build target found for /home/prerit/Projects-Code/My-Learning/DSA-Pepcoding/Basics/HelloWorld.java. Using fallback presentation compiler.
2026.05.09 10:05:20 INFO  no build target found for /home/prerit/Projects-Code/My-Learning/DSA-Pepcoding/Basics/HelloWorld.java. Using fallback presentation compiler.
May 09, 2026 10:05:21 AM org.eclipse.lsp4j.jsonrpc.RemoteEndpoint handleCancellation
WARNING: Unmatched cancel notification for request id 8
2026.05.09 10:05:22 INFO  no build target found for /home/prerit/Projects-Code/My-Learning/DSA-Pepcoding/Basics/HelloWorld.java. Using fallback presentation compiler.
2026.05.09 10:05:22 WARN  no build target for: /home/prerit/Projects-Code/My-Learning/DSA-Pepcoding/Basics/HelloWorld.java
2026.05.09 10:05:24 INFO  time: code lens generation in 1.25s
2026.05.09 10:05:25 INFO  no build target found for /home/prerit/Projects-Code/My-Learning/DSA-Pepcoding/Basics/HelloWorld.java. Using fallback presentation compiler.
2026.05.09 10:06:01 INFO  no build target found for /home/prerit/Projects-Code/My-Learning/DSA-Pepcoding/Basics/HelloWorld.java. Using fallback presentation compiler.
2026.05.09 10:14:47 INFO  no build target found for /home/prerit/Projects-Code/My-Learning/DSA-Pepcoding/Basics/HelloWorld.java. Using fallback presentation compiler.
2026.05.09 10:14:47 INFO  no build target found for /home/prerit/Projects-Code/My-Learning/DSA-Pepcoding/Basics/HelloWorld.java. Using fallback presentation compiler.
2026.05.09 10:15:39 INFO  no build target found for /home/prerit/Projects-Code/My-Learning/DSA-Pepcoding/Basics/HelloWorld.java. Using fallback presentation compiler.
2026.05.09 10:15:39 INFO  no build target found for /home/prerit/Projects-Code/My-Learning/DSA-Pepcoding/Basics/HelloWorld.java. Using fallback presentation compiler.
2026.05.09 10:15:42 INFO  no build target found for /home/prerit/Projects-Code/My-Learning/DSA-Pepcoding/Basics/HelloWorld.java. Using fallback presentation compiler.
2026.05.09 10:15:42 INFO  no build target found for /home/prerit/Projects-Code/My-Learning/DSA-Pepcoding/Basics/HelloWorld.java. Using fallback presentation compiler.
May 09, 2026 10:15:42 AM org.eclipse.lsp4j.jsonrpc.RemoteEndpoint handleCancellation
WARNING: Unmatched cancel notification for request id 21
2026.05.09 10:15:43 INFO  no build target found for /home/prerit/Projects-Code/My-Learning/DSA-Pepcoding/Basics/HelloWorld.java. Using fallback presentation compiler.
2026.05.09 10:15:44 INFO  no build target found for /home/prerit/Projects-Code/My-Learning/DSA-Pepcoding/Basics/HelloWorld.java. Using fallback presentation compiler.
May 09, 2026 10:15:44 AM org.eclipse.lsp4j.jsonrpc.RemoteEndpoint handleCancellation
WARNING: Unmatched cancel notification for request id 23
2026.05.09 10:15:45 INFO  no build target found for /home/prerit/Projects-Code/My-Learning/DSA-Pepcoding/Basics/HelloWorld.java. Using fallback presentation compiler.
2026.05.09 10:15:44 INFO  no build target found for /home/prerit/Projects-Code/My-Learning/DSA-Pepcoding/Basics/HelloWorld.java. Using fallback presentation compiler.
May 09, 2026 10:15:45 AM org.eclipse.lsp4j.jsonrpc.RemoteEndpoint handleCancellation
WARNING: Unmatched cancel notification for request id 28
May 09, 2026 10:15:45 AM org.eclipse.lsp4j.jsonrpc.RemoteEndpoint handleCancellation
WARNING: Unmatched cancel notification for request id 30
2026.05.09 10:15:44 INFO  no build target found for /home/prerit/Projects-Code/My-Learning/DSA-Pepcoding/Basics/HelloWorld.java. Using fallback presentation compiler.
2026.05.09 10:15:44 INFO  no build target found for /home/prerit/Projects-Code/My-Learning/DSA-Pepcoding/Basics/HelloWorld.java. Using fallback presentation compiler.
2026.05.09 10:15:46 INFO  no build target found for /home/prerit/Projects-Code/My-Learning/DSA-Pepcoding/Basics/HelloWorld.java. Using fallback presentation compiler.
May 09, 2026 10:15:47 AM org.eclipse.lsp4j.jsonrpc.RemoteEndpoint handleCancellation
WARNING: Unmatched cancel notification for request id 31
May 09, 2026 10:15:47 AM org.eclipse.lsp4j.jsonrpc.RemoteEndpoint handleCancellation
WARNING: Unmatched cancel notification for request id 32
May 09, 2026 10:15:47 AM org.eclipse.lsp4j.jsonrpc.RemoteEndpoint handleCancellation
WARNING: Unmatched cancel notification for request id 34
2026.05.09 10:15:46 INFO  no build target found for /home/prerit/Projects-Code/My-Learning/DSA-Pepcoding/Basics/HelloWorld.java. Using fallback presentation compiler.
2026.05.09 10:15:46 INFO  no build target found for /home/prerit/Projects-Code/My-Learning/DSA-Pepcoding/Basics/HelloWorld.java. Using fallback presentation compiler.
2026.05.09 10:15:47 WARN  Running javac-semanticdb failed for file:///home/prerit/Projects-Code/My-Learning/DSA-Pepcoding/Basics/HelloWorld.java. Output:

2026.05.09 10:15:47 WARN  no build target for: /home/prerit/Projects-Code/My-Learning/DSA-Pepcoding/Basics/HelloWorld.java
2026.05.09 10:15:46 INFO  no build target found for /home/prerit/Projects-Code/My-Learning/DSA-Pepcoding/Basics/HelloWorld.java. Using fallback presentation compiler.
2026.05.09 10:15:46 INFO  no build target found for /home/prerit/Projects-Code/My-Learning/DSA-Pepcoding/Basics/HelloWorld.java. Using fallback presentation compiler.
May 09, 2026 10:15:47 AM org.eclipse.lsp4j.jsonrpc.RemoteEndpoint handleCancellation
WARNING: Unmatched cancel notification for request id 37
2026.05.09 10:15:47 INFO  Created report: Optional[file:///home/prerit/Projects-Code/My-Learning/DSA-Pepcoding/Basics/HelloWorld.java]
2026.05.09 10:15:47 INFO  QDox parse error in file:///home/prerit/Projects-Code/My-Learning/DSA-Pepcoding/Basics/HelloWorld.java (full report at: "/home/prerit/Projects-Code/My-Learning/DSA-Pepcoding/.metals/.reports/metals-full/2026-05-09/r_qdox-error_10-15-47-655.md")
May 09, 2026 10:15:47 AM org.eclipse.lsp4j.jsonrpc.RemoteEndpoint handleCancellation
WARNING: Unmatched cancel notification for request id 38
May 09, 2026 10:15:47 AM org.eclipse.lsp4j.jsonrpc.RemoteEndpoint handleCancellation
WARNING: Unmatched cancel notification for request id 35
2026.05.09 10:15:46 INFO  no build target found for /home/prerit/Projects-Code/My-Learning/DSA-Pepcoding/Basics/HelloWorld.java. Using fallback presentation compiler.
2026.05.09 10:15:48 INFO  no build target found for /home/prerit/Projects-Code/My-Learning/DSA-Pepcoding/Basics/HelloWorld.java. Using fallback presentation compiler.
May 09, 2026 10:15:48 AM org.eclipse.lsp4j.jsonrpc.RemoteEndpoint handleCancellation
WARNING: Unmatched cancel notification for request id 39
2026.05.09 10:15:48 INFO  no build target found for /home/prerit/Projects-Code/My-Learning/DSA-Pepcoding/Basics/HelloWorld.java. Using fallback presentation compiler.
2026.05.09 10:15:49 INFO  no build target found for /home/prerit/Projects-Code/My-Learning/DSA-Pepcoding/Basics/HelloWorld.java. Using fallback presentation compiler.
2026.05.09 10:15:49 INFO  no build target found for /home/prerit/Projects-Code/My-Learning/DSA-Pepcoding/Basics/HelloWorld.java. Using fallback presentation compiler.
2026.05.09 10:15:49 INFO  no build target found for /home/prerit/Projects-Code/My-Learning/DSA-Pepcoding/Basics/HelloWorld.java. Using fallback presentation compiler.
2026.05.09 10:15:49 INFO  no build target found for /home/prerit/Projects-Code/My-Learning/DSA-Pepcoding/Basics/HelloWorld.java. Using fallback presentation compiler.
2026.05.09 10:15:50 INFO  no build target found for /home/prerit/Projects-Code/My-Learning/DSA-Pepcoding/Basics/HelloWorld.java. Using fallback presentation compiler.
2026.05.09 10:15:50 WARN  no build target for: /home/prerit/Projects-Code/My-Learning/DSA-Pepcoding/Basics/HelloWorld.java
2026.05.09 10:15:50 INFO  QDox parse error in file:///home/prerit/Projects-Code/My-Learning/DSA-Pepcoding/Basics/HelloWorld.java (full report at: "/home/prerit/Projects-Code/My-Learning/DSA-Pepcoding/.metals/.reports/metals-full/2026-05-09/r_qdox-error_10-15-47-655.md")
2026.05.09 10:15:50 WARN  Running javac-semanticdb failed for file:///home/prerit/Projects-Code/My-Learning/DSA-Pepcoding/Basics/HelloWorld.java. Output:

2026.05.09 10:15:50 INFO  no build target found for /home/prerit/Projects-Code/My-Learning/DSA-Pepcoding/Basics/HelloWorld.java. Using fallback presentation compiler.
2026.05.09 10:15:50 INFO  no build target found for /home/prerit/Projects-Code/My-Learning/DSA-Pepcoding/Basics/HelloWorld.java. Using fallback presentation compiler.
May 09, 2026 10:15:51 AM org.eclipse.lsp4j.jsonrpc.RemoteEndpoint handleCancellation
WARNING: Unmatched cancel notification for request id 47
2026.05.09 10:15:50 INFO  no build target found for /home/prerit/Projects-Code/My-Learning/DSA-Pepcoding/Basics/HelloWorld.java. Using fallback presentation compiler.
2026.05.09 10:15:51 INFO  no build target found for /home/prerit/Projects-Code/My-Learning/DSA-Pepcoding/Basics/HelloWorld.java. Using fallback presentation compiler.
2026.05.09 10:15:52 INFO  no build target found for /home/prerit/Projects-Code/My-Learning/DSA-Pepcoding/Basics/HelloWorld.java. Using fallback presentation compiler.
2026.05.09 10:15:52 INFO  no build target found for /home/prerit/Projects-Code/My-Learning/DSA-Pepcoding/Basics/HelloWorld.java. Using fallback presentation compiler.
2026.05.09 10:15:52 INFO  no build target found for /home/prerit/Projects-Code/My-Learning/DSA-Pepcoding/Basics/HelloWorld.java. Using fallback presentation compiler.
2026.05.09 10:15:52 INFO  no build target found for /home/prerit/Projects-Code/My-Learning/DSA-Pepcoding/Basics/HelloWorld.java. Using fallback presentation compiler.
2026.05.09 10:15:52 INFO  no build target found for /home/prerit/Projects-Code/My-Learning/DSA-Pepcoding/Basics/HelloWorld.java. Using fallback presentation compiler.
2026.05.09 10:15:52 INFO  no build target found for /home/prerit/Projects-Code/My-Learning/DSA-Pepcoding/Basics/HelloWorld.java. Using fallback presentation compiler.
2026.05.09 10:15:53 INFO  no build target found for /home/prerit/Projects-Code/My-Learning/DSA-Pepcoding/Basics/HelloWorld.java. Using fallback presentation compiler.
May 09, 2026 10:15:53 AM org.eclipse.lsp4j.jsonrpc.RemoteEndpoint handleCancellation
WARNING: Unmatched cancel notification for request id 56
2026.05.09 10:15:53 INFO  no build target found for /home/prerit/Projects-Code/My-Learning/DSA-Pepcoding/Basics/HelloWorld.java. Using fallback presentation compiler.
2026.05.09 10:15:55 INFO  no build target found for /home/prerit/Projects-Code/My-Learning/DSA-Pepcoding/Basics/HelloWorld.java. Using fallback presentation compiler.
2026.05.09 10:15:55 INFO  no build target found for /home/prerit/Projects-Code/My-Learning/DSA-Pepcoding/Basics/HelloWorld.java. Using fallback presentation compiler.
2026.05.09 10:15:57 INFO  no build target found for /home/prerit/Projects-Code/My-Learning/DSA-Pepcoding/Basics/HelloWorld.java. Using fallback presentation compiler.
2026.05.09 10:15:57 INFO  no build target found for /home/prerit/Projects-Code/My-Learning/DSA-Pepcoding/Basics/HelloWorld.java. Using fallback presentation compiler.
2026.05.09 10:15:57 INFO  no build target found for /home/prerit/Projects-Code/My-Learning/DSA-Pepcoding/Basics/HelloWorld.java. Using fallback presentation compiler.
2026.05.09 10:15:57 INFO  no build target found for /home/prerit/Projects-Code/My-Learning/DSA-Pepcoding/Basics/HelloWorld.java. Using fallback presentation compiler.
2026.05.09 10:15:57 WARN  no build target for: /home/prerit/Projects-Code/My-Learning/DSA-Pepcoding/Basics/HelloWorld.java
2026.05.09 10:15:57 INFO  QDox parse error in file:///home/prerit/Projects-Code/My-Learning/DSA-Pepcoding/Basics/HelloWorld.java (full report at: "/home/prerit/Projects-Code/My-Learning/DSA-Pepcoding/.metals/.reports/metals-full/2026-05-09/r_qdox-error_10-15-47-655.md")
2026.05.09 10:15:57 WARN  Running javac-semanticdb failed for file:///home/prerit/Projects-Code/My-Learning/DSA-Pepcoding/Basics/HelloWorld.java. Output:

May 09, 2026 10:15:57 AM org.eclipse.lsp4j.jsonrpc.RemoteEndpoint handleCancellation
WARNING: Unmatched cancel notification for request id 62
2026.05.09 10:15:57 INFO  no build target found for /home/prerit/Projects-Code/My-Learning/DSA-Pepcoding/Basics/HelloWorld.java. Using fallback presentation compiler.
May 09, 2026 10:15:57 AM org.eclipse.lsp4j.jsonrpc.RemoteEndpoint handleCancellation
WARNING: Unmatched cancel notification for request id 60
2026.05.09 10:15:57 INFO  no build target found for /home/prerit/Projects-Code/My-Learning/DSA-Pepcoding/Basics/HelloWorld.java. Using fallback presentation compiler.
2026.05.09 10:15:57 INFO  no build target found for /home/prerit/Projects-Code/My-Learning/DSA-Pepcoding/Basics/HelloWorld.java. Using fallback presentation compiler.
2026.05.09 10:15:58 INFO  no build target found for /home/prerit/Projects-Code/My-Learning/DSA-Pepcoding/Basics/HelloWorld.java. Using fallback presentation compiler.
May 09, 2026 10:15:58 AM org.eclipse.lsp4j.jsonrpc.RemoteEndpoint handleCancellation
WARNING: Unmatched cancel notification for request id 64
2026.05.09 10:15:58 INFO  no build target found for /home/prerit/Projects-Code/My-Learning/DSA-Pepcoding/Basics/HelloWorld.java. Using fallback presentation compiler.
2026.05.09 10:15:58 INFO  no build target found for /home/prerit/Projects-Code/My-Learning/DSA-Pepcoding/Basics/HelloWorld.java. Using fallback presentation compiler.
May 09, 2026 10:15:58 AM org.eclipse.lsp4j.jsonrpc.RemoteEndpoint handleCancellation
WARNING: Unmatched cancel notification for request id 66
2026.05.09 10:15:58 INFO  no build target found for /home/prerit/Projects-Code/My-Learning/DSA-Pepcoding/Basics/HelloWorld.java. Using fallback presentation compiler.
2026.05.09 10:15:58 INFO  no build target found for /home/prerit/Projects-Code/My-Learning/DSA-Pepcoding/Basics/HelloWorld.java. Using fallback presentation compiler.
May 09, 2026 10:15:58 AM org.eclipse.lsp4j.jsonrpc.RemoteEndpoint handleCancellation
WARNING: Unmatched cancel notification for request id 68
May 09, 2026 10:15:58 AM org.eclipse.lsp4j.jsonrpc.RemoteEndpoint handleCancellation
WARNING: Unmatched cancel notification for request id 69
May 09, 2026 10:15:58 AM org.eclipse.lsp4j.jsonrpc.RemoteEndpoint handleCancellation
WARNING: Unmatched cancel notification for request id 67
2026.05.09 10:15:58 INFO  no build target found for /home/prerit/Projects-Code/My-Learning/DSA-Pepcoding/Basics/HelloWorld.java. Using fallback presentation compiler.
2026.05.09 10:15:58 INFO  no build target found for /home/prerit/Projects-Code/My-Learning/DSA-Pepcoding/Basics/HelloWorld.java. Using fallback presentation compiler.
2026.05.09 10:15:59 INFO  no build target found for /home/prerit/Projects-Code/My-Learning/DSA-Pepcoding/Basics/HelloWorld.java. Using fallback presentation compiler.
May 09, 2026 10:15:59 AM org.eclipse.lsp4j.jsonrpc.RemoteEndpoint handleCancellation
WARNING: Unmatched cancel notification for request id 70
2026.05.09 10:15:59 INFO  no build target found for /home/prerit/Projects-Code/My-Learning/DSA-Pepcoding/Basics/HelloWorld.java. Using fallback presentation compiler.
2026.05.09 10:15:59 INFO  no build target found for /home/prerit/Projects-Code/My-Learning/DSA-Pepcoding/Basics/HelloWorld.java. Using fallback presentation compiler.
2026.05.09 10:15:59 INFO  no build target found for /home/prerit/Projects-Code/My-Learning/DSA-Pepcoding/Basics/HelloWorld.java. Using fallback presentation compiler.
2026.05.09 10:16:00 INFO  no build target found for /home/prerit/Projects-Code/My-Learning/DSA-Pepcoding/Basics/HelloWorld.java. Using fallback presentation compiler.
2026.05.09 10:16:00 INFO  no build target found for /home/prerit/Projects-Code/My-Learning/DSA-Pepcoding/Basics/HelloWorld.java. Using fallback presentation compiler.
2026.05.09 10:16:01 WARN  no build target for: /home/prerit/Projects-Code/My-Learning/DSA-Pepcoding/Basics/HelloWorld.java
2026.05.09 10:16:01 INFO  no build target found for /home/prerit/Projects-Code/My-Learning/DSA-Pepcoding/Basics/HelloWorld.java. Using fallback presentation compiler.
2026.05.09 10:16:03 INFO  no build target found for /home/prerit/Projects-Code/My-Learning/DSA-Pepcoding/Basics/HelloWorld.java. Using fallback presentation compiler.
2026.05.09 10:16:03 INFO  no build target found for /home/prerit/Projects-Code/My-Learning/DSA-Pepcoding/Basics/HelloWorld.java. Using fallback presentation compiler.
May 09, 2026 10:16:05 AM org.eclipse.lsp4j.jsonrpc.RemoteEndpoint handleCancellation
WARNING: Unmatched cancel notification for request id 82
2026.05.09 10:16:05 INFO  no build target found for /home/prerit/Projects-Code/My-Learning/DSA-Pepcoding/Basics/HelloWorld.java. Using fallback presentation compiler.
2026.05.09 10:16:05 INFO  no build target found for /home/prerit/Projects-Code/My-Learning/DSA-Pepcoding/Basics/HelloWorld.java. Using fallback presentation compiler.
2026.05.09 10:16:05 INFO  no build target found for /home/prerit/Projects-Code/My-Learning/DSA-Pepcoding/Basics/HelloWorld.java. Using fallback presentation compiler.
May 09, 2026 10:16:05 AM org.eclipse.lsp4j.jsonrpc.RemoteEndpoint handleCancellation
WARNING: Unmatched cancel notification for request id 84
2026.05.09 10:16:05 INFO  no build target found for /home/prerit/Projects-Code/My-Learning/DSA-Pepcoding/Basics/HelloWorld.java. Using fallback presentation compiler.
2026.05.09 10:16:07 INFO  no build target found for /home/prerit/Projects-Code/My-Learning/DSA-Pepcoding/Basics/HelloWorld.java. Using fallback presentation compiler.
2026.05.09 10:16:07 INFO  no build target found for /home/prerit/Projects-Code/My-Learning/DSA-Pepcoding/Basics/HelloWorld.java. Using fallback presentation compiler.
2026.05.09 10:16:07 INFO  no build target found for /home/prerit/Projects-Code/My-Learning/DSA-Pepcoding/Basics/HelloWorld.java. Using fallback presentation compiler.
2026.05.09 10:16:08 WARN  no build target for: /home/prerit/Projects-Code/My-Learning/DSA-Pepcoding/Basics/HelloWorld.java
2026.05.09 10:16:08 WARN  Running javac-semanticdb failed for file:///home/prerit/Projects-Code/My-Learning/DSA-Pepcoding/Basics/HelloWorld.java. Output:

2026.05.09 10:16:09 INFO  no build target found for /home/prerit/Projects-Code/My-Learning/DSA-Pepcoding/Basics/HelloWorld.java. Using fallback presentation compiler.
2026.05.09 10:16:08 INFO  no build target found for /home/prerit/Projects-Code/My-Learning/DSA-Pepcoding/Basics/HelloWorld.java. Using fallback presentation compiler.
2026.05.09 10:16:09 INFO  no build target found for /home/prerit/Projects-Code/My-Learning/DSA-Pepcoding/Basics/HelloWorld.java. Using fallback presentation compiler.
2026.05.09 10:16:11 INFO  no build target found for /home/prerit/Projects-Code/My-Learning/DSA-Pepcoding/Basics/HelloWorld.java. Using fallback presentation compiler.
2026.05.09 10:16:11 INFO  no build target found for /home/prerit/Projects-Code/My-Learning/DSA-Pepcoding/Basics/HelloWorld.java. Using fallback presentation compiler.
2026.05.09 10:16:24 INFO  no build target found for /home/prerit/Projects-Code/My-Learning/DSA-Pepcoding/Basics/HelloWorld.java. Using fallback presentation compiler.
2026.05.09 10:16:24 INFO  no build target found for /home/prerit/Projects-Code/My-Learning/DSA-Pepcoding/Basics/HelloWorld.java. Using fallback presentation compiler.
2026.05.09 10:16:24 INFO  no build target found for /home/prerit/Projects-Code/My-Learning/DSA-Pepcoding/Basics/HelloWorld.java. Using fallback presentation compiler.
2026.05.09 10:16:25 INFO  no build target found for /home/prerit/Projects-Code/My-Learning/DSA-Pepcoding/Basics/HelloWorld.java. Using fallback presentation compiler.
2026.05.09 10:16:25 INFO  no build target found for /home/prerit/Projects-Code/My-Learning/DSA-Pepcoding/Basics/HelloWorld.java. Using fallback presentation compiler.
2026.05.09 10:16:25 INFO  no build target found for /home/prerit/Projects-Code/My-Learning/DSA-Pepcoding/Basics/HelloWorld.java. Using fallback presentation compiler.
2026.05.09 10:16:26 INFO  no build target found for /home/prerit/Projects-Code/My-Learning/DSA-Pepcoding/Basics/HelloWorld.java. Using fallback presentation compiler.
2026.05.09 10:16:26 INFO  no build target found for /home/prerit/Projects-Code/My-Learning/DSA-Pepcoding/Basics/HelloWorld.java. Using fallback presentation compiler.
2026.05.09 10:16:28 INFO  no build target found for /home/prerit/Projects-Code/My-Learning/DSA-Pepcoding/Basics/HelloWorld.java. Using fallback presentation compiler.
2026.05.09 10:16:28 INFO  no build target found for /home/prerit/Projects-Code/My-Learning/DSA-Pepcoding/Basics/HelloWorld.java. Using fallback presentation compiler.
May 09, 2026 10:17:18 AM org.eclipse.lsp4j.jsonrpc.services.GenericEndpoint notify
INFO: Unsupported notification method: $/setTrace
2026.05.09 10:17:19 INFO  no build target found for /home/prerit/Projects-Code/My-Learning/DSA-Pepcoding/Basics/HelloWorld.java. Using fallback presentation compiler.
2026.05.09 10:17:19 INFO  no build target found for /home/prerit/Projects-Code/My-Learning/DSA-Pepcoding/Basics/HelloWorld.java. Using fallback presentation compiler.
2026.05.09 10:17:32 INFO  no build target found for /home/prerit/Projects-Code/My-Learning/DSA-Pepcoding/Basics/HelloWorld.java. Using fallback presentation compiler.
May 09, 2026 10:17:32 AM org.eclipse.lsp4j.jsonrpc.RemoteEndpoint handleCancellation
WARNING: Unmatched cancel notification for request id 114
2026.05.09 10:17:32 INFO  no build target found for /home/prerit/Projects-Code/My-Learning/DSA-Pepcoding/Basics/HelloWorld.java. Using fallback presentation compiler.
2026.05.09 10:17:32 INFO  no build target found for /home/prerit/Projects-Code/My-Learning/DSA-Pepcoding/Basics/HelloWorld.java. Using fallback presentation compiler.
May 09, 2026 10:17:35 AM org.eclipse.lsp4j.jsonrpc.services.GenericEndpoint notify
INFO: Unsupported notification method: $/setTrace
2026.05.09 10:17:35 INFO  no build target found for /home/prerit/Projects-Code/My-Learning/DSA-Pepcoding/Basics/HelloWorld.java. Using fallback presentation compiler.
2026.05.09 10:17:36 INFO  no build target found for /home/prerit/Projects-Code/My-Learning/DSA-Pepcoding/Basics/HelloWorld.java. Using fallback presentation compiler.
2026.05.09 10:17:39 INFO  no build target found for /home/prerit/Projects-Code/My-Learning/DSA-Pepcoding/Basics/HelloWorld.java. Using fallback presentation compiler.
2026.05.09 10:17:55 INFO  no build target found for /home/prerit/Projects-Code/My-Learning/DSA-Pepcoding/Basics/HelloWorld.java. Using fallback presentation compiler.
2026.05.09 10:18:20 INFO  no build target found for /home/prerit/Projects-Code/My-Learning/DSA-Pepcoding/Basics/HelloWorld.java. Using fallback presentation compiler.
2026.05.09 10:18:20 INFO  no build target found for /home/prerit/Projects-Code/My-Learning/DSA-Pepcoding/Basics/HelloWorld.java. Using fallback presentation compiler.
2026.05.09 10:18:20 INFO  no build target found for /home/prerit/Projects-Code/My-Learning/DSA-Pepcoding/Basics/HelloWorld.java. Using fallback presentation compiler.
2026.05.09 10:18:20 INFO  no build target found for /home/prerit/Projects-Code/My-Learning/DSA-Pepcoding/Basics/HelloWorld.java. Using fallback presentation compiler.
2026.05.09 10:18:21 INFO  no build target found for /home/prerit/Projects-Code/My-Learning/DSA-Pepcoding/Basics/HelloWorld.java. Using fallback presentation compiler.
2026.05.09 10:18:21 INFO  no build target found for /home/prerit/Projects-Code/My-Learning/DSA-Pepcoding/Basics/HelloWorld.java. Using fallback presentation compiler.
2026.05.09 10:18:21 INFO  no build target found for /home/prerit/Projects-Code/My-Learning/DSA-Pepcoding/Basics/HelloWorld.java. Using fallback presentation compiler.
May 09, 2026 10:18:22 AM org.eclipse.lsp4j.jsonrpc.RemoteEndpoint handleCancellation
WARNING: Unmatched cancel notification for request id 134
2026.05.09 10:18:22 WARN  Running javac-semanticdb failed for file:///home/prerit/Projects-Code/My-Learning/DSA-Pepcoding/Basics/HelloWorld.java. Output:

2026.05.09 10:18:23 INFO  no build target found for /home/prerit/Projects-Code/My-Learning/DSA-Pepcoding/Basics/HelloWorld.java. Using fallback presentation compiler.
2026.05.09 10:18:23 INFO  no build target found for /home/prerit/Projects-Code/My-Learning/DSA-Pepcoding/Basics/HelloWorld.java. Using fallback presentation compiler.
2026.05.09 10:18:23 INFO  no build target found for /home/prerit/Projects-Code/My-Learning/DSA-Pepcoding/Basics/HelloWorld.java. Using fallback presentation compiler.
2026.05.09 10:18:23 INFO  no build target found for /home/prerit/Projects-Code/My-Learning/DSA-Pepcoding/Basics/HelloWorld.java. Using fallback presentation compiler.
2026.05.09 10:18:23 INFO  no build target found for /home/prerit/Projects-Code/My-Learning/DSA-Pepcoding/Basics/HelloWorld.java. Using fallback presentation compiler.
2026.05.09 10:18:24 WARN  Running javac-semanticdb failed for file:///home/prerit/Projects-Code/My-Learning/DSA-Pepcoding/Basics/HelloWorld.java. Output:

2026.05.09 10:18:25 WARN  no build target for: /home/prerit/Projects-Code/My-Learning/DSA-Pepcoding/Basics/HelloWorld.java
2026.05.09 10:18:28 INFO  no build target found for /home/prerit/Projects-Code/My-Learning/DSA-Pepcoding/Basics/HelloWorld.java. Using fallback presentation compiler.
2026.05.09 10:18:32 INFO  no build target found for /home/prerit/Projects-Code/My-Learning/DSA-Pepcoding/Basics/HelloWorld.java. Using fallback presentation compiler.
2026.05.09 10:18:32 INFO  no build target found for /home/prerit/Projects-Code/My-Learning/DSA-Pepcoding/Basics/HelloWorld.java. Using fallback presentation compiler.
2026.05.09 10:18:32 WARN  Running javac-semanticdb failed for file:///home/prerit/Projects-Code/My-Learning/DSA-Pepcoding/Basics/HelloWorld.java. Output:

2026.05.09 10:18:32 INFO  no build target found for /home/prerit/Projects-Code/My-Learning/DSA-Pepcoding/Basics/HelloWorld.java. Using fallback presentation compiler.
2026.05.09 10:18:32 WARN  Running javac-semanticdb failed for file:///home/prerit/Projects-Code/My-Learning/DSA-Pepcoding/Basics/HelloWorld.java. Output:

2026.05.09 10:18:33 WARN  no build target for: /home/prerit/Projects-Code/My-Learning/DSA-Pepcoding/Basics/HelloWorld.java
2026.05.09 10:18:33 INFO  no build target found for /home/prerit/Projects-Code/My-Learning/DSA-Pepcoding/Basics/HelloWorld.java. Using fallback presentation compiler.
2026.05.09 10:18:34 INFO  no build target found for /home/prerit/Projects-Code/My-Learning/DSA-Pepcoding/Basics/HelloWorld.java. Using fallback presentation compiler.
2026.05.09 10:18:34 INFO  no build target found for /home/prerit/Projects-Code/My-Learning/DSA-Pepcoding/Basics/HelloWorld.java. Using fallback presentation compiler.
2026.05.09 10:18:35 INFO  no build target found for /home/prerit/Projects-Code/My-Learning/DSA-Pepcoding/Basics/HelloWorld.java. Using fallback presentation compiler.
2026.05.09 10:18:35 INFO  no build target found for /home/prerit/Projects-Code/My-Learning/DSA-Pepcoding/Basics/HelloWorld.java. Using fallback presentation compiler.
2026.05.09 10:18:35 INFO  no build target found for /home/prerit/Projects-Code/My-Learning/DSA-Pepcoding/Basics/HelloWorld.java. Using fallback presentation compiler.
May 09, 2026 10:18:36 AM org.eclipse.lsp4j.jsonrpc.RemoteEndpoint handleCancellation
WARNING: Unmatched cancel notification for request id 163
2026.05.09 10:18:35 INFO  no build target found for /home/prerit/Projects-Code/My-Learning/DSA-Pepcoding/Basics/HelloWorld.java. Using fallback presentation compiler.
2026.05.09 10:18:35 INFO  no build target found for /home/prerit/Projects-Code/My-Learning/DSA-Pepcoding/Basics/HelloWorld.java. Using fallback presentation compiler.
2026.05.09 10:18:36 INFO  no build target found for /home/prerit/Projects-Code/My-Learning/DSA-Pepcoding/Basics/HelloWorld.java. Using fallback presentation compiler.
2026.05.09 10:18:35 INFO  no build target found for /home/prerit/Projects-Code/My-Learning/DSA-Pepcoding/Basics/HelloWorld.java. Using fallback presentation compiler.
May 09, 2026 10:18:36 AM org.eclipse.lsp4j.jsonrpc.RemoteEndpoint handleCancellation
WARNING: Unmatched cancel notification for request id 166
May 09, 2026 10:18:36 AM org.eclipse.lsp4j.jsonrpc.RemoteEndpoint handleCancellation
WARNING: Unmatched cancel notification for request id 167
2026.05.09 10:18:37 INFO  no build target found for /home/prerit/Projects-Code/My-Learning/DSA-Pepcoding/Basics/HelloWorld.java. Using fallback presentation compiler.
May 09, 2026 10:18:38 AM org.eclipse.lsp4j.jsonrpc.RemoteEndpoint handleCancellation
WARNING: Unmatched cancel notification for request id 171
2026.05.09 10:18:38 INFO  no build target found for /home/prerit/Projects-Code/My-Learning/DSA-Pepcoding/Basics/HelloWorld.java. Using fallback presentation compiler.
2026.05.09 10:18:38 WARN  no build target for: /home/prerit/Projects-Code/My-Learning/DSA-Pepcoding/Basics/HelloWorld.java
2026.05.09 10:18:38 INFO  no build target found for /home/prerit/Projects-Code/My-Learning/DSA-Pepcoding/Basics/HelloWorld.java. Using fallback presentation compiler.
2026.05.09 10:18:39 INFO  no build target found for /home/prerit/Projects-Code/My-Learning/DSA-Pepcoding/Basics/HelloWorld.java. Using fallback presentation compiler.
2026.05.09 10:18:39 INFO  no build target found for /home/prerit/Projects-Code/My-Learning/DSA-Pepcoding/Basics/HelloWorld.java. Using fallback presentation compiler.
2026.05.09 10:18:39 INFO  no build target found for /home/prerit/Projects-Code/My-Learning/DSA-Pepcoding/Basics/HelloWorld.java. Using fallback presentation compiler.
2026.05.09 10:18:41 INFO  no build target found for /home/prerit/Projects-Code/My-Learning/DSA-Pepcoding/Basics/HelloWorld.java. Using fallback presentation compiler.
2026.05.09 10:18:41 INFO  no build target found for /home/prerit/Projects-Code/My-Learning/DSA-Pepcoding/Basics/HelloWorld.java. Using fallback presentation compiler.
2026.05.09 10:18:41 INFO  no build target found for /home/prerit/Projects-Code/My-Learning/DSA-Pepcoding/Basics/HelloWorld.java. Using fallback presentation compiler.
May 09, 2026 10:18:41 AM org.eclipse.lsp4j.jsonrpc.RemoteEndpoint handleCancellation
WARNING: Unmatched cancel notification for request id 176
2026.05.09 10:18:41 INFO  no build target found for /home/prerit/Projects-Code/My-Learning/DSA-Pepcoding/Basics/HelloWorld.java. Using fallback presentation compiler.
2026.05.09 10:18:41 WARN  Running javac-semanticdb failed for file:///home/prerit/Projects-Code/My-Learning/DSA-Pepcoding/Basics/HelloWorld.java. Output:

May 09, 2026 10:18:41 AM org.eclipse.lsp4j.jsonrpc.RemoteEndpoint handleCancellation
WARNING: Unmatched cancel notification for request id 181
2026.05.09 10:18:41 WARN  no build target for: /home/prerit/Projects-Code/My-Learning/DSA-Pepcoding/Basics/HelloWorld.java
2026.05.09 10:18:41 INFO  no build target found for /home/prerit/Projects-Code/My-Learning/DSA-Pepcoding/Basics/HelloWorld.java. Using fallback presentation compiler.
2026.05.09 10:18:42 INFO  no build target found for /home/prerit/Projects-Code/My-Learning/DSA-Pepcoding/Basics/HelloWorld.java. Using fallback presentation compiler.
2026.05.09 10:18:42 INFO  no build target found for /home/prerit/Projects-Code/My-Learning/DSA-Pepcoding/Basics/HelloWorld.java. Using fallback presentation compiler.
2026.05.09 10:18:42 INFO  no build target found for /home/prerit/Projects-Code/My-Learning/DSA-Pepcoding/Basics/HelloWorld.java. Using fallback presentation compiler.
2026.05.09 10:18:43 INFO  no build target found for /home/prerit/Projects-Code/My-Learning/DSA-Pepcoding/Basics/HelloWorld.java. Using fallback presentation compiler.
2026.05.09 10:18:44 INFO  no build target found for /home/prerit/Projects-Code/My-Learning/DSA-Pepcoding/Basics/HelloWorld.java. Using fallback presentation compiler.
2026.05.09 10:18:44 WARN  Running javac-semanticdb failed for file:///home/prerit/Projects-Code/My-Learning/DSA-Pepcoding/Basics/HelloWorld.java. Output:

2026.05.09 10:18:44 INFO  no build target found for /home/prerit/Projects-Code/My-Learning/DSA-Pepcoding/Basics/HelloWorld.java. Using fallback presentation compiler.
2026.05.09 10:18:44 INFO  no build target found for /home/prerit/Projects-Code/My-Learning/DSA-Pepcoding/Basics/HelloWorld.java. Using fallback presentation compiler.
May 09, 2026 10:18:45 AM org.eclipse.lsp4j.jsonrpc.RemoteEndpoint handleCancellation
WARNING: Unmatched cancel notification for request id 194
2026.05.09 10:18:45 WARN  no build target for: /home/prerit/Projects-Code/My-Learning/DSA-Pepcoding/Basics/HelloWorld.java
2026.05.09 10:18:45 INFO  no build target found for /home/prerit/Projects-Code/My-Learning/DSA-Pepcoding/Basics/HelloWorld.java. Using fallback presentation compiler.
2026.05.09 10:18:45 INFO  no build target found for /home/prerit/Projects-Code/My-Learning/DSA-Pepcoding/Basics/HelloWorld.java. Using fallback presentation compiler.
2026.05.09 10:18:45 INFO  no build target found for /home/prerit/Projects-Code/My-Learning/DSA-Pepcoding/Basics/HelloWorld.java. Using fallback presentation compiler.
2026.05.09 10:18:47 INFO  no build target found for /home/prerit/Projects-Code/My-Learning/DSA-Pepcoding/Basics/HelloWorld.java. Using fallback presentation compiler.
2026.05.09 10:18:48 INFO  no build target found for /home/prerit/Projects-Code/My-Learning/DSA-Pepcoding/Basics/HelloWorld.java. Using fallback presentation compiler.
2026.05.09 10:18:48 INFO  no build target found for /home/prerit/Projects-Code/My-Learning/DSA-Pepcoding/Basics/HelloWorld.java. Using fallback presentation compiler.
2026.05.09 10:18:48 INFO  no build target found for /home/prerit/Projects-Code/My-Learning/DSA-Pepcoding/Basics/HelloWorld.java. Using fallback presentation compiler.
2026.05.09 10:18:48 INFO  no build target found for /home/prerit/Projects-Code/My-Learning/DSA-Pepcoding/Basics/HelloWorld.java. Using fallback presentation compiler.
2026.05.09 10:18:49 WARN  no build target for: /home/prerit/Projects-Code/My-Learning/DSA-Pepcoding/Basics/HelloWorld.java
2026.05.09 10:18:51 INFO  no build target found for /home/prerit/Projects-Code/My-Learning/DSA-Pepcoding/Basics/HelloWorld.java. Using fallback presentation compiler.
May 09, 2026 10:19:41 AM org.eclipse.lsp4j.jsonrpc.services.GenericEndpoint notify
INFO: Unsupported notification method: $/setTrace
2026.05.09 10:20:00 INFO  no build target found for /home/prerit/Projects-Code/My-Learning/DSA-Pepcoding/Basics/HelloWorld.java. Using fallback presentation compiler.
2026.05.09 10:20:00 INFO  no build target found for /home/prerit/Projects-Code/My-Learning/DSA-Pepcoding/Basics/HelloWorld.java. Using fallback presentation compiler.
2026.05.09 10:20:07 INFO  no build target found for /home/prerit/Projects-Code/My-Learning/DSA-Pepcoding/Basics/HelloWorld.java. Using fallback presentation compiler.
2026.05.09 10:20:07 INFO  no build target found for /home/prerit/Projects-Code/My-Learning/DSA-Pepcoding/Basics/HelloWorld.java. Using fallback presentation compiler.
2026.05.09 10:20:12 INFO  no build target found for /home/prerit/Projects-Code/My-Learning/DSA-Pepcoding/Basics/HelloWorld.java. Using fallback presentation compiler.
2026.05.09 10:20:22 INFO  no build target found for /home/prerit/Projects-Code/My-Learning/DSA-Pepcoding/Basics/HelloWorld.java. Using fallback presentation compiler.
May 09, 2026 10:21:30 AM org.eclipse.lsp4j.jsonrpc.services.GenericEndpoint notify
INFO: Unsupported notification method: $/setTrace
May 09, 2026 10:21:50 AM org.eclipse.lsp4j.jsonrpc.services.GenericEndpoint notify
INFO: Unsupported notification method: $/setTrace
2026.05.09 10:24:23 INFO  no build target found for /home/prerit/Projects-Code/My-Learning/DSA-Pepcoding/Basics/HelloWorld.java. Using fallback presentation compiler.
2026.05.09 10:24:23 INFO  no build target found for /home/prerit/Projects-Code/My-Learning/DSA-Pepcoding/Basics/HelloWorld.java. Using fallback presentation compiler.
2026.05.09 10:26:09 INFO  no build target found for /home/prerit/Projects-Code/My-Learning/DSA-Pepcoding/Basics/HelloWorld.java. Using fallback presentation compiler.
2026.05.09 10:26:10 INFO  no build target found for /home/prerit/Projects-Code/My-Learning/DSA-Pepcoding/Basics/HelloWorld.java. Using fallback presentation compiler.
2026.05.09 10:26:10 INFO  no build target found for /home/prerit/Projects-Code/My-Learning/DSA-Pepcoding/Basics/HelloWorld.java. Using fallback presentation compiler.
2026.05.09 10:26:12 INFO  no build target found for /home/prerit/Projects-Code/My-Learning/DSA-Pepcoding/Basics/HelloWorld.java. Using fallback presentation compiler.
2026.05.09 10:26:12 INFO  no build target found for /home/prerit/Projects-Code/My-Learning/DSA-Pepcoding/Basics/HelloWorld.java. Using fallback presentation compiler.
2026.05.09 10:26:12 INFO  no build target found for /home/prerit/Projects-Code/My-Learning/DSA-Pepcoding/Basics/HelloWorld.java. Using fallback presentation compiler.
2026.05.09 10:26:12 INFO  no build target found for /home/prerit/Projects-Code/My-Learning/DSA-Pepcoding/Basics/HelloWorld.java. Using fallback presentation compiler.
2026.05.09 10:26:14 INFO  no build target found for /home/prerit/Projects-Code/My-Learning/DSA-Pepcoding/Basics/HelloWorld.java. Using fallback presentation compiler.
2026.05.09 10:26:14 INFO  no build target found for /home/prerit/Projects-Code/My-Learning/DSA-Pepcoding/Basics/HelloWorld.java. Using fallback presentation compiler.
May 09, 2026 10:26:15 AM org.eclipse.lsp4j.jsonrpc.RemoteEndpoint handleCancellation
WARNING: Unmatched cancel notification for request id 257
2026.05.09 10:26:14 INFO  no build target found for /home/prerit/Projects-Code/My-Learning/DSA-Pepcoding/Basics/HelloWorld.java. Using fallback presentation compiler.
2026.05.09 10:26:14 INFO  no build target found for /home/prerit/Projects-Code/My-Learning/DSA-Pepcoding/Basics/HelloWorld.java. Using fallback presentation compiler.
2026.05.09 10:26:15 INFO  no build target found for /home/prerit/Projects-Code/My-Learning/DSA-Pepcoding/Basics/HelloWorld.java. Using fallback presentation compiler.
2026.05.09 10:26:16 WARN  no build target for: /home/prerit/Projects-Code/My-Learning/DSA-Pepcoding/Basics/HelloWorld.java
2026.05.09 10:26:16 INFO  no build target found for /home/prerit/Projects-Code/My-Learning/DSA-Pepcoding/Basics/HelloWorld.java. Using fallback presentation compiler.
2026.05.09 10:26:18 INFO  no build target found for /home/prerit/Projects-Code/My-Learning/DSA-Pepcoding/Basics/HelloWorld.java. Using fallback presentation compiler.
2026.05.09 10:26:18 INFO  no build target found for /home/prerit/Projects-Code/My-Learning/DSA-Pepcoding/Basics/HelloWorld.java. Using fallback presentation compiler.
2026.05.09 10:26:19 INFO  no build target found for /home/prerit/Projects-Code/My-Learning/DSA-Pepcoding/Basics/HelloWorld.java. Using fallback presentation compiler.
2026.05.09 10:26:19 INFO  no build target found for /home/prerit/Projects-Code/My-Learning/DSA-Pepcoding/Basics/HelloWorld.java. Using fallback presentation compiler.
2026.05.09 10:26:19 INFO  no build target found for /home/prerit/Projects-Code/My-Learning/DSA-Pepcoding/Basics/HelloWorld.java. Using fallback presentation compiler.
2026.05.09 10:26:19 INFO  no build target found for /home/prerit/Projects-Code/My-Learning/DSA-Pepcoding/Basics/HelloWorld.java. Using fallback presentation compiler.
May 09, 2026 10:26:20 AM org.eclipse.lsp4j.jsonrpc.RemoteEndpoint handleCancellation
WARNING: Unmatched cancel notification for request id 270
2026.05.09 10:26:22 INFO  no build target found for /home/prerit/Projects-Code/My-Learning/DSA-Pepcoding/Basics/HelloWorld.java. Using fallback presentation compiler.
May 09, 2026 10:26:22 AM org.eclipse.lsp4j.jsonrpc.RemoteEndpoint handleCancellation
WARNING: Unmatched cancel notification for request id 271
2026.05.09 10:26:22 INFO  no build target found for /home/prerit/Projects-Code/My-Learning/DSA-Pepcoding/Basics/HelloWorld.java. Using fallback presentation compiler.
2026.05.09 10:26:22 INFO  no build target found for /home/prerit/Projects-Code/My-Learning/DSA-Pepcoding/Basics/HelloWorld.java. Using fallback presentation compiler.
2026.05.09 10:26:22 INFO  no build target found for /home/prerit/Projects-Code/My-Learning/DSA-Pepcoding/Basics/HelloWorld.java. Using fallback presentation compiler.
2026.05.09 10:26:22 INFO  no build target found for /home/prerit/Projects-Code/My-Learning/DSA-Pepcoding/Basics/HelloWorld.java. Using fallback presentation compiler.
2026.05.09 10:26:23 INFO  QDox parse error in file:///home/prerit/Projects-Code/My-Learning/DSA-Pepcoding/Basics/HelloWorld.java (full report at: "/home/prerit/Projects-Code/My-Learning/DSA-Pepcoding/.metals/.reports/metals-full/2026-05-09/r_qdox-error_10-15-47-655.md")
2026.05.09 10:26:23 WARN  no build target for: /home/prerit/Projects-Code/My-Learning/DSA-Pepcoding/Basics/HelloWorld.java
2026.05.09 10:26:24 INFO  no build target found for /home/prerit/Projects-Code/My-Learning/DSA-Pepcoding/Basics/HelloWorld.java. Using fallback presentation compiler.
2026.05.09 10:26:24 INFO  no build target found for /home/prerit/Projects-Code/My-Learning/DSA-Pepcoding/Basics/HelloWorld.java. Using fallback presentation compiler.
2026.05.09 10:26:24 INFO  no build target found for /home/prerit/Projects-Code/My-Learning/DSA-Pepcoding/Basics/HelloWorld.java. Using fallback presentation compiler.
2026.05.09 10:26:25 INFO  no build target found for /home/prerit/Projects-Code/My-Learning/DSA-Pepcoding/Basics/HelloWorld.java. Using fallback presentation compiler.
2026.05.09 10:26:25 WARN  Running javac-semanticdb failed for file:///home/prerit/Projects-Code/My-Learning/DSA-Pepcoding/Basics/HelloWorld.java. Output:

2026.05.09 10:26:25 WARN  no build target for: /home/prerit/Projects-Code/My-Learning/DSA-Pepcoding/Basics/HelloWorld.java
2026.05.09 10:26:25 INFO  QDox parse error in file:///home/prerit/Projects-Code/My-Learning/DSA-Pepcoding/Basics/HelloWorld.java (full report at: "/home/prerit/Projects-Code/My-Learning/DSA-Pepcoding/.metals/.reports/metals-full/2026-05-09/r_qdox-error_10-15-47-655.md")
2026.05.09 10:26:25 INFO  no build target found for /home/prerit/Projects-Code/My-Learning/DSA-Pepcoding/Basics/HelloWorld.java. Using fallback presentation compiler.
2026.05.09 10:26:28 INFO  no build target found for /home/prerit/Projects-Code/My-Learning/DSA-Pepcoding/Basics/HelloWorld.java. Using fallback presentation compiler.
2026.05.09 10:26:28 INFO  no build target found for /home/prerit/Projects-Code/My-Learning/DSA-Pepcoding/Basics/HelloWorld.java. Using fallback presentation compiler.
2026.05.09 10:26:28 INFO  no build target found for /home/prerit/Projects-Code/My-Learning/DSA-Pepcoding/Basics/HelloWorld.java. Using fallback presentation compiler.
2026.05.09 10:26:29 INFO  no build target found for /home/prerit/Projects-Code/My-Learning/DSA-Pepcoding/Basics/HelloWorld.java. Using fallback presentation compiler.
2026.05.09 10:26:29 INFO  no build target found for /home/prerit/Projects-Code/My-Learning/DSA-Pepcoding/Basics/HelloWorld.java. Using fallback presentation compiler.
2026.05.09 10:26:29 INFO  no build target found for /home/prerit/Projects-Code/My-Learning/DSA-Pepcoding/Basics/HelloWorld.java. Using fallback presentation compiler.
2026.05.09 10:26:29 INFO  no build target found for /home/prerit/Projects-Code/My-Learning/DSA-Pepcoding/Basics/HelloWorld.java. Using fallback presentation compiler.
2026.05.09 10:26:31 INFO  no build target found for /home/prerit/Projects-Code/My-Learning/DSA-Pepcoding/Basics/HelloWorld.java. Using fallback presentation compiler.
2026.05.09 10:26:31 WARN  Running javac-semanticdb failed for file:///home/prerit/Projects-Code/My-Learning/DSA-Pepcoding/Basics/HelloWorld.java. Output:

2026.05.09 10:26:31 INFO  no build target found for /home/prerit/Projects-Code/My-Learning/DSA-Pepcoding/Basics/HelloWorld.java. Using fallback presentation compiler.
2026.05.09 10:26:31 WARN  no build target for: /home/prerit/Projects-Code/My-Learning/DSA-Pepcoding/Basics/HelloWorld.java
2026.05.09 10:26:31 INFO  QDox parse error in file:///home/prerit/Projects-Code/My-Learning/DSA-Pepcoding/Basics/HelloWorld.java (full report at: "/home/prerit/Projects-Code/My-Learning/DSA-Pepcoding/.metals/.reports/metals-full/2026-05-09/r_qdox-error_10-15-47-655.md")
2026.05.09 10:26:31 INFO  no build target found for /home/prerit/Projects-Code/My-Learning/DSA-Pepcoding/Basics/HelloWorld.java. Using fallback presentation compiler.
2026.05.09 10:26:32 INFO  no build target found for /home/prerit/Projects-Code/My-Learning/DSA-Pepcoding/Basics/HelloWorld.java. Using fallback presentation compiler.
2026.05.09 10:26:32 INFO  no build target found for /home/prerit/Projects-Code/My-Learning/DSA-Pepcoding/Basics/HelloWorld.java. Using fallback presentation compiler.
2026.05.09 10:26:33 INFO  no build target found for /home/prerit/Projects-Code/My-Learning/DSA-Pepcoding/Basics/HelloWorld.java. Using fallback presentation compiler.
2026.05.09 10:26:32 INFO  no build target found for /home/prerit/Projects-Code/My-Learning/DSA-Pepcoding/Basics/HelloWorld.java. Using fallback presentation compiler.
2026.05.09 10:26:33 WARN  no build target for: /home/prerit/Projects-Code/My-Learning/DSA-Pepcoding/Basics/HelloWorld.java
2026.05.09 10:26:33 INFO  QDox parse error in file:///home/prerit/Projects-Code/My-Learning/DSA-Pepcoding/Basics/HelloWorld.java (full report at: "/home/prerit/Projects-Code/My-Learning/DSA-Pepcoding/.metals/.reports/metals-full/2026-05-09/r_qdox-error_10-15-47-655.md")
2026.05.09 10:26:33 WARN  Running javac-semanticdb failed for file:///home/prerit/Projects-Code/My-Learning/DSA-Pepcoding/Basics/HelloWorld.java. Output:

2026.05.09 10:26:35 INFO  no build target found for /home/prerit/Projects-Code/My-Learning/DSA-Pepcoding/Basics/HelloWorld.java. Using fallback presentation compiler.
2026.05.09 10:26:35 INFO  no build target found for /home/prerit/Projects-Code/My-Learning/DSA-Pepcoding/Basics/HelloWorld.java. Using fallback presentation compiler.
2026.05.09 10:26:35 INFO  no build target found for /home/prerit/Projects-Code/My-Learning/DSA-Pepcoding/Basics/HelloWorld.java. Using fallback presentation compiler.
2026.05.09 10:26:36 INFO  no build target found for /home/prerit/Projects-Code/My-Learning/DSA-Pepcoding/Basics/HelloWorld.java. Using fallback presentation compiler.
2026.05.09 10:26:36 INFO  no build target found for /home/prerit/Projects-Code/My-Learning/DSA-Pepcoding/Basics/HelloWorld.java. Using fallback presentation compiler.
May 09, 2026 10:26:36 AM org.eclipse.lsp4j.jsonrpc.RemoteEndpoint handleCancellation
WARNING: Unmatched cancel notification for request id 321
May 09, 2026 10:26:36 AM org.eclipse.lsp4j.jsonrpc.RemoteEndpoint handleCancellation
WARNING: Unmatched cancel notification for request id 319
2026.05.09 10:26:36 INFO  no build target found for /home/prerit/Projects-Code/My-Learning/DSA-Pepcoding/Basics/HelloWorld.java. Using fallback presentation compiler.
2026.05.09 10:26:36 INFO  no build target found for /home/prerit/Projects-Code/My-Learning/DSA-Pepcoding/Basics/HelloWorld.java. Using fallback presentation compiler.
2026.05.09 10:26:38 INFO  no build target found for /home/prerit/Projects-Code/My-Learning/DSA-Pepcoding/Basics/HelloWorld.java. Using fallback presentation compiler.
2026.05.09 10:26:38 WARN  Running javac-semanticdb failed for file:///home/prerit/Projects-Code/My-Learning/DSA-Pepcoding/Basics/HelloWorld.java. Output:

2026.05.09 10:26:38 INFO  no build target found for /home/prerit/Projects-Code/My-Learning/DSA-Pepcoding/Basics/HelloWorld.java. Using fallback presentation compiler.
2026.05.09 10:26:38 INFO  no build target found for /home/prerit/Projects-Code/My-Learning/DSA-Pepcoding/Basics/HelloWorld.java. Using fallback presentation compiler.
2026.05.09 10:26:38 INFO  no build target found for /home/prerit/Projects-Code/My-Learning/DSA-Pepcoding/Basics/HelloWorld.java. Using fallback presentation compiler.
2026.05.09 10:26:39 WARN  no build target for: /home/prerit/Projects-Code/My-Learning/DSA-Pepcoding/Basics/HelloWorld.java
2026.05.09 10:26:39 INFO  no build target found for /home/prerit/Projects-Code/My-Learning/DSA-Pepcoding/Basics/HelloWorld.java. Using fallback presentation compiler.
2026.05.09 10:26:40 INFO  no build target found for /home/prerit/Projects-Code/My-Learning/DSA-Pepcoding/Basics/HelloWorld.java. Using fallback presentation compiler.
May 09, 2026 10:26:40 AM org.eclipse.lsp4j.jsonrpc.RemoteEndpoint handleCancellation
WARNING: Unmatched cancel notification for request id 337
2026.05.09 10:26:40 INFO  no build target found for /home/prerit/Projects-Code/My-Learning/DSA-Pepcoding/Basics/HelloWorld.java. Using fallback presentation compiler.
2026.05.09 10:26:41 INFO  no build target found for /home/prerit/Projects-Code/My-Learning/DSA-Pepcoding/Basics/HelloWorld.java. Using fallback presentation compiler.
2026.05.09 10:26:41 INFO  no build target found for /home/prerit/Projects-Code/My-Learning/DSA-Pepcoding/Basics/HelloWorld.java. Using fallback presentation compiler.
2026.05.09 10:26:41 INFO  no build target found for /home/prerit/Projects-Code/My-Learning/DSA-Pepcoding/Basics/HelloWorld.java. Using fallback presentation compiler.
2026.05.09 10:26:43 INFO  no build target found for /home/prerit/Projects-Code/My-Learning/DSA-Pepcoding/Basics/HelloWorld.java. Using fallback presentation compiler.
2026.05.09 10:26:43 INFO  no build target found for /home/prerit/Projects-Code/My-Learning/DSA-Pepcoding/Basics/HelloWorld.java. Using fallback presentation compiler.
2026.05.09 10:26:47 INFO  no build target found for /home/prerit/Projects-Code/My-Learning/DSA-Pepcoding/Basics/HelloWorld.java. Using fallback presentation compiler.
2026.05.09 10:26:47 INFO  no build target found for /home/prerit/Projects-Code/My-Learning/DSA-Pepcoding/Basics/HelloWorld.java. Using fallback presentation compiler.
2026.05.09 10:26:47 INFO  no build target found for /home/prerit/Projects-Code/My-Learning/DSA-Pepcoding/Basics/HelloWorld.java. Using fallback presentation compiler.
2026.05.09 10:26:47 INFO  no build target found for /home/prerit/Projects-Code/My-Learning/DSA-Pepcoding/Basics/HelloWorld.java. Using fallback presentation compiler.
2026.05.09 10:26:47 INFO  no build target found for /home/prerit/Projects-Code/My-Learning/DSA-Pepcoding/Basics/HelloWorld.java. Using fallback presentation compiler.
2026.05.09 10:26:47 INFO  no build target found for /home/prerit/Projects-Code/My-Learning/DSA-Pepcoding/Basics/HelloWorld.java. Using fallback presentation compiler.
2026.05.09 10:26:47 INFO  no build target found for /home/prerit/Projects-Code/My-Learning/DSA-Pepcoding/Basics/HelloWorld.java. Using fallback presentation compiler.
2026.05.09 10:26:47 INFO  no build target found for /home/prerit/Projects-Code/My-Learning/DSA-Pepcoding/Basics/HelloWorld.java. Using fallback presentation compiler.
2026.05.09 10:26:49 INFO  no build target found for /home/prerit/Projects-Code/My-Learning/DSA-Pepcoding/Basics/HelloWorld.java. Using fallback presentation compiler.
2026.05.09 10:26:49 INFO  no build target found for /home/prerit/Projects-Code/My-Learning/DSA-Pepcoding/Basics/HelloWorld.java. Using fallback presentation compiler.
2026.05.09 10:26:49 INFO  no build target found for /home/prerit/Projects-Code/My-Learning/DSA-Pepcoding/Basics/HelloWorld.java. Using fallback presentation compiler.
2026.05.09 10:27:31 WARN  no build target for: /home/prerit/Projects-Code/My-Learning/DSA-Pepcoding/Basics/HelloWorld.java
2026.05.09 10:27:31 INFO  no build target found for /home/prerit/Projects-Code/My-Learning/DSA-Pepcoding/Basics/HelloWorld.java. Using fallback presentation compiler.
May 09, 2026 10:28:44 AM org.eclipse.lsp4j.jsonrpc.services.GenericEndpoint notify
INFO: Unsupported notification method: $/setTrace
2026.05.09 10:30:48 INFO  no build target found for /home/prerit/Projects-Code/My-Learning/DSA-Pepcoding/Basics/HelloWorld.java. Using fallback presentation compiler.
2026.05.09 10:30:48 WARN  no build target for: /home/prerit/Projects-Code/My-Learning/DSA-Pepcoding/Basics/HelloWorld.java
2026.05.09 10:30:49 INFO  no build target found for /home/prerit/Projects-Code/My-Learning/DSA-Pepcoding/Basics/HelloWorld.java. Using fallback presentation compiler.
2026.05.09 10:30:50 INFO  no build target found for /home/prerit/Projects-Code/My-Learning/DSA-Pepcoding/Basics/HelloWorld.java. Using fallback presentation compiler.
2026.05.09 10:30:50 INFO  no build target found for /home/prerit/Projects-Code/My-Learning/DSA-Pepcoding/Basics/HelloWorld.java. Using fallback presentation compiler.
2026.05.09 10:30:50 INFO  no build target found for /home/prerit/Projects-Code/My-Learning/DSA-Pepcoding/Basics/HelloWorld.java. Using fallback presentation compiler.
2026.05.09 10:30:53 INFO  no build target found for /home/prerit/Projects-Code/My-Learning/DSA-Pepcoding/Basics/HelloWorld.java. Using fallback presentation compiler.
2026.05.09 10:30:53 INFO  no build target found for /home/prerit/Projects-Code/My-Learning/DSA-Pepcoding/Basics/HelloWorld.java. Using fallback presentation compiler.
2026.05.09 10:30:53 INFO  no build target found for /home/prerit/Projects-Code/My-Learning/DSA-Pepcoding/Basics/HelloWorld.java. Using fallback presentation compiler.
2026.05.09 10:30:53 INFO  no build target found for /home/prerit/Projects-Code/My-Learning/DSA-Pepcoding/Basics/HelloWorld.java. Using fallback presentation compiler.
2026.05.09 10:30:54 INFO  no build target found for /home/prerit/Projects-Code/My-Learning/DSA-Pepcoding/Basics/HelloWorld.java. Using fallback presentation compiler.
2026.05.09 10:30:55 INFO  no build target found for /home/prerit/Projects-Code/My-Learning/DSA-Pepcoding/Basics/HelloWorld.java. Using fallback presentation compiler.
2026.05.09 10:30:55 INFO  no build target found for /home/prerit/Projects-Code/My-Learning/DSA-Pepcoding/Basics/HelloWorld.java. Using fallback presentation compiler.
2026.05.09 10:30:58 INFO  no build target found for /home/prerit/Projects-Code/My-Learning/DSA-Pepcoding/Basics/HelloWorld.java. Using fallback presentation compiler.
2026.05.09 10:30:58 INFO  no build target found for /home/prerit/Projects-Code/My-Learning/DSA-Pepcoding/Basics/HelloWorld.java. Using fallback presentation compiler.
2026.05.09 10:30:58 INFO  no build target found for /home/prerit/Projects-Code/My-Learning/DSA-Pepcoding/Basics/HelloWorld.java. Using fallback presentation compiler.
2026.05.09 10:30:59 WARN  no build target for: /home/prerit/Projects-Code/My-Learning/DSA-Pepcoding/Basics/HelloWorld.java
2026.05.09 10:30:59 INFO  no build target found for /home/prerit/Projects-Code/My-Learning/DSA-Pepcoding/Basics/HelloWorld.java. Using fallback presentation compiler.
2026.05.09 10:31:00 INFO  no build target found for /home/prerit/Projects-Code/My-Learning/DSA-Pepcoding/Basics/HelloWorld.java. Using fallback presentation compiler.
2026.05.09 10:31:00 INFO  no build target found for /home/prerit/Projects-Code/My-Learning/DSA-Pepcoding/Basics/HelloWorld.java. Using fallback presentation compiler.
2026.05.09 10:31:02 INFO  no build target found for /home/prerit/Projects-Code/My-Learning/DSA-Pepcoding/Basics/HelloWorld.java. Using fallback presentation compiler.
2026.05.09 10:31:03 INFO  no build target found for /home/prerit/Projects-Code/My-Learning/DSA-Pepcoding/Basics/HelloWorld.java. Using fallback presentation compiler.
2026.05.09 10:31:08 INFO  no build target found for /home/prerit/Projects-Code/My-Learning/DSA-Pepcoding/Basics/HelloWorld.java. Using fallback presentation compiler.
2026.05.09 10:31:12 INFO  no build target found for /home/prerit/Projects-Code/My-Learning/DSA-Pepcoding/Basics/HelloWorld.java. Using fallback presentation compiler.
2026.05.09 10:31:37 INFO  no build target found for /home/prerit/Projects-Code/My-Learning/DSA-Pepcoding/Basics/HelloWorld.java. Using fallback presentation compiler.
2026.05.09 10:31:37 INFO  no build target found for /home/prerit/Projects-Code/My-Learning/DSA-Pepcoding/Basics/HelloWorld.java. Using fallback presentation compiler.
2026.05.09 10:31:37 INFO  no build target found for /home/prerit/Projects-Code/My-Learning/DSA-Pepcoding/Basics/HelloWorld.java. Using fallback presentation compiler.
2026.05.09 10:31:39 INFO  no build target found for /home/prerit/Projects-Code/My-Learning/DSA-Pepcoding/Basics/HelloWorld.java. Using fallback presentation compiler.
2026.05.09 10:31:39 INFO  no build target found for /home/prerit/Projects-Code/My-Learning/DSA-Pepcoding/Basics/HelloWorld.java. Using fallback presentation compiler.
2026.05.09 10:31:40 WARN  no build target for: /home/prerit/Projects-Code/My-Learning/DSA-Pepcoding/Basics/HelloWorld.java
2026.05.09 10:31:40 INFO  no build target found for /home/prerit/Projects-Code/My-Learning/DSA-Pepcoding/Basics/HelloWorld.java. Using fallback presentation compiler.
2026.05.09 10:31:41 INFO  no build target found for /home/prerit/Projects-Code/My-Learning/DSA-Pepcoding/Basics/HelloWorld.java. Using fallback presentation compiler.
2026.05.09 10:31:40 INFO  no build target found for /home/prerit/Projects-Code/My-Learning/DSA-Pepcoding/Basics/HelloWorld.java. Using fallback presentation compiler.
2026.05.09 10:31:41 WARN  no build target for: /home/prerit/Projects-Code/My-Learning/DSA-Pepcoding/Basics/HelloWorld.java
2026.05.09 10:31:42 INFO  no build target found for /home/prerit/Projects-Code/My-Learning/DSA-Pepcoding/Basics/HelloWorld.java. Using fallback presentation compiler.
2026.05.09 10:31:42 INFO  no build target found for /home/prerit/Projects-Code/My-Learning/DSA-Pepcoding/Basics/HelloWorld.java. Using fallback presentation compiler.
2026.05.09 10:31:43 INFO  no build target found for /home/prerit/Projects-Code/My-Learning/DSA-Pepcoding/Basics/HelloWorld.java. Using fallback presentation compiler.
2026.05.09 10:31:43 INFO  no build target found for /home/prerit/Projects-Code/My-Learning/DSA-Pepcoding/Basics/HelloWorld.java. Using fallback presentation compiler.
2026.05.09 10:31:43 INFO  no build target found for /home/prerit/Projects-Code/My-Learning/DSA-Pepcoding/Basics/HelloWorld.java. Using fallback presentation compiler.
2026.05.09 10:31:44 INFO  no build target found for /home/prerit/Projects-Code/My-Learning/DSA-Pepcoding/Basics/HelloWorld.java. Using fallback presentation compiler.
2026.05.09 10:31:44 INFO  no build target found for /home/prerit/Projects-Code/My-Learning/DSA-Pepcoding/Basics/HelloWorld.java. Using fallback presentation compiler.
2026.05.09 10:31:44 INFO  no build target found for /home/prerit/Projects-Code/My-Learning/DSA-Pepcoding/Basics/HelloWorld.java. Using fallback presentation compiler.
2026.05.09 10:36:36 WARN  no build target for: /home/prerit/Projects-Code/My-Learning/DSA-Pepcoding/Basics/PrintZ.java
2026.05.09 10:36:36 WARN  Running javac-semanticdb failed for file:///home/prerit/Projects-Code/My-Learning/DSA-Pepcoding/Basics/PrintZ.java. Output:

2026.05.09 10:36:36 INFO  no build target found for /home/prerit/Projects-Code/My-Learning/DSA-Pepcoding/Basics/PrintZ.java. Using fallback presentation compiler.
May 09, 2026 10:36:38 AM org.eclipse.lsp4j.jsonrpc.RemoteEndpoint handleCancellation
WARNING: Unmatched cancel notification for request id 432
2026.05.09 10:36:38 INFO  no build target found for /home/prerit/Projects-Code/My-Learning/DSA-Pepcoding/Basics/PrintZ.java. Using fallback presentation compiler.
2026.05.09 10:36:38 INFO  no build target found for /home/prerit/Projects-Code/My-Learning/DSA-Pepcoding/Basics/PrintZ.java. Using fallback presentation compiler.
2026.05.09 10:36:38 INFO  no build target found for /home/prerit/Projects-Code/My-Learning/DSA-Pepcoding/Basics/PrintZ.java. Using fallback presentation compiler.
2026.05.09 10:36:38 INFO  no build target found for /home/prerit/Projects-Code/My-Learning/DSA-Pepcoding/Basics/PrintZ.java. Using fallback presentation compiler.
May 09, 2026 10:36:39 AM org.eclipse.lsp4j.jsonrpc.RemoteEndpoint handleCancellation
WARNING: Unmatched cancel notification for request id 435
May 09, 2026 10:36:39 AM org.eclipse.lsp4j.jsonrpc.RemoteEndpoint handleCancellation
WARNING: Unmatched cancel notification for request id 436
May 09, 2026 10:36:39 AM org.eclipse.lsp4j.jsonrpc.RemoteEndpoint handleCancellation
WARNING: Unmatched cancel notification for request id 437
2026.05.09 10:36:38 INFO  no build target found for /home/prerit/Projects-Code/My-Learning/DSA-Pepcoding/Basics/PrintZ.java. Using fallback presentation compiler.
2026.05.09 10:36:39 INFO  no build target found for /home/prerit/Projects-Code/My-Learning/DSA-Pepcoding/Basics/PrintZ.java. Using fallback presentation compiler.
2026.05.09 10:36:39 INFO  no build target found for /home/prerit/Projects-Code/My-Learning/DSA-Pepcoding/Basics/PrintZ.java. Using fallback presentation compiler.
2026.05.09 10:36:39 WARN  no build target for: /home/prerit/Projects-Code/My-Learning/DSA-Pepcoding/Basics/PrintZ.java
2026.05.09 10:36:40 INFO  no build target found for /home/prerit/Projects-Code/My-Learning/DSA-Pepcoding/Basics/PrintZ.java. Using fallback presentation compiler.
2026.05.09 10:36:39 INFO  no build target found for /home/prerit/Projects-Code/My-Learning/DSA-Pepcoding/Basics/HelloWorld.java. Using fallback presentation compiler.
2026.05.09 10:36:42 INFO  no build target found for /home/prerit/Projects-Code/My-Learning/DSA-Pepcoding/Basics/PrintZ.java. Using fallback presentation compiler.
2026.05.09 10:36:42 INFO  no build target found for /home/prerit/Projects-Code/My-Learning/DSA-Pepcoding/Basics/PrintZ.java. Using fallback presentation compiler.
2026.05.09 10:36:44 INFO  no build target found for /home/prerit/Projects-Code/My-Learning/DSA-Pepcoding/Basics/PrintZ.java. Using fallback presentation compiler.
2026.05.09 10:36:44 INFO  no build target found for /home/prerit/Projects-Code/My-Learning/DSA-Pepcoding/Basics/PrintZ.java. Using fallback presentation compiler.
2026.05.09 10:36:44 INFO  no build target found for /home/prerit/Projects-Code/My-Learning/DSA-Pepcoding/Basics/PrintZ.java. Using fallback presentation compiler.
2026.05.09 10:36:45 INFO  no build target found for /home/prerit/Projects-Code/My-Learning/DSA-Pepcoding/Basics/PrintZ.java. Using fallback presentation compiler.
2026.05.09 10:36:45 WARN  no build target for: /home/prerit/Projects-Code/My-Learning/DSA-Pepcoding/Basics/PrintZ.java
2026.05.09 10:36:45 INFO  Created report: Optional[file:///home/prerit/Projects-Code/My-Learning/DSA-Pepcoding/Basics/PrintZ.java]
2026.05.09 10:36:45 WARN  Running javac-semanticdb failed for file:///home/prerit/Projects-Code/My-Learning/DSA-Pepcoding/Basics/PrintZ.java. Output:

2026.05.09 10:36:45 INFO  QDox parse error in file:///home/prerit/Projects-Code/My-Learning/DSA-Pepcoding/Basics/PrintZ.java (full report at: "/home/prerit/Projects-Code/My-Learning/DSA-Pepcoding/.metals/.reports/metals-full/2026-05-09/r_qdox-error_10-36-45-738.md")
2026.05.09 10:36:45 INFO  no build target found for /home/prerit/Projects-Code/My-Learning/DSA-Pepcoding/Basics/PrintZ.java. Using fallback presentation compiler.
2026.05.09 10:36:45 INFO  no build target found for /home/prerit/Projects-Code/My-Learning/DSA-Pepcoding/Basics/PrintZ.java. Using fallback presentation compiler.
2026.05.09 10:36:46 INFO  no build target found for /home/prerit/Projects-Code/My-Learning/DSA-Pepcoding/Basics/PrintZ.java. Using fallback presentation compiler.
2026.05.09 10:36:46 INFO  no build target found for /home/prerit/Projects-Code/My-Learning/DSA-Pepcoding/Basics/PrintZ.java. Using fallback presentation compiler.
2026.05.09 10:36:46 INFO  no build target found for /home/prerit/Projects-Code/My-Learning/DSA-Pepcoding/Basics/PrintZ.java. Using fallback presentation compiler.
2026.05.09 10:36:48 INFO  QDox parse error in file:///home/prerit/Projects-Code/My-Learning/DSA-Pepcoding/Basics/PrintZ.java (full report at: "/home/prerit/Projects-Code/My-Learning/DSA-Pepcoding/.metals/.reports/metals-full/2026-05-09/r_qdox-error_10-36-45-738.md")
2026.05.09 10:36:48 WARN  no build target for: /home/prerit/Projects-Code/My-Learning/DSA-Pepcoding/Basics/PrintZ.java
2026.05.09 10:36:48 INFO  no build target found for /home/prerit/Projects-Code/My-Learning/DSA-Pepcoding/Basics/PrintZ.java. Using fallback presentation compiler.
2026.05.09 10:36:48 WARN  Running javac-semanticdb failed for file:///home/prerit/Projects-Code/My-Learning/DSA-Pepcoding/Basics/PrintZ.java. Output:

2026.05.09 10:36:49 INFO  no build target found for /home/prerit/Projects-Code/My-Learning/DSA-Pepcoding/Basics/PrintZ.java. Using fallback presentation compiler.
2026.05.09 10:36:49 INFO  no build target found for /home/prerit/Projects-Code/My-Learning/DSA-Pepcoding/Basics/PrintZ.java. Using fallback presentation compiler.
May 09, 2026 10:36:49 AM org.eclipse.lsp4j.jsonrpc.RemoteEndpoint handleCancellation
WARNING: Unmatched cancel notification for request id 471
2026.05.09 10:36:48 INFO  no build target found for /home/prerit/Projects-Code/My-Learning/DSA-Pepcoding/Basics/PrintZ.java. Using fallback presentation compiler.
2026.05.09 10:36:49 INFO  no build target found for /home/prerit/Projects-Code/My-Learning/DSA-Pepcoding/Basics/PrintZ.java. Using fallback presentation compiler.
2026.05.09 10:36:49 INFO  no build target found for /home/prerit/Projects-Code/My-Learning/DSA-Pepcoding/Basics/PrintZ.java. Using fallback presentation compiler.
2026.05.09 10:36:50 INFO  no build target found for /home/prerit/Projects-Code/My-Learning/DSA-Pepcoding/Basics/PrintZ.java. Using fallback presentation compiler.
2026.05.09 10:36:50 INFO  no build target found for /home/prerit/Projects-Code/My-Learning/DSA-Pepcoding/Basics/PrintZ.java. Using fallback presentation compiler.
2026.05.09 10:36:50 INFO  no build target found for /home/prerit/Projects-Code/My-Learning/DSA-Pepcoding/Basics/PrintZ.java. Using fallback presentation compiler.
2026.05.09 10:36:51 INFO  no build target found for /home/prerit/Projects-Code/My-Learning/DSA-Pepcoding/Basics/PrintZ.java. Using fallback presentation compiler.
2026.05.09 10:36:51 INFO  no build target found for /home/prerit/Projects-Code/My-Learning/DSA-Pepcoding/Basics/PrintZ.java. Using fallback presentation compiler.
2026.05.09 10:36:51 INFO  no build target found for /home/prerit/Projects-Code/My-Learning/DSA-Pepcoding/Basics/PrintZ.java. Using fallback presentation compiler.
2026.05.09 10:36:51 INFO  no build target found for /home/prerit/Projects-Code/My-Learning/DSA-Pepcoding/Basics/PrintZ.java. Using fallback presentation compiler.
2026.05.09 10:36:51 INFO  no build target found for /home/prerit/Projects-Code/My-Learning/DSA-Pepcoding/Basics/PrintZ.java. Using fallback presentation compiler.
2026.05.09 10:36:52 INFO  no build target found for /home/prerit/Projects-Code/My-Learning/DSA-Pepcoding/Basics/PrintZ.java. Using fallback presentation compiler.
2026.05.09 10:36:52 INFO  QDox parse error in file:///home/prerit/Projects-Code/My-Learning/DSA-Pepcoding/Basics/PrintZ.java (full report at: "/home/prerit/Projects-Code/My-Learning/DSA-Pepcoding/.metals/.reports/metals-full/2026-05-09/r_qdox-error_10-36-45-738.md")
2026.05.09 10:36:52 WARN  no build target for: /home/prerit/Projects-Code/My-Learning/DSA-Pepcoding/Basics/PrintZ.java
2026.05.09 10:36:52 INFO  no build target found for /home/prerit/Projects-Code/My-Learning/DSA-Pepcoding/Basics/PrintZ.java. Using fallback presentation compiler.
2026.05.09 10:36:52 WARN  Running javac-semanticdb failed for file:///home/prerit/Projects-Code/My-Learning/DSA-Pepcoding/Basics/PrintZ.java. Output:

2026.05.09 10:36:53 INFO  no build target found for /home/prerit/Projects-Code/My-Learning/DSA-Pepcoding/Basics/PrintZ.java. Using fallback presentation compiler.
2026.05.09 10:36:53 INFO  no build target found for /home/prerit/Projects-Code/My-Learning/DSA-Pepcoding/Basics/PrintZ.java. Using fallback presentation compiler.
2026.05.09 10:36:53 INFO  no build target found for /home/prerit/Projects-Code/My-Learning/DSA-Pepcoding/Basics/PrintZ.java. Using fallback presentation compiler.
May 09, 2026 10:36:54 AM org.eclipse.lsp4j.jsonrpc.RemoteEndpoint handleCancellation
WARNING: Unmatched cancel notification for request id 496
2026.05.09 10:36:53 INFO  no build target found for /home/prerit/Projects-Code/My-Learning/DSA-Pepcoding/Basics/PrintZ.java. Using fallback presentation compiler.
2026.05.09 10:36:53 INFO  no build target found for /home/prerit/Projects-Code/My-Learning/DSA-Pepcoding/Basics/PrintZ.java. Using fallback presentation compiler.
2026.05.09 10:36:54 INFO  no build target found for /home/prerit/Projects-Code/My-Learning/DSA-Pepcoding/Basics/PrintZ.java. Using fallback presentation compiler.
2026.05.09 10:36:55 INFO  no build target found for /home/prerit/Projects-Code/My-Learning/DSA-Pepcoding/Basics/PrintZ.java. Using fallback presentation compiler.
2026.05.09 10:36:55 INFO  no build target found for /home/prerit/Projects-Code/My-Learning/DSA-Pepcoding/Basics/PrintZ.java. Using fallback presentation compiler.
2026.05.09 10:36:55 INFO  no build target found for /home/prerit/Projects-Code/My-Learning/DSA-Pepcoding/Basics/PrintZ.java. Using fallback presentation compiler.
2026.05.09 10:36:55 INFO  QDox parse error in file:///home/prerit/Projects-Code/My-Learning/DSA-Pepcoding/Basics/PrintZ.java (full report at: "/home/prerit/Projects-Code/My-Learning/DSA-Pepcoding/.metals/.reports/metals-full/2026-05-09/r_qdox-error_10-36-45-738.md")
2026.05.09 10:36:55 WARN  no build target for: /home/prerit/Projects-Code/My-Learning/DSA-Pepcoding/Basics/PrintZ.java
2026.05.09 10:36:55 WARN  Running javac-semanticdb failed for file:///home/prerit/Projects-Code/My-Learning/DSA-Pepcoding/Basics/PrintZ.java. Output:

2026.05.09 10:36:55 INFO  no build target found for /home/prerit/Projects-Code/My-Learning/DSA-Pepcoding/Basics/PrintZ.java. Using fallback presentation compiler.
2026.05.09 10:36:56 INFO  no build target found for /home/prerit/Projects-Code/My-Learning/DSA-Pepcoding/Basics/PrintZ.java. Using fallback presentation compiler.
2026.05.09 10:36:56 INFO  no build target found for /home/prerit/Projects-Code/My-Learning/DSA-Pepcoding/Basics/PrintZ.java. Using fallback presentation compiler.
2026.05.09 10:36:56 INFO  no build target found for /home/prerit/Projects-Code/My-Learning/DSA-Pepcoding/Basics/PrintZ.java. Using fallback presentation compiler.
May 09, 2026 10:36:57 AM org.eclipse.lsp4j.jsonrpc.RemoteEndpoint handleCancellation
WARNING: Unmatched cancel notification for request id 514
2026.05.09 10:36:56 INFO  no build target found for /home/prerit/Projects-Code/My-Learning/DSA-Pepcoding/Basics/PrintZ.java. Using fallback presentation compiler.
2026.05.09 10:36:56 INFO  no build target found for /home/prerit/Projects-Code/My-Learning/DSA-Pepcoding/Basics/PrintZ.java. Using fallback presentation compiler.
2026.05.09 10:36:57 INFO  no build target found for /home/prerit/Projects-Code/My-Learning/DSA-Pepcoding/Basics/PrintZ.java. Using fallback presentation compiler.
2026.05.09 10:36:58 INFO  no build target found for /home/prerit/Projects-Code/My-Learning/DSA-Pepcoding/Basics/PrintZ.java. Using fallback presentation compiler.
2026.05.09 10:36:58 INFO  no build target found for /home/prerit/Projects-Code/My-Learning/DSA-Pepcoding/Basics/PrintZ.java. Using fallback presentation compiler.
May 09, 2026 10:36:58 AM org.eclipse.lsp4j.jsonrpc.RemoteEndpoint handleCancellation
WARNING: Unmatched cancel notification for request id 522
2026.05.09 10:36:58 INFO  no build target found for /home/prerit/Projects-Code/My-Learning/DSA-Pepcoding/Basics/PrintZ.java. Using fallback presentation compiler.
2026.05.09 10:36:58 INFO  QDox parse error in file:///home/prerit/Projects-Code/My-Learning/DSA-Pepcoding/Basics/PrintZ.java (full report at: "/home/prerit/Projects-Code/My-Learning/DSA-Pepcoding/.metals/.reports/metals-full/2026-05-09/r_qdox-error_10-36-45-738.md")
2026.05.09 10:36:58 WARN  no build target for: /home/prerit/Projects-Code/My-Learning/DSA-Pepcoding/Basics/PrintZ.java
2026.05.09 10:36:58 INFO  no build target found for /home/prerit/Projects-Code/My-Learning/DSA-Pepcoding/Basics/PrintZ.java. Using fallback presentation compiler.
2026.05.09 10:36:58 WARN  Running javac-semanticdb failed for file:///home/prerit/Projects-Code/My-Learning/DSA-Pepcoding/Basics/PrintZ.java. Output:

2026.05.09 10:36:59 INFO  no build target found for /home/prerit/Projects-Code/My-Learning/DSA-Pepcoding/Basics/PrintZ.java. Using fallback presentation compiler.
2026.05.09 10:36:59 INFO  no build target found for /home/prerit/Projects-Code/My-Learning/DSA-Pepcoding/Basics/PrintZ.java. Using fallback presentation compiler.
2026.05.09 10:36:59 INFO  no build target found for /home/prerit/Projects-Code/My-Learning/DSA-Pepcoding/Basics/PrintZ.java. Using fallback presentation compiler.
May 09, 2026 10:36:59 AM org.eclipse.lsp4j.jsonrpc.RemoteEndpoint handleCancellation
WARNING: Unmatched cancel notification for request id 528
2026.05.09 10:36:59 INFO  no build target found for /home/prerit/Projects-Code/My-Learning/DSA-Pepcoding/Basics/PrintZ.java. Using fallback presentation compiler.
2026.05.09 10:36:59 INFO  no build target found for /home/prerit/Projects-Code/My-Learning/DSA-Pepcoding/Basics/PrintZ.java. Using fallback presentation compiler.
2026.05.09 10:37:00 INFO  no build target found for /home/prerit/Projects-Code/My-Learning/DSA-Pepcoding/Basics/PrintZ.java. Using fallback presentation compiler.
2026.05.09 10:37:01 INFO  QDox parse error in file:///home/prerit/Projects-Code/My-Learning/DSA-Pepcoding/Basics/PrintZ.java (full report at: "/home/prerit/Projects-Code/My-Learning/DSA-Pepcoding/.metals/.reports/metals-full/2026-05-09/r_qdox-error_10-36-45-738.md")
2026.05.09 10:37:01 WARN  no build target for: /home/prerit/Projects-Code/My-Learning/DSA-Pepcoding/Basics/PrintZ.java
2026.05.09 10:37:01 WARN  Running javac-semanticdb failed for file:///home/prerit/Projects-Code/My-Learning/DSA-Pepcoding/Basics/PrintZ.java. Output:

2026.05.09 10:37:00 INFO  no build target found for /home/prerit/Projects-Code/My-Learning/DSA-Pepcoding/Basics/PrintZ.java. Using fallback presentation compiler.
2026.05.09 10:37:01 INFO  no build target found for /home/prerit/Projects-Code/My-Learning/DSA-Pepcoding/Basics/PrintZ.java. Using fallback presentation compiler.
2026.05.09 10:37:02 INFO  no build target found for /home/prerit/Projects-Code/My-Learning/DSA-Pepcoding/Basics/PrintZ.java. Using fallback presentation compiler.
2026.05.09 10:37:02 INFO  no build target found for /home/prerit/Projects-Code/My-Learning/DSA-Pepcoding/Basics/PrintZ.java. Using fallback presentation compiler.
2026.05.09 10:37:04 INFO  no build target found for /home/prerit/Projects-Code/My-Learning/DSA-Pepcoding/Basics/PrintZ.java. Using fallback presentation compiler.
2026.05.09 10:37:04 INFO  no build target found for /home/prerit/Projects-Code/My-Learning/DSA-Pepcoding/Basics/PrintZ.java. Using fallback presentation compiler.
2026.05.09 10:37:18 INFO  no build target found for /home/prerit/Projects-Code/My-Learning/DSA-Pepcoding/Basics/PrintZ.java. Using fallback presentation compiler.
2026.05.09 10:37:18 INFO  no build target found for /home/prerit/Projects-Code/My-Learning/DSA-Pepcoding/Basics/PrintZ.java. Using fallback presentation compiler.
2026.05.09 10:37:18 INFO  no build target found for /home/prerit/Projects-Code/My-Learning/DSA-Pepcoding/Basics/PrintZ.java. Using fallback presentation compiler.
2026.05.09 10:37:19 INFO  no build target found for /home/prerit/Projects-Code/My-Learning/DSA-Pepcoding/Basics/PrintZ.java. Using fallback presentation compiler.
2026.05.09 10:37:18 INFO  no build target found for /home/prerit/Projects-Code/My-Learning/DSA-Pepcoding/Basics/PrintZ.java. Using fallback presentation compiler.
2026.05.09 10:37:19 INFO  no build target found for /home/prerit/Projects-Code/My-Learning/DSA-Pepcoding/Basics/PrintZ.java. Using fallback presentation compiler.
2026.05.09 10:37:19 INFO  no build target found for /home/prerit/Projects-Code/My-Learning/DSA-Pepcoding/Basics/PrintZ.java. Using fallback presentation compiler.
2026.05.09 10:37:19 INFO  no build target found for /home/prerit/Projects-Code/My-Learning/DSA-Pepcoding/Basics/PrintZ.java. Using fallback presentation compiler.
2026.05.09 10:37:20 INFO  no build target found for /home/prerit/Projects-Code/My-Learning/DSA-Pepcoding/Basics/PrintZ.java. Using fallback presentation compiler.
2026.05.09 10:37:21 INFO  no build target found for /home/prerit/Projects-Code/My-Learning/DSA-Pepcoding/Basics/PrintZ.java. Using fallback presentation compiler.
2026.05.09 10:37:20 INFO  no build target found for /home/prerit/Projects-Code/My-Learning/DSA-Pepcoding/Basics/PrintZ.java. Using fallback presentation compiler.
2026.05.09 10:37:21 INFO  no build target found for /home/prerit/Projects-Code/My-Learning/DSA-Pepcoding/Basics/PrintZ.java. Using fallback presentation compiler.
2026.05.09 10:37:21 INFO  no build target found for /home/prerit/Projects-Code/My-Learning/DSA-Pepcoding/Basics/PrintZ.java. Using fallback presentation compiler.
2026.05.09 10:37:21 INFO  no build target found for /home/prerit/Projects-Code/My-Learning/DSA-Pepcoding/Basics/PrintZ.java. Using fallback presentation compiler.
2026.05.09 10:37:22 INFO  no build target found for /home/prerit/Projects-Code/My-Learning/DSA-Pepcoding/Basics/PrintZ.java. Using fallback presentation compiler.
2026.05.09 10:37:23 INFO  QDox parse error in file:///home/prerit/Projects-Code/My-Learning/DSA-Pepcoding/Basics/PrintZ.java (full report at: "/home/prerit/Projects-Code/My-Learning/DSA-Pepcoding/.metals/.reports/metals-full/2026-05-09/r_qdox-error_10-36-45-738.md")
2026.05.09 10:37:23 WARN  no build target for: /home/prerit/Projects-Code/My-Learning/DSA-Pepcoding/Basics/PrintZ.java
2026.05.09 10:37:23 INFO  no build target found for /home/prerit/Projects-Code/My-Learning/DSA-Pepcoding/Basics/PrintZ.java. Using fallback presentation compiler.
2026.05.09 10:37:23 WARN  Running javac-semanticdb failed for file:///home/prerit/Projects-Code/My-Learning/DSA-Pepcoding/Basics/PrintZ.java. Output:

2026.05.09 10:37:23 INFO  no build target found for /home/prerit/Projects-Code/My-Learning/DSA-Pepcoding/Basics/PrintZ.java. Using fallback presentation compiler.
2026.05.09 10:37:23 INFO  no build target found for /home/prerit/Projects-Code/My-Learning/DSA-Pepcoding/Basics/PrintZ.java. Using fallback presentation compiler.
2026.05.09 10:37:23 INFO  no build target found for /home/prerit/Projects-Code/My-Learning/DSA-Pepcoding/Basics/PrintZ.java. Using fallback presentation compiler.
2026.05.09 10:37:23 INFO  no build target found for /home/prerit/Projects-Code/My-Learning/DSA-Pepcoding/Basics/PrintZ.java. Using fallback presentation compiler.
2026.05.09 10:37:23 INFO  no build target found for /home/prerit/Projects-Code/My-Learning/DSA-Pepcoding/Basics/PrintZ.java. Using fallback presentation compiler.
2026.05.09 10:37:23 INFO  no build target found for /home/prerit/Projects-Code/My-Learning/DSA-Pepcoding/Basics/PrintZ.java. Using fallback presentation compiler.
2026.05.09 10:37:23 INFO  no build target found for /home/prerit/Projects-Code/My-Learning/DSA-Pepcoding/Basics/PrintZ.java. Using fallback presentation compiler.
2026.05.09 10:37:24 INFO  no build target found for /home/prerit/Projects-Code/My-Learning/DSA-Pepcoding/Basics/PrintZ.java. Using fallback presentation compiler.
2026.05.09 10:37:23 INFO  no build target found for /home/prerit/Projects-Code/My-Learning/DSA-Pepcoding/Basics/PrintZ.java. Using fallback presentation compiler.
2026.05.09 10:37:24 INFO  no build target found for /home/prerit/Projects-Code/My-Learning/DSA-Pepcoding/Basics/PrintZ.java. Using fallback presentation compiler.
2026.05.09 10:37:25 INFO  no build target found for /home/prerit/Projects-Code/My-Learning/DSA-Pepcoding/Basics/PrintZ.java. Using fallback presentation compiler.
2026.05.09 10:37:25 INFO  no build target found for /home/prerit/Projects-Code/My-Learning/DSA-Pepcoding/Basics/PrintZ.java. Using fallback presentation compiler.
2026.05.09 10:37:25 INFO  no build target found for /home/prerit/Projects-Code/My-Learning/DSA-Pepcoding/Basics/PrintZ.java. Using fallback presentation compiler.
May 09, 2026 10:37:25 AM org.eclipse.lsp4j.jsonrpc.RemoteEndpoint handleCancellation
WARNING: Unmatched cancel notification for request id 586
2026.05.09 10:37:25 INFO  no build target found for /home/prerit/Projects-Code/My-Learning/DSA-Pepcoding/Basics/PrintZ.java. Using fallback presentation compiler.
2026.05.09 10:37:25 INFO  no build target found for /home/prerit/Projects-Code/My-Learning/DSA-Pepcoding/Basics/PrintZ.java. Using fallback presentation compiler.
2026.05.09 10:37:26 INFO  no build target found for /home/prerit/Projects-Code/My-Learning/DSA-Pepcoding/Basics/PrintZ.java. Using fallback presentation compiler.
2026.05.09 10:37:26 WARN  no build target for: /home/prerit/Projects-Code/My-Learning/DSA-Pepcoding/Basics/PrintZ.java
2026.05.09 10:37:26 INFO  QDox parse error in file:///home/prerit/Projects-Code/My-Learning/DSA-Pepcoding/Basics/PrintZ.java (full report at: "/home/prerit/Projects-Code/My-Learning/DSA-Pepcoding/.metals/.reports/metals-full/2026-05-09/r_qdox-error_10-36-45-738.md")
2026.05.09 10:37:25 INFO  no build target found for /home/prerit/Projects-Code/My-Learning/DSA-Pepcoding/Basics/PrintZ.java. Using fallback presentation compiler.
2026.05.09 10:37:26 WARN  Running javac-semanticdb failed for file:///home/prerit/Projects-Code/My-Learning/DSA-Pepcoding/Basics/PrintZ.java. Output:

2026.05.09 10:37:26 INFO  no build target found for /home/prerit/Projects-Code/My-Learning/DSA-Pepcoding/Basics/PrintZ.java. Using fallback presentation compiler.
2026.05.09 10:37:27 INFO  no build target found for /home/prerit/Projects-Code/My-Learning/DSA-Pepcoding/Basics/PrintZ.java. Using fallback presentation compiler.
2026.05.09 10:37:27 INFO  no build target found for /home/prerit/Projects-Code/My-Learning/DSA-Pepcoding/Basics/PrintZ.java. Using fallback presentation compiler.
2026.05.09 10:37:28 INFO  no build target found for /home/prerit/Projects-Code/My-Learning/DSA-Pepcoding/Basics/PrintZ.java. Using fallback presentation compiler.
2026.05.09 10:37:50 INFO  no build target found for /home/prerit/Projects-Code/My-Learning/DSA-Pepcoding/Basics/PrintZ.java. Using fallback presentation compiler.
2026.05.09 10:37:50 INFO  no build target found for /home/prerit/Projects-Code/My-Learning/DSA-Pepcoding/Basics/PrintZ.java. Using fallback presentation compiler.
2026.05.09 10:37:52 INFO  no build target found for /home/prerit/Projects-Code/My-Learning/DSA-Pepcoding/Basics/PrintZ.java. Using fallback presentation compiler.
2026.05.09 10:37:52 INFO  no build target found for /home/prerit/Projects-Code/My-Learning/DSA-Pepcoding/Basics/PrintZ.java. Using fallback presentation compiler.
2026.05.09 10:37:52 WARN  Running javac-semanticdb failed for file:///home/prerit/Projects-Code/My-Learning/DSA-Pepcoding/Basics/PrintZ.java. Output:

2026.05.09 10:37:52 INFO  no build target found for /home/prerit/Projects-Code/My-Learning/DSA-Pepcoding/Basics/PrintZ.java. Using fallback presentation compiler.
2026.05.09 10:37:52 INFO  no build target found for /home/prerit/Projects-Code/My-Learning/DSA-Pepcoding/Basics/PrintZ.java. Using fallback presentation compiler.
2026.05.09 10:37:52 INFO  no build target found for /home/prerit/Projects-Code/My-Learning/DSA-Pepcoding/Basics/PrintZ.java. Using fallback presentation compiler.
2026.05.09 10:37:53 WARN  no build target for: /home/prerit/Projects-Code/My-Learning/DSA-Pepcoding/Basics/PrintZ.java
2026.05.09 10:37:52 INFO  QDox parse error in file:///home/prerit/Projects-Code/My-Learning/DSA-Pepcoding/Basics/PrintZ.java (full report at: "/home/prerit/Projects-Code/My-Learning/DSA-Pepcoding/.metals/.reports/metals-full/2026-05-09/r_qdox-error_10-36-45-738.md")
2026.05.09 10:37:53 INFO  no build target found for /home/prerit/Projects-Code/My-Learning/DSA-Pepcoding/Basics/PrintZ.java. Using fallback presentation compiler.
2026.05.09 10:37:54 INFO  no build target found for /home/prerit/Projects-Code/My-Learning/DSA-Pepcoding/Basics/PrintZ.java. Using fallback presentation compiler.
2026.05.09 10:37:54 INFO  no build target found for /home/prerit/Projects-Code/My-Learning/DSA-Pepcoding/Basics/PrintZ.java. Using fallback presentation compiler.
2026.05.09 10:37:56 INFO  no build target found for /home/prerit/Projects-Code/My-Learning/DSA-Pepcoding/Basics/PrintZ.java. Using fallback presentation compiler.
2026.05.09 10:37:56 INFO  no build target found for /home/prerit/Projects-Code/My-Learning/DSA-Pepcoding/Basics/PrintZ.java. Using fallback presentation compiler.
2026.05.09 10:37:56 INFO  no build target found for /home/prerit/Projects-Code/My-Learning/DSA-Pepcoding/Basics/PrintZ.java. Using fallback presentation compiler.
2026.05.09 10:38:27 INFO  no build target found for /home/prerit/Projects-Code/My-Learning/DSA-Pepcoding/Basics/PrintZ.java. Using fallback presentation compiler.
2026.05.09 10:38:27 INFO  no build target found for /home/prerit/Projects-Code/My-Learning/DSA-Pepcoding/Basics/PrintZ.java. Using fallback presentation compiler.
2026.05.09 10:38:27 INFO  no build target found for /home/prerit/Projects-Code/My-Learning/DSA-Pepcoding/Basics/PrintZ.java. Using fallback presentation compiler.
2026.05.09 10:38:27 WARN  Running javac-semanticdb failed for file:///home/prerit/Projects-Code/My-Learning/DSA-Pepcoding/Basics/PrintZ.java. Output:

2026.05.09 10:38:27 INFO  no build target found for /home/prerit/Projects-Code/My-Learning/DSA-Pepcoding/Basics/PrintZ.java. Using fallback presentation compiler.
2026.05.09 10:38:27 WARN  no build target for: /home/prerit/Projects-Code/My-Learning/DSA-Pepcoding/Basics/PrintZ.java
2026.05.09 10:38:28 INFO  QDox parse error in file:///home/prerit/Projects-Code/My-Learning/DSA-Pepcoding/Basics/PrintZ.java (full report at: "/home/prerit/Projects-Code/My-Learning/DSA-Pepcoding/.metals/.reports/metals-full/2026-05-09/r_qdox-error_10-36-45-738.md")
2026.05.09 10:38:28 INFO  no build target found for /home/prerit/Projects-Code/My-Learning/DSA-Pepcoding/Basics/PrintZ.java. Using fallback presentation compiler.
2026.05.09 10:38:29 INFO  no build target found for /home/prerit/Projects-Code/My-Learning/DSA-Pepcoding/Basics/PrintZ.java. Using fallback presentation compiler.
2026.05.09 10:38:30 INFO  no build target found for /home/prerit/Projects-Code/My-Learning/DSA-Pepcoding/Basics/PrintZ.java. Using fallback presentation compiler.
2026.05.09 10:38:30 INFO  no build target found for /home/prerit/Projects-Code/My-Learning/DSA-Pepcoding/Basics/PrintZ.java. Using fallback presentation compiler.
2026.05.09 10:38:31 WARN  no build target for: /home/prerit/Projects-Code/My-Learning/DSA-Pepcoding/Basics/HelloWorld.java
2026.05.09 10:38:31 INFO  no build target found for /home/prerit/Projects-Code/My-Learning/DSA-Pepcoding/Basics/PrintZ.java. Using fallback presentation compiler.
May 09, 2026 10:38:47 AM org.eclipse.lsp4j.jsonrpc.services.GenericEndpoint notify
INFO: Unsupported notification method: $/setTrace
2026.05.09 10:38:59 INFO  no build target found for /home/prerit/Projects-Code/My-Learning/DSA-Pepcoding/Basics/PrintZ.java. Using fallback presentation compiler.
2026.05.09 10:38:59 WARN  no build target for: /home/prerit/Projects-Code/My-Learning/DSA-Pepcoding/Basics/PrintZ.java
2026.05.09 10:38:59 INFO  no build target found for /home/prerit/Projects-Code/My-Learning/DSA-Pepcoding/Basics/PrintZ.java. Using fallback presentation compiler.
2026.05.09 10:38:59 INFO  no build target found for /home/prerit/Projects-Code/My-Learning/DSA-Pepcoding/Basics/PrintZ.java. Using fallback presentation compiler.
2026.05.09 10:38:59 INFO  no build target found for /home/prerit/Projects-Code/My-Learning/DSA-Pepcoding/Basics/PrintZ.java. Using fallback presentation compiler.
2026.05.09 10:38:59 INFO  no build target found for /home/prerit/Projects-Code/My-Learning/DSA-Pepcoding/Basics/PrintZ.java. Using fallback presentation compiler.
2026.05.09 10:38:59 INFO  no build target found for /home/prerit/Projects-Code/My-Learning/DSA-Pepcoding/Basics/PrintZ.java. Using fallback presentation compiler.
2026.05.09 10:39:00 INFO  no build target found for /home/prerit/Projects-Code/My-Learning/DSA-Pepcoding/Basics/PrintZ.java. Using fallback presentation compiler.
2026.05.09 10:39:00 INFO  no build target found for /home/prerit/Projects-Code/My-Learning/DSA-Pepcoding/Basics/PrintZ.java. Using fallback presentation compiler.
2026.05.09 10:39:00 INFO  no build target found for /home/prerit/Projects-Code/My-Learning/DSA-Pepcoding/Basics/PrintZ.java. Using fallback presentation compiler.
2026.05.09 10:39:02 INFO  no build target found for /home/prerit/Projects-Code/My-Learning/DSA-Pepcoding/Basics/PrintZ.java. Using fallback presentation compiler.
2026.05.09 10:39:02 INFO  no build target found for /home/prerit/Projects-Code/My-Learning/DSA-Pepcoding/Basics/PrintZ.java. Using fallback presentation compiler.
2026.05.09 10:39:02 INFO  no build target found for /home/prerit/Projects-Code/My-Learning/DSA-Pepcoding/Basics/PrintZ.java. Using fallback presentation compiler.
2026.05.09 10:39:02 WARN  Running javac-semanticdb failed for file:///home/prerit/Projects-Code/My-Learning/DSA-Pepcoding/Basics/PrintZ.java. Output:

2026.05.09 10:39:02 INFO  no build target found for /home/prerit/Projects-Code/My-Learning/DSA-Pepcoding/Basics/PrintZ.java. Using fallback presentation compiler.
2026.05.09 10:39:03 INFO  no build target found for /home/prerit/Projects-Code/My-Learning/DSA-Pepcoding/Basics/PrintZ.java. Using fallback presentation compiler.
2026.05.09 10:39:03 INFO  no build target found for /home/prerit/Projects-Code/My-Learning/DSA-Pepcoding/Basics/PrintZ.java. Using fallback presentation compiler.
2026.05.09 10:39:03 INFO  no build target found for /home/prerit/Projects-Code/My-Learning/DSA-Pepcoding/Basics/PrintZ.java. Using fallback presentation compiler.
2026.05.09 10:39:03 INFO  no build target found for /home/prerit/Projects-Code/My-Learning/DSA-Pepcoding/Basics/PrintZ.java. Using fallback presentation compiler.
May 09, 2026 10:39:03 AM org.eclipse.lsp4j.jsonrpc.RemoteEndpoint handleCancellation
WARNING: Unmatched cancel notification for request id 661
May 09, 2026 10:39:03 AM org.eclipse.lsp4j.jsonrpc.RemoteEndpoint handleCancellation
WARNING: Unmatched cancel notification for request id 662
2026.05.09 10:39:03 INFO  no build target found for /home/prerit/Projects-Code/My-Learning/DSA-Pepcoding/Basics/PrintZ.java. Using fallback presentation compiler.
2026.05.09 10:39:03 WARN  Running javac-semanticdb failed for file:///home/prerit/Projects-Code/My-Learning/DSA-Pepcoding/Basics/PrintZ.java. Output:

2026.05.09 10:39:04 INFO  no build target found for /home/prerit/Projects-Code/My-Learning/DSA-Pepcoding/Basics/PrintZ.java. Using fallback presentation compiler.
2026.05.09 10:39:04 INFO  no build target found for /home/prerit/Projects-Code/My-Learning/DSA-Pepcoding/Basics/PrintZ.java. Using fallback presentation compiler.
2026.05.09 10:39:05 INFO  no build target found for /home/prerit/Projects-Code/My-Learning/DSA-Pepcoding/Basics/PrintZ.java. Using fallback presentation compiler.
2026.05.09 10:39:05 INFO  no build target found for /home/prerit/Projects-Code/My-Learning/DSA-Pepcoding/Basics/PrintZ.java. Using fallback presentation compiler.
2026.05.09 10:39:05 INFO  no build target found for /home/prerit/Projects-Code/My-Learning/DSA-Pepcoding/Basics/PrintZ.java. Using fallback presentation compiler.
May 09, 2026 10:39:05 AM org.eclipse.lsp4j.jsonrpc.RemoteEndpoint handleCancellation
WARNING: Unmatched cancel notification for request id 673
May 09, 2026 10:39:05 AM org.eclipse.lsp4j.jsonrpc.RemoteEndpoint handleCancellation
WARNING: Unmatched cancel notification for request id 674
2026.05.09 10:39:05 INFO  no build target found for /home/prerit/Projects-Code/My-Learning/DSA-Pepcoding/Basics/PrintZ.java. Using fallback presentation compiler.
May 09, 2026 10:39:05 AM org.eclipse.lsp4j.jsonrpc.RemoteEndpoint handleCancellation
WARNING: Unmatched cancel notification for request id 675
2026.05.09 10:39:05 WARN  Running javac-semanticdb failed for file:///home/prerit/Projects-Code/My-Learning/DSA-Pepcoding/Basics/PrintZ.java. Output:

2026.05.09 10:39:05 WARN  no build target for: /home/prerit/Projects-Code/My-Learning/DSA-Pepcoding/Basics/PrintZ.java
2026.05.09 10:39:05 INFO  QDox parse error in file:///home/prerit/Projects-Code/My-Learning/DSA-Pepcoding/Basics/PrintZ.java (full report at: "/home/prerit/Projects-Code/My-Learning/DSA-Pepcoding/.metals/.reports/metals-full/2026-05-09/r_qdox-error_10-36-45-738.md")
2026.05.09 10:39:05 INFO  no build target found for /home/prerit/Projects-Code/My-Learning/DSA-Pepcoding/Basics/PrintZ.java. Using fallback presentation compiler.
2026.05.09 10:39:05 INFO  no build target found for /home/prerit/Projects-Code/My-Learning/DSA-Pepcoding/Basics/PrintZ.java. Using fallback presentation compiler.
2026.05.09 10:39:05 INFO  no build target found for /home/prerit/Projects-Code/My-Learning/DSA-Pepcoding/Basics/PrintZ.java. Using fallback presentation compiler.
2026.05.09 10:39:06 INFO  no build target found for /home/prerit/Projects-Code/My-Learning/DSA-Pepcoding/Basics/PrintZ.java. Using fallback presentation compiler.
2026.05.09 10:39:06 INFO  no build target found for /home/prerit/Projects-Code/My-Learning/DSA-Pepcoding/Basics/PrintZ.java. Using fallback presentation compiler.
2026.05.09 10:39:06 INFO  no build target found for /home/prerit/Projects-Code/My-Learning/DSA-Pepcoding/Basics/PrintZ.java. Using fallback presentation compiler.
2026.05.09 10:39:06 WARN  Running javac-semanticdb failed for file:///home/prerit/Projects-Code/My-Learning/DSA-Pepcoding/Basics/PrintZ.java. Output:

2026.05.09 10:39:06 INFO  no build target found for /home/prerit/Projects-Code/My-Learning/DSA-Pepcoding/Basics/PrintZ.java. Using fallback presentation compiler.
2026.05.09 10:39:06 INFO  no build target found for /home/prerit/Projects-Code/My-Learning/DSA-Pepcoding/Basics/PrintZ.java. Using fallback presentation compiler.
2026.05.09 10:39:06 INFO  no build target found for /home/prerit/Projects-Code/My-Learning/DSA-Pepcoding/Basics/PrintZ.java. Using fallback presentation compiler.
2026.05.09 10:39:07 INFO  QDox parse error in file:///home/prerit/Projects-Code/My-Learning/DSA-Pepcoding/Basics/PrintZ.java (full report at: "/home/prerit/Projects-Code/My-Learning/DSA-Pepcoding/.metals/.reports/metals-full/2026-05-09/r_qdox-error_10-36-45-738.md")
2026.05.09 10:39:07 WARN  no build target for: /home/prerit/Projects-Code/My-Learning/DSA-Pepcoding/Basics/PrintZ.java
2026.05.09 10:39:07 INFO  no build target found for /home/prerit/Projects-Code/My-Learning/DSA-Pepcoding/Basics/PrintZ.java. Using fallback presentation compiler.
2026.05.09 10:39:08 INFO  no build target found for /home/prerit/Projects-Code/My-Learning/DSA-Pepcoding/Basics/PrintZ.java. Using fallback presentation compiler.
2026.05.09 10:39:08 INFO  no build target found for /home/prerit/Projects-Code/My-Learning/DSA-Pepcoding/Basics/PrintZ.java. Using fallback presentation compiler.
2026.05.09 10:39:08 INFO  no build target found for /home/prerit/Projects-Code/My-Learning/DSA-Pepcoding/Basics/PrintZ.java. Using fallback presentation compiler.
2026.05.09 10:39:09 INFO  no build target found for /home/prerit/Projects-Code/My-Learning/DSA-Pepcoding/Basics/PrintZ.java. Using fallback presentation compiler.
2026.05.09 10:39:09 INFO  no build target found for /home/prerit/Projects-Code/My-Learning/DSA-Pepcoding/Basics/PrintZ.java. Using fallback presentation compiler.
2026.05.09 10:39:13 INFO  no build target found for /home/prerit/Projects-Code/My-Learning/DSA-Pepcoding/Basics/PrintZ.java. Using fallback presentation compiler.
2026.05.09 10:39:13 INFO  no build target found for /home/prerit/Projects-Code/My-Learning/DSA-Pepcoding/Basics/PrintZ.java. Using fallback presentation compiler.
2026.05.09 10:39:13 WARN  Running javac-semanticdb failed for file:///home/prerit/Projects-Code/My-Learning/DSA-Pepcoding/Basics/PrintZ.java. Output:

2026.05.09 10:39:13 INFO  no build target found for /home/prerit/Projects-Code/My-Learning/DSA-Pepcoding/Basics/PrintZ.java. Using fallback presentation compiler.
2026.05.09 10:39:13 INFO  no build target found for /home/prerit/Projects-Code/My-Learning/DSA-Pepcoding/Basics/PrintZ.java. Using fallback presentation compiler.
2026.05.09 10:39:14 INFO  QDox parse error in file:///home/prerit/Projects-Code/My-Learning/DSA-Pepcoding/Basics/PrintZ.java (full report at: "/home/prerit/Projects-Code/My-Learning/DSA-Pepcoding/.metals/.reports/metals-full/2026-05-09/r_qdox-error_10-36-45-738.md")
2026.05.09 10:39:14 WARN  no build target for: /home/prerit/Projects-Code/My-Learning/DSA-Pepcoding/Basics/PrintZ.java
2026.05.09 10:39:14 INFO  no build target found for /home/prerit/Projects-Code/My-Learning/DSA-Pepcoding/Basics/PrintZ.java. Using fallback presentation compiler.
2026.05.09 10:39:14 INFO  no build target found for /home/prerit/Projects-Code/My-Learning/DSA-Pepcoding/Basics/PrintZ.java. Using fallback presentation compiler.
2026.05.09 10:39:14 INFO  no build target found for /home/prerit/Projects-Code/My-Learning/DSA-Pepcoding/Basics/PrintZ.java. Using fallback presentation compiler.
2026.05.09 10:39:14 INFO  no build target found for /home/prerit/Projects-Code/My-Learning/DSA-Pepcoding/Basics/PrintZ.java. Using fallback presentation compiler.
2026.05.09 10:39:14 INFO  no build target found for /home/prerit/Projects-Code/My-Learning/DSA-Pepcoding/Basics/PrintZ.java. Using fallback presentation compiler.
2026.05.09 10:39:15 INFO  no build target found for /home/prerit/Projects-Code/My-Learning/DSA-Pepcoding/Basics/PrintZ.java. Using fallback presentation compiler.
2026.05.09 10:39:14 INFO  no build target found for /home/prerit/Projects-Code/My-Learning/DSA-Pepcoding/Basics/PrintZ.java. Using fallback presentation compiler.
2026.05.09 10:39:14 INFO  no build target found for /home/prerit/Projects-Code/My-Learning/DSA-Pepcoding/Basics/PrintZ.java. Using fallback presentation compiler.
2026.05.09 10:39:14 INFO  no build target found for /home/prerit/Projects-Code/My-Learning/DSA-Pepcoding/Basics/PrintZ.java. Using fallback presentation compiler.
2026.05.09 10:39:14 INFO  no build target found for /home/prerit/Projects-Code/My-Learning/DSA-Pepcoding/Basics/PrintZ.java. Using fallback presentation compiler.
May 09, 2026 10:39:15 AM org.eclipse.lsp4j.jsonrpc.RemoteEndpoint handleCancellation
WARNING: Unmatched cancel notification for request id 719
2026.05.09 10:39:14 INFO  no build target found for /home/prerit/Projects-Code/My-Learning/DSA-Pepcoding/Basics/PrintZ.java. Using fallback presentation compiler.
2026.05.09 10:39:14 INFO  no build target found for /home/prerit/Projects-Code/My-Learning/DSA-Pepcoding/Basics/PrintZ.java. Using fallback presentation compiler.
2026.05.09 10:39:15 INFO  no build target found for /home/prerit/Projects-Code/My-Learning/DSA-Pepcoding/Basics/PrintZ.java. Using fallback presentation compiler.
2026.05.09 10:39:14 INFO  no build target found for /home/prerit/Projects-Code/My-Learning/DSA-Pepcoding/Basics/PrintZ.java. Using fallback presentation compiler.
2026.05.09 10:39:15 WARN  Running javac-semanticdb failed for file:///home/prerit/Projects-Code/My-Learning/DSA-Pepcoding/Basics/PrintZ.java. Output:

2026.05.09 10:39:15 INFO  no build target found for /home/prerit/Projects-Code/My-Learning/DSA-Pepcoding/Basics/PrintZ.java. Using fallback presentation compiler.
2026.05.09 10:39:15 INFO  no build target found for /home/prerit/Projects-Code/My-Learning/DSA-Pepcoding/Basics/PrintZ.java. Using fallback presentation compiler.
May 09, 2026 10:39:16 AM org.eclipse.lsp4j.jsonrpc.RemoteEndpoint handleCancellation
WARNING: Unmatched cancel notification for request id 727
2026.05.09 10:39:15 INFO  no build target found for /home/prerit/Projects-Code/My-Learning/DSA-Pepcoding/Basics/PrintZ.java. Using fallback presentation compiler.
2026.05.09 10:39:16 INFO  no build target found for /home/prerit/Projects-Code/My-Learning/DSA-Pepcoding/Basics/PrintZ.java. Using fallback presentation compiler.
2026.05.09 10:39:15 WARN  Running javac-semanticdb failed for file:///home/prerit/Projects-Code/My-Learning/DSA-Pepcoding/Basics/PrintZ.java. Output:

2026.05.09 10:39:15 INFO  no build target found for /home/prerit/Projects-Code/My-Learning/DSA-Pepcoding/Basics/PrintZ.java. Using fallback presentation compiler.
2026.05.09 10:39:15 INFO  no build target found for /home/prerit/Projects-Code/My-Learning/DSA-Pepcoding/Basics/PrintZ.java. Using fallback presentation compiler.
2026.05.09 10:39:17 WARN  no build target for: /home/prerit/Projects-Code/My-Learning/DSA-Pepcoding/Basics/PrintZ.java
2026.05.09 10:39:17 INFO  QDox parse error in file:///home/prerit/Projects-Code/My-Learning/DSA-Pepcoding/Basics/PrintZ.java (full report at: "/home/prerit/Projects-Code/My-Learning/DSA-Pepcoding/.metals/.reports/metals-full/2026-05-09/r_qdox-error_10-36-45-738.md")
2026.05.09 10:39:17 INFO  no build target found for /home/prerit/Projects-Code/My-Learning/DSA-Pepcoding/Basics/PrintZ.java. Using fallback presentation compiler.
2026.05.09 10:39:18 INFO  no build target found for /home/prerit/Projects-Code/My-Learning/DSA-Pepcoding/Basics/PrintZ.java. Using fallback presentation compiler.
2026.05.09 10:39:18 INFO  no build target found for /home/prerit/Projects-Code/My-Learning/DSA-Pepcoding/Basics/PrintZ.java. Using fallback presentation compiler.
2026.05.09 10:39:18 INFO  no build target found for /home/prerit/Projects-Code/My-Learning/DSA-Pepcoding/Basics/PrintZ.java. Using fallback presentation compiler.
2026.05.09 10:39:19 INFO  no build target found for /home/prerit/Projects-Code/My-Learning/DSA-Pepcoding/Basics/PrintZ.java. Using fallback presentation compiler.
2026.05.09 10:39:19 INFO  no build target found for /home/prerit/Projects-Code/My-Learning/DSA-Pepcoding/Basics/PrintZ.java. Using fallback presentation compiler.
2026.05.09 10:39:21 INFO  no build target found for /home/prerit/Projects-Code/My-Learning/DSA-Pepcoding/Basics/PrintZ.java. Using fallback presentation compiler.
2026.05.09 10:39:21 INFO  no build target found for /home/prerit/Projects-Code/My-Learning/DSA-Pepcoding/Basics/PrintZ.java. Using fallback presentation compiler.
2026.05.09 10:39:21 WARN  Running javac-semanticdb failed for file:///home/prerit/Projects-Code/My-Learning/DSA-Pepcoding/Basics/PrintZ.java. Output:

2026.05.09 10:39:22 INFO  QDox parse error in file:///home/prerit/Projects-Code/My-Learning/DSA-Pepcoding/Basics/PrintZ.java (full report at: "/home/prerit/Projects-Code/My-Learning/DSA-Pepcoding/.metals/.reports/metals-full/2026-05-09/r_qdox-error_10-36-45-738.md")
2026.05.09 10:39:22 WARN  no build target for: /home/prerit/Projects-Code/My-Learning/DSA-Pepcoding/Basics/PrintZ.java
2026.05.09 10:39:21 INFO  no build target found for /home/prerit/Projects-Code/My-Learning/DSA-Pepcoding/Basics/PrintZ.java. Using fallback presentation compiler.
2026.05.09 10:39:22 INFO  no build target found for /home/prerit/Projects-Code/My-Learning/DSA-Pepcoding/Basics/PrintZ.java. Using fallback presentation compiler.
2026.05.09 10:39:22 INFO  no build target found for /home/prerit/Projects-Code/My-Learning/DSA-Pepcoding/Basics/PrintZ.java. Using fallback presentation compiler.
2026.05.09 10:39:22 INFO  no build target found for /home/prerit/Projects-Code/My-Learning/DSA-Pepcoding/Basics/PrintZ.java. Using fallback presentation compiler.
2026.05.09 10:39:22 WARN  Running javac-semanticdb failed for file:///home/prerit/Projects-Code/My-Learning/DSA-Pepcoding/Basics/PrintZ.java. Output:

2026.05.09 10:39:22 INFO  no build target found for /home/prerit/Projects-Code/My-Learning/DSA-Pepcoding/Basics/PrintZ.java. Using fallback presentation compiler.
2026.05.09 10:39:22 INFO  no build target found for /home/prerit/Projects-Code/My-Learning/DSA-Pepcoding/Basics/PrintZ.java. Using fallback presentation compiler.
2026.05.09 10:39:23 WARN  no build target for: /home/prerit/Projects-Code/My-Learning/DSA-Pepcoding/Basics/PrintZ.java
2026.05.09 10:39:22 INFO  no build target found for /home/prerit/Projects-Code/My-Learning/DSA-Pepcoding/Basics/PrintZ.java. Using fallback presentation compiler.
2026.05.09 10:39:23 INFO  no build target found for /home/prerit/Projects-Code/My-Learning/DSA-Pepcoding/Basics/PrintZ.java. Using fallback presentation compiler.
2026.05.09 10:39:25 INFO  no build target found for /home/prerit/Projects-Code/My-Learning/DSA-Pepcoding/Basics/PrintZ.java. Using fallback presentation compiler.
2026.05.09 10:39:26 INFO  no build target found for /home/prerit/Projects-Code/My-Learning/DSA-Pepcoding/Basics/PrintZ.java. Using fallback presentation compiler.
2026.05.09 10:39:27 INFO  no build target found for /home/prerit/Projects-Code/My-Learning/DSA-Pepcoding/Basics/PrintZ.java. Using fallback presentation compiler.
2026.05.09 10:39:26 INFO  no build target found for /home/prerit/Projects-Code/My-Learning/DSA-Pepcoding/Basics/PrintZ.java. Using fallback presentation compiler.
2026.05.09 10:39:26 INFO  no build target found for /home/prerit/Projects-Code/My-Learning/DSA-Pepcoding/Basics/PrintZ.java. Using fallback presentation compiler.
2026.05.09 10:39:26 INFO  no build target found for /home/prerit/Projects-Code/My-Learning/DSA-Pepcoding/Basics/PrintZ.java. Using fallback presentation compiler.
2026.05.09 10:39:27 INFO  no build target found for /home/prerit/Projects-Code/My-Learning/DSA-Pepcoding/Basics/PrintZ.java. Using fallback presentation compiler.
May 09, 2026 10:39:28 AM org.eclipse.lsp4j.jsonrpc.RemoteEndpoint handleCancellation
WARNING: Unmatched cancel notification for request id 773
2026.05.09 10:39:28 INFO  no build target found for /home/prerit/Projects-Code/My-Learning/DSA-Pepcoding/Basics/PrintZ.java. Using fallback presentation compiler.
2026.05.09 10:39:28 INFO  no build target found for /home/prerit/Projects-Code/My-Learning/DSA-Pepcoding/Basics/PrintZ.java. Using fallback presentation compiler.
2026.05.09 10:39:28 INFO  no build target found for /home/prerit/Projects-Code/My-Learning/DSA-Pepcoding/Basics/PrintZ.java. Using fallback presentation compiler.
2026.05.09 10:39:28 INFO  time: code lens generation in 1.87s
2026.05.09 10:39:29 INFO  time: code lens generation in 1.14s
2026.05.09 10:39:29 INFO  no build target found for /home/prerit/Projects-Code/My-Learning/DSA-Pepcoding/Basics/PrintZ.java. Using fallback presentation compiler.
2026.05.09 10:39:29 INFO  no build target found for /home/prerit/Projects-Code/My-Learning/DSA-Pepcoding/Basics/PrintZ.java. Using fallback presentation compiler.
2026.05.09 10:39:29 INFO  no build target found for /home/prerit/Projects-Code/My-Learning/DSA-Pepcoding/Basics/PrintZ.java. Using fallback presentation compiler.
2026.05.09 10:39:29 INFO  no build target found for /home/prerit/Projects-Code/My-Learning/DSA-Pepcoding/Basics/PrintZ.java. Using fallback presentation compiler.
2026.05.09 10:39:30 INFO  no build target found for /home/prerit/Projects-Code/My-Learning/DSA-Pepcoding/Basics/PrintZ.java. Using fallback presentation compiler.
2026.05.09 10:39:30 INFO  no build target found for /home/prerit/Projects-Code/My-Learning/DSA-Pepcoding/Basics/PrintZ.java. Using fallback presentation compiler.
2026.05.09 10:39:30 INFO  no build target found for /home/prerit/Projects-Code/My-Learning/DSA-Pepcoding/Basics/PrintZ.java. Using fallback presentation compiler.
2026.05.09 10:39:30 INFO  no build target found for /home/prerit/Projects-Code/My-Learning/DSA-Pepcoding/Basics/PrintZ.java. Using fallback presentation compiler.
2026.05.09 10:39:31 WARN  no build target for: /home/prerit/Projects-Code/My-Learning/DSA-Pepcoding/Basics/PrintZ.java
2026.05.09 10:39:31 INFO  no build target found for /home/prerit/Projects-Code/My-Learning/DSA-Pepcoding/Basics/PrintZ.java. Using fallback presentation compiler.
2026.05.09 10:39:32 INFO  no build target found for /home/prerit/Projects-Code/My-Learning/DSA-Pepcoding/Basics/PrintZ.java. Using fallback presentation compiler.
2026.05.09 10:39:32 INFO  no build target found for /home/prerit/Projects-Code/My-Learning/DSA-Pepcoding/Basics/PrintZ.java. Using fallback presentation compiler.
2026.05.09 10:39:33 INFO  no build target found for /home/prerit/Projects-Code/My-Learning/DSA-Pepcoding/Basics/PrintZ.java. Using fallback presentation compiler.
2026.05.09 10:39:33 INFO  no build target found for /home/prerit/Projects-Code/My-Learning/DSA-Pepcoding/Basics/PrintZ.java. Using fallback presentation compiler.
2026.05.09 10:39:33 WARN  Running javac-semanticdb failed for file:///home/prerit/Projects-Code/My-Learning/DSA-Pepcoding/Basics/PrintZ.java. Output:

2026.05.09 10:39:33 INFO  no build target found for /home/prerit/Projects-Code/My-Learning/DSA-Pepcoding/Basics/PrintZ.java. Using fallback presentation compiler.
2026.05.09 10:39:33 INFO  no build target found for /home/prerit/Projects-Code/My-Learning/DSA-Pepcoding/Basics/PrintZ.java. Using fallback presentation compiler.
2026.05.09 10:39:33 INFO  no build target found for /home/prerit/Projects-Code/My-Learning/DSA-Pepcoding/Basics/PrintZ.java. Using fallback presentation compiler.
2026.05.09 10:39:34 WARN  Running javac-semanticdb failed for file:///home/prerit/Projects-Code/My-Learning/DSA-Pepcoding/Basics/PrintZ.java. Output:

2026.05.09 10:39:35 INFO  no build target found for /home/prerit/Projects-Code/My-Learning/DSA-Pepcoding/Basics/PrintZ.java. Using fallback presentation compiler.
2026.05.09 10:39:35 INFO  no build target found for /home/prerit/Projects-Code/My-Learning/DSA-Pepcoding/Basics/PrintZ.java. Using fallback presentation compiler.
2026.05.09 10:39:35 INFO  no build target found for /home/prerit/Projects-Code/My-Learning/DSA-Pepcoding/Basics/PrintZ.java. Using fallback presentation compiler.
2026.05.09 10:39:35 INFO  no build target found for /home/prerit/Projects-Code/My-Learning/DSA-Pepcoding/Basics/PrintZ.java. Using fallback presentation compiler.
2026.05.09 10:39:35 INFO  no build target found for /home/prerit/Projects-Code/My-Learning/DSA-Pepcoding/Basics/PrintZ.java. Using fallback presentation compiler.
2026.05.09 10:39:36 INFO  no build target found for /home/prerit/Projects-Code/My-Learning/DSA-Pepcoding/Basics/PrintZ.java. Using fallback presentation compiler.
2026.05.09 10:39:35 INFO  no build target found for /home/prerit/Projects-Code/My-Learning/DSA-Pepcoding/Basics/PrintZ.java. Using fallback presentation compiler.
2026.05.09 10:39:36 WARN  Running javac-semanticdb failed for file:///home/prerit/Projects-Code/My-Learning/DSA-Pepcoding/Basics/PrintZ.java. Output:

2026.05.09 10:39:35 INFO  no build target found for /home/prerit/Projects-Code/My-Learning/DSA-Pepcoding/Basics/PrintZ.java. Using fallback presentation compiler.
2026.05.09 10:39:35 INFO  no build target found for /home/prerit/Projects-Code/My-Learning/DSA-Pepcoding/Basics/PrintZ.java. Using fallback presentation compiler.
2026.05.09 10:39:36 INFO  no build target found for /home/prerit/Projects-Code/My-Learning/DSA-Pepcoding/Basics/PrintZ.java. Using fallback presentation compiler.
2026.05.09 10:39:36 WARN  Running javac-semanticdb failed for file:///home/prerit/Projects-Code/My-Learning/DSA-Pepcoding/Basics/PrintZ.java. Output:

2026.05.09 10:39:37 INFO  no build target found for /home/prerit/Projects-Code/My-Learning/DSA-Pepcoding/Basics/PrintZ.java. Using fallback presentation compiler.
2026.05.09 10:39:37 INFO  no build target found for /home/prerit/Projects-Code/My-Learning/DSA-Pepcoding/Basics/PrintZ.java. Using fallback presentation compiler.
2026.05.09 10:39:37 WARN  no build target for: /home/prerit/Projects-Code/My-Learning/DSA-Pepcoding/Basics/PrintZ.java
2026.05.09 10:39:37 INFO  no build target found for /home/prerit/Projects-Code/My-Learning/DSA-Pepcoding/Basics/PrintZ.java. Using fallback presentation compiler.
2026.05.09 10:39:37 INFO  no build target found for /home/prerit/Projects-Code/My-Learning/DSA-Pepcoding/Basics/PrintZ.java. Using fallback presentation compiler.
2026.05.09 10:39:38 INFO  no build target found for /home/prerit/Projects-Code/My-Learning/DSA-Pepcoding/Basics/PrintZ.java. Using fallback presentation compiler.
2026.05.09 10:39:38 INFO  no build target found for /home/prerit/Projects-Code/My-Learning/DSA-Pepcoding/Basics/PrintZ.java. Using fallback presentation compiler.
2026.05.09 10:39:39 INFO  no build target found for /home/prerit/Projects-Code/My-Learning/DSA-Pepcoding/Basics/PrintZ.java. Using fallback presentation compiler.
2026.05.09 10:39:41 INFO  no build target found for /home/prerit/Projects-Code/My-Learning/DSA-Pepcoding/Basics/PrintZ.java. Using fallback presentation compiler.
2026.05.09 10:39:41 WARN  Running javac-semanticdb failed for file:///home/prerit/Projects-Code/My-Learning/DSA-Pepcoding/Basics/PrintZ.java. Output:

2026.05.09 10:39:41 INFO  no build target found for /home/prerit/Projects-Code/My-Learning/DSA-Pepcoding/Basics/PrintZ.java. Using fallback presentation compiler.
2026.05.09 10:39:41 INFO  no build target found for /home/prerit/Projects-Code/My-Learning/DSA-Pepcoding/Basics/PrintZ.java. Using fallback presentation compiler.
2026.05.09 10:39:41 WARN  Running javac-semanticdb failed for file:///home/prerit/Projects-Code/My-Learning/DSA-Pepcoding/Basics/PrintZ.java. Output:

2026.05.09 10:39:41 INFO  no build target found for /home/prerit/Projects-Code/My-Learning/DSA-Pepcoding/Basics/PrintZ.java. Using fallback presentation compiler.
2026.05.09 10:39:41 INFO  no build target found for /home/prerit/Projects-Code/My-Learning/DSA-Pepcoding/Basics/PrintZ.java. Using fallback presentation compiler.
2026.05.09 10:39:42 INFO  no build target found for /home/prerit/Projects-Code/My-Learning/DSA-Pepcoding/Basics/PrintZ.java. Using fallback presentation compiler.
2026.05.09 10:39:42 INFO  no build target found for /home/prerit/Projects-Code/My-Learning/DSA-Pepcoding/Basics/PrintZ.java. Using fallback presentation compiler.
2026.05.09 10:39:42 INFO  no build target found for /home/prerit/Projects-Code/My-Learning/DSA-Pepcoding/Basics/PrintZ.java. Using fallback presentation compiler.
2026.05.09 10:39:42 WARN  Running javac-semanticdb failed for file:///home/prerit/Projects-Code/My-Learning/DSA-Pepcoding/Basics/PrintZ.java. Output:

2026.05.09 10:39:42 INFO  no build target found for /home/prerit/Projects-Code/My-Learning/DSA-Pepcoding/Basics/PrintZ.java. Using fallback presentation compiler.
2026.05.09 10:39:42 INFO  no build target found for /home/prerit/Projects-Code/My-Learning/DSA-Pepcoding/Basics/PrintZ.java. Using fallback presentation compiler.
2026.05.09 10:39:42 INFO  no build target found for /home/prerit/Projects-Code/My-Learning/DSA-Pepcoding/Basics/PrintZ.java. Using fallback presentation compiler.
2026.05.09 10:39:41 WARN  Running javac-semanticdb failed for file:///home/prerit/Projects-Code/My-Learning/DSA-Pepcoding/Basics/PrintZ.java. Output:

2026.05.09 10:39:42 INFO  no build target found for /home/prerit/Projects-Code/My-Learning/DSA-Pepcoding/Basics/PrintZ.java. Using fallback presentation compiler.
2026.05.09 10:39:42 INFO  no build target found for /home/prerit/Projects-Code/My-Learning/DSA-Pepcoding/Basics/PrintZ.java. Using fallback presentation compiler.
2026.05.09 10:39:43 INFO  no build target found for /home/prerit/Projects-Code/My-Learning/DSA-Pepcoding/Basics/PrintZ.java. Using fallback presentation compiler.
2026.05.09 10:39:43 INFO  no build target found for /home/prerit/Projects-Code/My-Learning/DSA-Pepcoding/Basics/PrintZ.java. Using fallback presentation compiler.
2026.05.09 10:39:43 INFO  no build target found for /home/prerit/Projects-Code/My-Learning/DSA-Pepcoding/Basics/PrintZ.java. Using fallback presentation compiler.
2026.05.09 10:39:43 INFO  no build target found for /home/prerit/Projects-Code/My-Learning/DSA-Pepcoding/Basics/PrintZ.java. Using fallback presentation compiler.
2026.05.09 10:39:43 INFO  no build target found for /home/prerit/Projects-Code/My-Learning/DSA-Pepcoding/Basics/PrintZ.java. Using fallback presentation compiler.
2026.05.09 10:39:43 WARN  Running javac-semanticdb failed for file:///home/prerit/Projects-Code/My-Learning/DSA-Pepcoding/Basics/PrintZ.java. Output:

2026.05.09 10:39:43 INFO  no build target found for /home/prerit/Projects-Code/My-Learning/DSA-Pepcoding/Basics/PrintZ.java. Using fallback presentation compiler.
2026.05.09 10:39:44 WARN  Running javac-semanticdb failed for file:///home/prerit/Projects-Code/My-Learning/DSA-Pepcoding/Basics/PrintZ.java. Output:

2026.05.09 10:39:43 INFO  no build target found for /home/prerit/Projects-Code/My-Learning/DSA-Pepcoding/Basics/PrintZ.java. Using fallback presentation compiler.
2026.05.09 10:39:45 INFO  no build target found for /home/prerit/Projects-Code/My-Learning/DSA-Pepcoding/Basics/PrintZ.java. Using fallback presentation compiler.
2026.05.09 10:39:45 INFO  no build target found for /home/prerit/Projects-Code/My-Learning/DSA-Pepcoding/Basics/PrintZ.java. Using fallback presentation compiler.
2026.05.09 10:39:45 WARN  no build target for: /home/prerit/Projects-Code/My-Learning/DSA-Pepcoding/Basics/PrintZ.java
2026.05.09 10:39:45 INFO  no build target found for /home/prerit/Projects-Code/My-Learning/DSA-Pepcoding/Basics/PrintZ.java. Using fallback presentation compiler.
2026.05.09 10:39:45 INFO  no build target found for /home/prerit/Projects-Code/My-Learning/DSA-Pepcoding/Basics/PrintZ.java. Using fallback presentation compiler.
2026.05.09 10:39:45 INFO  no build target found for /home/prerit/Projects-Code/My-Learning/DSA-Pepcoding/Basics/PrintZ.java. Using fallback presentation compiler.
2026.05.09 10:39:45 INFO  no build target found for /home/prerit/Projects-Code/My-Learning/DSA-Pepcoding/Basics/PrintZ.java. Using fallback presentation compiler.
2026.05.09 10:39:46 INFO  no build target found for /home/prerit/Projects-Code/My-Learning/DSA-Pepcoding/Basics/PrintZ.java. Using fallback presentation compiler.
2026.05.09 10:39:46 INFO  no build target found for /home/prerit/Projects-Code/My-Learning/DSA-Pepcoding/Basics/PrintZ.java. Using fallback presentation compiler.
2026.05.09 10:39:46 WARN  no build target for: /home/prerit/Projects-Code/My-Learning/DSA-Pepcoding/Basics/PrintZ.java
2026.05.09 10:39:46 INFO  no build target found for /home/prerit/Projects-Code/My-Learning/DSA-Pepcoding/Basics/PrintZ.java. Using fallback presentation compiler.
2026.05.09 10:39:46 INFO  no build target found for /home/prerit/Projects-Code/My-Learning/DSA-Pepcoding/Basics/PrintZ.java. Using fallback presentation compiler.
2026.05.09 10:39:47 INFO  no build target found for /home/prerit/Projects-Code/My-Learning/DSA-Pepcoding/Basics/PrintZ.java. Using fallback presentation compiler.
2026.05.09 10:39:47 INFO  no build target found for /home/prerit/Projects-Code/My-Learning/DSA-Pepcoding/Basics/PrintZ.java. Using fallback presentation compiler.
2026.05.09 10:39:49 INFO  no build target found for /home/prerit/Projects-Code/My-Learning/DSA-Pepcoding/Basics/PrintZ.java. Using fallback presentation compiler.
2026.05.09 10:39:49 INFO  no build target found for /home/prerit/Projects-Code/My-Learning/DSA-Pepcoding/Basics/PrintZ.java. Using fallback presentation compiler.
2026.05.09 10:39:49 INFO  no build target found for /home/prerit/Projects-Code/My-Learning/DSA-Pepcoding/Basics/PrintZ.java. Using fallback presentation compiler.
2026.05.09 10:39:49 INFO  no build target found for /home/prerit/Projects-Code/My-Learning/DSA-Pepcoding/Basics/PrintZ.java. Using fallback presentation compiler.
2026.05.09 10:39:49 INFO  no build target found for /home/prerit/Projects-Code/My-Learning/DSA-Pepcoding/Basics/PrintZ.java. Using fallback presentation compiler.
2026.05.09 10:39:49 WARN  Running javac-semanticdb failed for file:///home/prerit/Projects-Code/My-Learning/DSA-Pepcoding/Basics/PrintZ.java. Output:

2026.05.09 10:39:50 INFO  no build target found for /home/prerit/Projects-Code/My-Learning/DSA-Pepcoding/Basics/PrintZ.java. Using fallback presentation compiler.
2026.05.09 10:39:50 WARN  no build target for: /home/prerit/Projects-Code/My-Learning/DSA-Pepcoding/Basics/PrintZ.java
2026.05.09 10:39:50 INFO  no build target found for /home/prerit/Projects-Code/My-Learning/DSA-Pepcoding/Basics/PrintZ.java. Using fallback presentation compiler.
2026.05.09 10:41:31 INFO  no build target found for /home/prerit/Projects-Code/My-Learning/DSA-Pepcoding/Basics/HelloWorld.java. Using fallback presentation compiler.
2026.05.09 10:42:55 INFO  no build target found for /home/prerit/Projects-Code/My-Learning/DSA-Pepcoding/Basics/PrintZ.java. Using fallback presentation compiler.
2026.05.09 10:42:55 INFO  no build target found for /home/prerit/Projects-Code/My-Learning/DSA-Pepcoding/Basics/PrintZ.java. Using fallback presentation compiler.
2026.05.09 10:42:55 INFO  no build target found for /home/prerit/Projects-Code/My-Learning/DSA-Pepcoding/Basics/PrintZ.java. Using fallback presentation compiler.
2026.05.09 10:42:57 INFO  no build target found for /home/prerit/Projects-Code/My-Learning/DSA-Pepcoding/Basics/PrintZ.java. Using fallback presentation compiler.
2026.05.09 10:42:57 INFO  no build target found for /home/prerit/Projects-Code/My-Learning/DSA-Pepcoding/Basics/PrintZ.java. Using fallback presentation compiler.
2026.05.09 10:42:58 INFO  no build target found for /home/prerit/Projects-Code/My-Learning/DSA-Pepcoding/Basics/PrintZ.java. Using fallback presentation compiler.
2026.05.09 10:42:58 INFO  no build target found for /home/prerit/Projects-Code/My-Learning/DSA-Pepcoding/Basics/PrintZ.java. Using fallback presentation compiler.
2026.05.09 10:43:16 INFO  no build target found for /home/prerit/Projects-Code/My-Learning/DSA-Pepcoding/Basics/PrintZ.java. Using fallback presentation compiler.
2026.05.09 10:43:16 WARN  no build target for: /home/prerit/Projects-Code/My-Learning/DSA-Pepcoding/Basics/PrintZ.java
2026.05.09 10:43:16 INFO  no build target found for /home/prerit/Projects-Code/My-Learning/DSA-Pepcoding/Basics/PrintZ.java. Using fallback presentation compiler.
2026.05.09 10:44:28 WARN  no build target for: /home/prerit/Projects-Code/My-Learning/DSA-Pepcoding/Basics/PrintZ.java
2026.05.09 10:44:28 INFO  no build target found for /home/prerit/Projects-Code/My-Learning/DSA-Pepcoding/Basics/PrintZ.java. Using fallback presentation compiler.
2026.05.09 10:44:29 INFO  no build target found for /home/prerit/Projects-Code/My-Learning/DSA-Pepcoding/Basics/PrintZ.java. Using fallback presentation compiler.
2026.05.09 10:44:32 INFO  no build target found for /home/prerit/Projects-Code/My-Learning/DSA-Pepcoding/Basics/PrintZ.java. Using fallback presentation compiler.
2026.05.09 10:44:35 INFO  no build target found for /home/prerit/Projects-Code/My-Learning/DSA-Pepcoding/Basics/PrintZ.java. Using fallback presentation compiler.
2026.05.09 10:44:38 INFO  no build target found for /home/prerit/Projects-Code/My-Learning/DSA-Pepcoding/Basics/PrintZ.java. Using fallback presentation compiler.
2026.05.09 10:44:38 INFO  no build target found for /home/prerit/Projects-Code/My-Learning/DSA-Pepcoding/Basics/PrintZ.java. Using fallback presentation compiler.
2026.05.09 10:44:38 INFO  no build target found for /home/prerit/Projects-Code/My-Learning/DSA-Pepcoding/Basics/PrintZ.java. Using fallback presentation compiler.
2026.05.09 10:44:38 WARN  no build target for: /home/prerit/Projects-Code/My-Learning/DSA-Pepcoding/Basics/PrintZ.java
2026.05.09 10:44:39 INFO  no build target found for /home/prerit/Projects-Code/My-Learning/DSA-Pepcoding/Basics/PrintZ.java. Using fallback presentation compiler.
2026.05.09 10:44:44 INFO  no build target found for /home/prerit/Projects-Code/My-Learning/DSA-Pepcoding/Basics/PrintZ.java. Using fallback presentation compiler.
2026.05.09 10:44:44 INFO  no build target found for /home/prerit/Projects-Code/My-Learning/DSA-Pepcoding/Basics/PrintZ.java. Using fallback presentation compiler.
2026.05.09 10:44:44 INFO  no build target found for /home/prerit/Projects-Code/My-Learning/DSA-Pepcoding/Basics/PrintZ.java. Using fallback presentation compiler.
2026.05.09 10:44:44 INFO  no build target found for /home/prerit/Projects-Code/My-Learning/DSA-Pepcoding/Basics/PrintZ.java. Using fallback presentation compiler.
2026.05.09 10:44:45 WARN  no build target for: /home/prerit/Projects-Code/My-Learning/DSA-Pepcoding/Basics/PrintZ.java
2026.05.09 10:44:44 INFO  no build target found for /home/prerit/Projects-Code/My-Learning/DSA-Pepcoding/Basics/PrintZ.java. Using fallback presentation compiler.
2026.05.09 10:44:57 INFO  no build target found for /home/prerit/Projects-Code/My-Learning/DSA-Pepcoding/Basics/PrintZ.java. Using fallback presentation compiler.
2026.05.09 10:45:07 WARN  no build target for: /home/prerit/Projects-Code/My-Learning/DSA-Pepcoding/Basics/PrintZ.java
2026.05.09 10:45:07 INFO  no build target found for /home/prerit/Projects-Code/My-Learning/DSA-Pepcoding/Basics/PrintZ.java. Using fallback presentation compiler.
2026.05.09 10:45:18 WARN  no build target for: /home/prerit/Projects-Code/My-Learning/DSA-Pepcoding/Basics/PrintZ.java
2026.05.09 10:45:18 INFO  no build target found for /home/prerit/Projects-Code/My-Learning/DSA-Pepcoding/Basics/PrintZ.java. Using fallback presentation compiler.
May 09, 2026 10:45:35 AM org.eclipse.lsp4j.jsonrpc.services.GenericEndpoint notify
INFO: Unsupported notification method: $/setTrace
2026.05.09 10:45:37 WARN  no build target for: /home/prerit/Projects-Code/My-Learning/DSA-Pepcoding/Basics/PrintZ.java
2026.05.09 10:45:37 INFO  no build target found for /home/prerit/Projects-Code/My-Learning/DSA-Pepcoding/Basics/PrintZ.java. Using fallback presentation compiler.
2026.05.09 10:45:38 INFO  no build target found for /home/prerit/Projects-Code/My-Learning/DSA-Pepcoding/Basics/PrintZ.java. Using fallback presentation compiler.
2026.05.09 10:45:38 INFO  no build target found for /home/prerit/Projects-Code/My-Learning/DSA-Pepcoding/Basics/PrintZ.java. Using fallback presentation compiler.
2026.05.09 10:45:41 INFO  no build target found for /home/prerit/Projects-Code/My-Learning/DSA-Pepcoding/Basics/PrintZ.java. Using fallback presentation compiler.
2026.05.09 10:45:43 INFO  no build target found for /home/prerit/Projects-Code/My-Learning/DSA-Pepcoding/Basics/PrintZ.java. Using fallback presentation compiler.
2026.05.09 10:45:43 INFO  no build target found for /home/prerit/Projects-Code/My-Learning/DSA-Pepcoding/Basics/PrintZ.java. Using fallback presentation compiler.
2026.05.09 10:45:43 INFO  no build target found for /home/prerit/Projects-Code/My-Learning/DSA-Pepcoding/Basics/PrintZ.java. Using fallback presentation compiler.
2026.05.09 10:45:43 INFO  no build target found for /home/prerit/Projects-Code/My-Learning/DSA-Pepcoding/Basics/PrintZ.java. Using fallback presentation compiler.
2026.05.09 10:45:43 INFO  no build target found for /home/prerit/Projects-Code/My-Learning/DSA-Pepcoding/Basics/PrintZ.java. Using fallback presentation compiler.
2026.05.09 10:45:43 INFO  no build target found for /home/prerit/Projects-Code/My-Learning/DSA-Pepcoding/Basics/PrintZ.java. Using fallback presentation compiler.
2026.05.09 10:45:44 INFO  no build target found for /home/prerit/Projects-Code/My-Learning/DSA-Pepcoding/Basics/PrintZ.java. Using fallback presentation compiler.
2026.05.09 10:45:44 INFO  no build target found for /home/prerit/Projects-Code/My-Learning/DSA-Pepcoding/Basics/PrintZ.java. Using fallback presentation compiler.
2026.05.09 10:45:44 INFO  no build target found for /home/prerit/Projects-Code/My-Learning/DSA-Pepcoding/Basics/PrintZ.java. Using fallback presentation compiler.
2026.05.09 10:45:44 INFO  no build target found for /home/prerit/Projects-Code/My-Learning/DSA-Pepcoding/Basics/PrintZ.java. Using fallback presentation compiler.
2026.05.09 10:45:45 INFO  no build target found for /home/prerit/Projects-Code/My-Learning/DSA-Pepcoding/Basics/PrintZ.java. Using fallback presentation compiler.
2026.05.09 10:45:45 INFO  no build target found for /home/prerit/Projects-Code/My-Learning/DSA-Pepcoding/Basics/PrintZ.java. Using fallback presentation compiler.
2026.05.09 10:45:45 INFO  no build target found for /home/prerit/Projects-Code/My-Learning/DSA-Pepcoding/Basics/PrintZ.java. Using fallback presentation compiler.
2026.05.09 10:45:46 WARN  no build target for: /home/prerit/Projects-Code/My-Learning/DSA-Pepcoding/Basics/PrintZ.java
2026.05.09 10:45:47 INFO  no build target found for /home/prerit/Projects-Code/My-Learning/DSA-Pepcoding/Basics/PrintZ.java. Using fallback presentation compiler.
2026.05.09 10:45:48 INFO  no build target found for /home/prerit/Projects-Code/My-Learning/DSA-Pepcoding/Basics/PrintZ.java. Using fallback presentation compiler.
2026.05.09 10:45:48 INFO  no build target found for /home/prerit/Projects-Code/My-Learning/DSA-Pepcoding/Basics/PrintZ.java. Using fallback presentation compiler.
2026.05.09 10:45:48 INFO  no build target found for /home/prerit/Projects-Code/My-Learning/DSA-Pepcoding/Basics/PrintZ.java. Using fallback presentation compiler.
2026.05.09 10:45:48 INFO  no build target found for /home/prerit/Projects-Code/My-Learning/DSA-Pepcoding/Basics/PrintZ.java. Using fallback presentation compiler.
2026.05.09 10:45:49 INFO  no build target found for /home/prerit/Projects-Code/My-Learning/DSA-Pepcoding/Basics/PrintZ.java. Using fallback presentation compiler.
2026.05.09 10:45:49 INFO  no build target found for /home/prerit/Projects-Code/My-Learning/DSA-Pepcoding/Basics/PrintZ.java. Using fallback presentation compiler.
2026.05.09 10:45:49 INFO  no build target found for /home/prerit/Projects-Code/My-Learning/DSA-Pepcoding/Basics/PrintZ.java. Using fallback presentation compiler.
2026.05.09 10:45:49 INFO  no build target found for /home/prerit/Projects-Code/My-Learning/DSA-Pepcoding/Basics/PrintZ.java. Using fallback presentation compiler.
2026.05.09 10:45:49 INFO  no build target found for /home/prerit/Projects-Code/My-Learning/DSA-Pepcoding/Basics/PrintZ.java. Using fallback presentation compiler.
2026.05.09 10:45:49 INFO  no build target found for /home/prerit/Projects-Code/My-Learning/DSA-Pepcoding/Basics/PrintZ.java. Using fallback presentation compiler.
2026.05.09 10:45:50 INFO  no build target found for /home/prerit/Projects-Code/My-Learning/DSA-Pepcoding/Basics/PrintZ.java. Using fallback presentation compiler.
2026.05.09 10:45:50 INFO  no build target found for /home/prerit/Projects-Code/My-Learning/DSA-Pepcoding/Basics/PrintZ.java. Using fallback presentation compiler.
2026.05.09 10:45:50 INFO  no build target found for /home/prerit/Projects-Code/My-Learning/DSA-Pepcoding/Basics/PrintZ.java. Using fallback presentation compiler.
2026.05.09 10:45:50 INFO  no build target found for /home/prerit/Projects-Code/My-Learning/DSA-Pepcoding/Basics/PrintZ.java. Using fallback presentation compiler.
2026.05.09 10:45:50 INFO  no build target found for /home/prerit/Projects-Code/My-Learning/DSA-Pepcoding/Basics/PrintZ.java. Using fallback presentation compiler.
2026.05.09 10:45:51 WARN  no build target for: /home/prerit/Projects-Code/My-Learning/DSA-Pepcoding/Basics/PrintZ.java
2026.05.09 10:45:51 INFO  no build target found for /home/prerit/Projects-Code/My-Learning/DSA-Pepcoding/Basics/PrintZ.java. Using fallback presentation compiler.
2026.05.09 10:45:51 INFO  no build target found for /home/prerit/Projects-Code/My-Learning/DSA-Pepcoding/Basics/PrintZ.java. Using fallback presentation compiler.
2026.05.09 10:45:51 INFO  no build target found for /home/prerit/Projects-Code/My-Learning/DSA-Pepcoding/Basics/PrintZ.java. Using fallback presentation compiler.
2026.05.09 10:45:51 INFO  no build target found for /home/prerit/Projects-Code/My-Learning/DSA-Pepcoding/Basics/PrintZ.java. Using fallback presentation compiler.
2026.05.09 10:45:51 INFO  no build target found for /home/prerit/Projects-Code/My-Learning/DSA-Pepcoding/Basics/PrintZ.java. Using fallback presentation compiler.
2026.05.09 10:45:52 WARN  no build target for: /home/prerit/Projects-Code/My-Learning/DSA-Pepcoding/Basics/PrintZ.java
2026.05.09 10:45:52 INFO  no build target found for /home/prerit/Projects-Code/My-Learning/DSA-Pepcoding/Basics/PrintZ.java. Using fallback presentation compiler.
2026.05.09 10:45:54 INFO  no build target found for /home/prerit/Projects-Code/My-Learning/DSA-Pepcoding/Basics/PrintZ.java. Using fallback presentation compiler.
2026.05.09 10:45:54 INFO  no build target found for /home/prerit/Projects-Code/My-Learning/DSA-Pepcoding/Basics/PrintZ.java. Using fallback presentation compiler.
2026.05.09 10:45:54 INFO  no build target found for /home/prerit/Projects-Code/My-Learning/DSA-Pepcoding/Basics/PrintZ.java. Using fallback presentation compiler.
2026.05.09 10:45:54 INFO  no build target found for /home/prerit/Projects-Code/My-Learning/DSA-Pepcoding/Basics/PrintZ.java. Using fallback presentation compiler.
2026.05.09 10:45:54 INFO  no build target found for /home/prerit/Projects-Code/My-Learning/DSA-Pepcoding/Basics/PrintZ.java. Using fallback presentation compiler.
2026.05.09 10:45:54 INFO  no build target found for /home/prerit/Projects-Code/My-Learning/DSA-Pepcoding/Basics/PrintZ.java. Using fallback presentation compiler.
2026.05.09 10:45:54 INFO  no build target found for /home/prerit/Projects-Code/My-Learning/DSA-Pepcoding/Basics/PrintZ.java. Using fallback presentation compiler.
2026.05.09 10:45:55 INFO  no build target found for /home/prerit/Projects-Code/My-Learning/DSA-Pepcoding/Basics/PrintZ.java. Using fallback presentation compiler.
2026.05.09 10:45:54 INFO  no build target found for /home/prerit/Projects-Code/My-Learning/DSA-Pepcoding/Basics/PrintZ.java. Using fallback presentation compiler.
2026.05.09 10:45:54 INFO  no build target found for /home/prerit/Projects-Code/My-Learning/DSA-Pepcoding/Basics/PrintZ.java. Using fallback presentation compiler.
2026.05.09 10:45:55 INFO  no build target found for /home/prerit/Projects-Code/My-Learning/DSA-Pepcoding/Basics/PrintZ.java. Using fallback presentation compiler.
2026.05.09 10:45:55 INFO  no build target found for /home/prerit/Projects-Code/My-Learning/DSA-Pepcoding/Basics/PrintZ.java. Using fallback presentation compiler.
2026.05.09 10:45:56 WARN  no build target for: /home/prerit/Projects-Code/My-Learning/DSA-Pepcoding/Basics/PrintZ.java
2026.05.09 10:45:56 INFO  no build target found for /home/prerit/Projects-Code/My-Learning/DSA-Pepcoding/Basics/PrintZ.java. Using fallback presentation compiler.
2026.05.09 10:45:56 INFO  no build target found for /home/prerit/Projects-Code/My-Learning/DSA-Pepcoding/Basics/PrintZ.java. Using fallback presentation compiler.
2026.05.09 10:45:56 INFO  no build target found for /home/prerit/Projects-Code/My-Learning/DSA-Pepcoding/Basics/PrintZ.java. Using fallback presentation compiler.
2026.05.09 10:45:56 INFO  no build target found for /home/prerit/Projects-Code/My-Learning/DSA-Pepcoding/Basics/PrintZ.java. Using fallback presentation compiler.
2026.05.09 10:45:56 INFO  no build target found for /home/prerit/Projects-Code/My-Learning/DSA-Pepcoding/Basics/PrintZ.java. Using fallback presentation compiler.
2026.05.09 10:45:56 INFO  no build target found for /home/prerit/Projects-Code/My-Learning/DSA-Pepcoding/Basics/PrintZ.java. Using fallback presentation compiler.
2026.05.09 10:45:56 INFO  no build target found for /home/prerit/Projects-Code/My-Learning/DSA-Pepcoding/Basics/PrintZ.java. Using fallback presentation compiler.
2026.05.09 10:45:56 INFO  no build target found for /home/prerit/Projects-Code/My-Learning/DSA-Pepcoding/Basics/PrintZ.java. Using fallback presentation compiler.
2026.05.09 10:45:58 INFO  no build target found for /home/prerit/Projects-Code/My-Learning/DSA-Pepcoding/Basics/PrintZ.java. Using fallback presentation compiler.
2026.05.09 10:45:58 INFO  no build target found for /home/prerit/Projects-Code/My-Learning/DSA-Pepcoding/Basics/PrintZ.java. Using fallback presentation compiler.
2026.05.09 10:45:58 INFO  no build target found for /home/prerit/Projects-Code/My-Learning/DSA-Pepcoding/Basics/PrintZ.java. Using fallback presentation compiler.
2026.05.09 10:45:58 INFO  no build target found for /home/prerit/Projects-Code/My-Learning/DSA-Pepcoding/Basics/PrintZ.java. Using fallback presentation compiler.
2026.05.09 10:45:58 INFO  no build target found for /home/prerit/Projects-Code/My-Learning/DSA-Pepcoding/Basics/PrintZ.java. Using fallback presentation compiler.
2026.05.09 10:45:58 INFO  no build target found for /home/prerit/Projects-Code/My-Learning/DSA-Pepcoding/Basics/PrintZ.java. Using fallback presentation compiler.
2026.05.09 10:45:58 INFO  no build target found for /home/prerit/Projects-Code/My-Learning/DSA-Pepcoding/Basics/PrintZ.java. Using fallback presentation compiler.
2026.05.09 10:45:58 INFO  no build target found for /home/prerit/Projects-Code/My-Learning/DSA-Pepcoding/Basics/PrintZ.java. Using fallback presentation compiler.
2026.05.09 10:45:58 INFO  no build target found for /home/prerit/Projects-Code/My-Learning/DSA-Pepcoding/Basics/PrintZ.java. Using fallback presentation compiler.
2026.05.09 10:45:58 INFO  no build target found for /home/prerit/Projects-Code/My-Learning/DSA-Pepcoding/Basics/PrintZ.java. Using fallback presentation compiler.
2026.05.09 10:45:58 INFO  no build target found for /home/prerit/Projects-Code/My-Learning/DSA-Pepcoding/Basics/PrintZ.java. Using fallback presentation compiler.
2026.05.09 10:45:59 INFO  no build target found for /home/prerit/Projects-Code/My-Learning/DSA-Pepcoding/Basics/PrintZ.java. Using fallback presentation compiler.
2026.05.09 10:45:59 INFO  no build target found for /home/prerit/Projects-Code/My-Learning/DSA-Pepcoding/Basics/PrintZ.java. Using fallback presentation compiler.
2026.05.09 10:45:59 INFO  no build target found for /home/prerit/Projects-Code/My-Learning/DSA-Pepcoding/Basics/PrintZ.java. Using fallback presentation compiler.
2026.05.09 10:45:59 INFO  no build target found for /home/prerit/Projects-Code/My-Learning/DSA-Pepcoding/Basics/PrintZ.java. Using fallback presentation compiler.
2026.05.09 10:45:59 INFO  no build target found for /home/prerit/Projects-Code/My-Learning/DSA-Pepcoding/Basics/PrintZ.java. Using fallback presentation compiler.
2026.05.09 10:46:00 INFO  no build target found for /home/prerit/Projects-Code/My-Learning/DSA-Pepcoding/Basics/PrintZ.java. Using fallback presentation compiler.
2026.05.09 10:46:00 WARN  no build target for: /home/prerit/Projects-Code/My-Learning/DSA-Pepcoding/Basics/PrintZ.java
2026.05.09 10:46:00 INFO  no build target found for /home/prerit/Projects-Code/My-Learning/DSA-Pepcoding/Basics/PrintZ.java. Using fallback presentation compiler.
2026.05.09 10:46:01 INFO  no build target found for /home/prerit/Projects-Code/My-Learning/DSA-Pepcoding/Basics/PrintZ.java. Using fallback presentation compiler.
2026.05.09 10:46:01 INFO  no build target found for /home/prerit/Projects-Code/My-Learning/DSA-Pepcoding/Basics/PrintZ.java. Using fallback presentation compiler.
2026.05.09 10:46:01 INFO  no build target found for /home/prerit/Projects-Code/My-Learning/DSA-Pepcoding/Basics/PrintZ.java. Using fallback presentation compiler.
2026.05.09 10:46:01 INFO  no build target found for /home/prerit/Projects-Code/My-Learning/DSA-Pepcoding/Basics/PrintZ.java. Using fallback presentation compiler.
2026.05.09 10:46:01 WARN  no build target for: /home/prerit/Projects-Code/My-Learning/DSA-Pepcoding/Basics/PrintZ.java
2026.05.09 10:46:01 INFO  no build target found for /home/prerit/Projects-Code/My-Learning/DSA-Pepcoding/Basics/PrintZ.java. Using fallback presentation compiler.
2026.05.09 10:46:02 INFO  no build target found for /home/prerit/Projects-Code/My-Learning/DSA-Pepcoding/Basics/PrintZ.java. Using fallback presentation compiler.
2026.05.09 10:46:02 INFO  no build target found for /home/prerit/Projects-Code/My-Learning/DSA-Pepcoding/Basics/PrintZ.java. Using fallback presentation compiler.
2026.05.09 10:46:02 INFO  no build target found for /home/prerit/Projects-Code/My-Learning/DSA-Pepcoding/Basics/PrintZ.java. Using fallback presentation compiler.
2026.05.09 10:46:02 INFO  no build target found for /home/prerit/Projects-Code/My-Learning/DSA-Pepcoding/Basics/PrintZ.java. Using fallback presentation compiler.
2026.05.09 10:46:01 INFO  no build target found for /home/prerit/Projects-Code/My-Learning/DSA-Pepcoding/Basics/PrintZ.java. Using fallback presentation compiler.
2026.05.09 10:46:03 WARN  no build target for: /home/prerit/Projects-Code/My-Learning/DSA-Pepcoding/Basics/PrintZ.java
2026.05.09 10:46:03 INFO  no build target found for /home/prerit/Projects-Code/My-Learning/DSA-Pepcoding/Basics/PrintZ.java. Using fallback presentation compiler.
2026.05.09 10:46:03 INFO  no build target found for /home/prerit/Projects-Code/My-Learning/DSA-Pepcoding/Basics/PrintZ.java. Using fallback presentation compiler.
2026.05.09 10:46:03 INFO  no build target found for /home/prerit/Projects-Code/My-Learning/DSA-Pepcoding/Basics/PrintZ.java. Using fallback presentation compiler.
2026.05.09 10:46:03 INFO  no build target found for /home/prerit/Projects-Code/My-Learning/DSA-Pepcoding/Basics/PrintZ.java. Using fallback presentation compiler.
2026.05.09 10:46:03 INFO  no build target found for /home/prerit/Projects-Code/My-Learning/DSA-Pepcoding/Basics/PrintZ.java. Using fallback presentation compiler.
2026.05.09 10:46:03 INFO  no build target found for /home/prerit/Projects-Code/My-Learning/DSA-Pepcoding/Basics/PrintZ.java. Using fallback presentation compiler.
2026.05.09 10:46:04 INFO  no build target found for /home/prerit/Projects-Code/My-Learning/DSA-Pepcoding/Basics/PrintZ.java. Using fallback presentation compiler.
2026.05.09 10:46:04 INFO  no build target found for /home/prerit/Projects-Code/My-Learning/DSA-Pepcoding/Basics/PrintZ.java. Using fallback presentation compiler.
2026.05.09 10:46:04 INFO  no build target found for /home/prerit/Projects-Code/My-Learning/DSA-Pepcoding/Basics/PrintZ.java. Using fallback presentation compiler.
2026.05.09 10:46:04 INFO  no build target found for /home/prerit/Projects-Code/My-Learning/DSA-Pepcoding/Basics/PrintZ.java. Using fallback presentation compiler.
2026.05.09 10:46:04 INFO  no build target found for /home/prerit/Projects-Code/My-Learning/DSA-Pepcoding/Basics/PrintZ.java. Using fallback presentation compiler.
2026.05.09 10:46:05 INFO  no build target found for /home/prerit/Projects-Code/My-Learning/DSA-Pepcoding/Basics/PrintZ.java. Using fallback presentation compiler.
2026.05.09 10:46:05 INFO  no build target found for /home/prerit/Projects-Code/My-Learning/DSA-Pepcoding/Basics/PrintZ.java. Using fallback presentation compiler.
2026.05.09 10:46:05 INFO  no build target found for /home/prerit/Projects-Code/My-Learning/DSA-Pepcoding/Basics/PrintZ.java. Using fallback presentation compiler.
2026.05.09 10:46:06 INFO  no build target found for /home/prerit/Projects-Code/My-Learning/DSA-Pepcoding/Basics/PrintZ.java. Using fallback presentation compiler.
2026.05.09 10:46:05 INFO  no build target found for /home/prerit/Projects-Code/My-Learning/DSA-Pepcoding/Basics/PrintZ.java. Using fallback presentation compiler.
2026.05.09 10:46:05 INFO  no build target found for /home/prerit/Projects-Code/My-Learning/DSA-Pepcoding/Basics/PrintZ.java. Using fallback presentation compiler.
2026.05.09 10:46:06 INFO  no build target found for /home/prerit/Projects-Code/My-Learning/DSA-Pepcoding/Basics/PrintZ.java. Using fallback presentation compiler.
2026.05.09 10:46:05 INFO  no build target found for /home/prerit/Projects-Code/My-Learning/DSA-Pepcoding/Basics/PrintZ.java. Using fallback presentation compiler.
2026.05.09 10:46:07 INFO  no build target found for /home/prerit/Projects-Code/My-Learning/DSA-Pepcoding/Basics/PrintZ.java. Using fallback presentation compiler.
2026.05.09 10:46:07 WARN  no build target for: /home/prerit/Projects-Code/My-Learning/DSA-Pepcoding/Basics/PrintZ.java
2026.05.09 10:46:07 INFO  no build target found for /home/prerit/Projects-Code/My-Learning/DSA-Pepcoding/Basics/PrintZ.java. Using fallback presentation compiler.
2026.05.09 10:46:07 INFO  no build target found for /home/prerit/Projects-Code/My-Learning/DSA-Pepcoding/Basics/PrintZ.java. Using fallback presentation compiler.
2026.05.09 10:46:07 INFO  no build target found for /home/prerit/Projects-Code/My-Learning/DSA-Pepcoding/Basics/PrintZ.java. Using fallback presentation compiler.
2026.05.09 10:46:07 INFO  no build target found for /home/prerit/Projects-Code/My-Learning/DSA-Pepcoding/Basics/PrintZ.java. Using fallback presentation compiler.
2026.05.09 10:46:07 INFO  no build target found for /home/prerit/Projects-Code/My-Learning/DSA-Pepcoding/Basics/PrintZ.java. Using fallback presentation compiler.
2026.05.09 10:46:08 INFO  no build target found for /home/prerit/Projects-Code/My-Learning/DSA-Pepcoding/Basics/PrintZ.java. Using fallback presentation compiler.
2026.05.09 10:46:07 INFO  no build target found for /home/prerit/Projects-Code/My-Learning/DSA-Pepcoding/Basics/PrintZ.java. Using fallback presentation compiler.
2026.05.09 10:46:08 INFO  no build target found for /home/prerit/Projects-Code/My-Learning/DSA-Pepcoding/Basics/PrintZ.java. Using fallback presentation compiler.
2026.05.09 10:46:08 INFO  no build target found for /home/prerit/Projects-Code/My-Learning/DSA-Pepcoding/Basics/PrintZ.java. Using fallback presentation compiler.
2026.05.09 10:46:08 WARN  no build target for: /home/prerit/Projects-Code/My-Learning/DSA-Pepcoding/Basics/PrintZ.java
2026.05.09 10:46:08 INFO  no build target found for /home/prerit/Projects-Code/My-Learning/DSA-Pepcoding/Basics/PrintZ.java. Using fallback presentation compiler.
2026.05.09 10:46:09 INFO  no build target found for /home/prerit/Projects-Code/My-Learning/DSA-Pepcoding/Basics/PrintZ.java. Using fallback presentation compiler.
2026.05.09 10:46:09 INFO  no build target found for /home/prerit/Projects-Code/My-Learning/DSA-Pepcoding/Basics/PrintZ.java. Using fallback presentation compiler.
2026.05.09 10:46:09 INFO  no build target found for /home/prerit/Projects-Code/My-Learning/DSA-Pepcoding/Basics/PrintZ.java. Using fallback presentation compiler.
2026.05.09 10:46:09 INFO  no build target found for /home/prerit/Projects-Code/My-Learning/DSA-Pepcoding/Basics/PrintZ.java. Using fallback presentation compiler.
2026.05.09 10:46:09 INFO  no build target found for /home/prerit/Projects-Code/My-Learning/DSA-Pepcoding/Basics/PrintZ.java. Using fallback presentation compiler.
2026.05.09 10:46:10 INFO  no build target found for /home/prerit/Projects-Code/My-Learning/DSA-Pepcoding/Basics/PrintZ.java. Using fallback presentation compiler.
May 09, 2026 10:46:10 AM org.eclipse.lsp4j.jsonrpc.RemoteEndpoint handleCancellation
WARNING: Unmatched cancel notification for request id 1181
2026.05.09 10:46:09 INFO  no build target found for /home/prerit/Projects-Code/My-Learning/DSA-Pepcoding/Basics/PrintZ.java. Using fallback presentation compiler.
2026.05.09 10:46:09 INFO  no build target found for /home/prerit/Projects-Code/My-Learning/DSA-Pepcoding/Basics/PrintZ.java. Using fallback presentation compiler.
2026.05.09 10:46:11 WARN  no build target for: /home/prerit/Projects-Code/My-Learning/DSA-Pepcoding/Basics/PrintZ.java
2026.05.09 10:46:11 INFO  no build target found for /home/prerit/Projects-Code/My-Learning/DSA-Pepcoding/Basics/PrintZ.java. Using fallback presentation compiler.
2026.05.09 10:46:11 INFO  no build target found for /home/prerit/Projects-Code/My-Learning/DSA-Pepcoding/Basics/PrintZ.java. Using fallback presentation compiler.
2026.05.09 10:46:11 INFO  no build target found for /home/prerit/Projects-Code/My-Learning/DSA-Pepcoding/Basics/PrintZ.java. Using fallback presentation compiler.
2026.05.09 10:46:11 INFO  no build target found for /home/prerit/Projects-Code/My-Learning/DSA-Pepcoding/Basics/PrintZ.java. Using fallback presentation compiler.
2026.05.09 10:46:11 INFO  no build target found for /home/prerit/Projects-Code/My-Learning/DSA-Pepcoding/Basics/PrintZ.java. Using fallback presentation compiler.
2026.05.09 10:46:11 INFO  no build target found for /home/prerit/Projects-Code/My-Learning/DSA-Pepcoding/Basics/PrintZ.java. Using fallback presentation compiler.
2026.05.09 10:46:11 INFO  no build target found for /home/prerit/Projects-Code/My-Learning/DSA-Pepcoding/Basics/PrintZ.java. Using fallback presentation compiler.
2026.05.09 10:46:13 INFO  no build target found for /home/prerit/Projects-Code/My-Learning/DSA-Pepcoding/Basics/PrintZ.java. Using fallback presentation compiler.
2026.05.09 10:46:13 INFO  no build target found for /home/prerit/Projects-Code/My-Learning/DSA-Pepcoding/Basics/PrintZ.java. Using fallback presentation compiler.
2026.05.09 10:46:14 WARN  no build target for: /home/prerit/Projects-Code/My-Learning/DSA-Pepcoding/Basics/PrintZ.java
2026.05.09 10:46:14 INFO  no build target found for /home/prerit/Projects-Code/My-Learning/DSA-Pepcoding/Basics/PrintZ.java. Using fallback presentation compiler.
2026.05.09 10:46:14 INFO  no build target found for /home/prerit/Projects-Code/My-Learning/DSA-Pepcoding/Basics/PrintZ.java. Using fallback presentation compiler.
2026.05.09 10:46:14 INFO  no build target found for /home/prerit/Projects-Code/My-Learning/DSA-Pepcoding/Basics/PrintZ.java. Using fallback presentation compiler.
2026.05.09 10:46:14 INFO  no build target found for /home/prerit/Projects-Code/My-Learning/DSA-Pepcoding/Basics/PrintZ.java. Using fallback presentation compiler.
2026.05.09 10:46:14 INFO  no build target found for /home/prerit/Projects-Code/My-Learning/DSA-Pepcoding/Basics/PrintZ.java. Using fallback presentation compiler.
2026.05.09 10:46:14 INFO  no build target found for /home/prerit/Projects-Code/My-Learning/DSA-Pepcoding/Basics/PrintZ.java. Using fallback presentation compiler.
2026.05.09 10:46:14 INFO  no build target found for /home/prerit/Projects-Code/My-Learning/DSA-Pepcoding/Basics/PrintZ.java. Using fallback presentation compiler.
2026.05.09 10:46:14 INFO  no build target found for /home/prerit/Projects-Code/My-Learning/DSA-Pepcoding/Basics/PrintZ.java. Using fallback presentation compiler.
2026.05.09 10:46:15 INFO  no build target found for /home/prerit/Projects-Code/My-Learning/DSA-Pepcoding/Basics/PrintZ.java. Using fallback presentation compiler.
2026.05.09 10:46:15 INFO  no build target found for /home/prerit/Projects-Code/My-Learning/DSA-Pepcoding/Basics/PrintZ.java. Using fallback presentation compiler.
2026.05.09 10:46:15 INFO  no build target found for /home/prerit/Projects-Code/My-Learning/DSA-Pepcoding/Basics/PrintZ.java. Using fallback presentation compiler.
2026.05.09 10:46:15 INFO  no build target found for /home/prerit/Projects-Code/My-Learning/DSA-Pepcoding/Basics/PrintZ.java. Using fallback presentation compiler.
2026.05.09 10:46:16 INFO  no build target found for /home/prerit/Projects-Code/My-Learning/DSA-Pepcoding/Basics/PrintZ.java. Using fallback presentation compiler.
2026.05.09 10:46:16 INFO  no build target found for /home/prerit/Projects-Code/My-Learning/DSA-Pepcoding/Basics/PrintZ.java. Using fallback presentation compiler.
2026.05.09 10:46:16 INFO  no build target found for /home/prerit/Projects-Code/My-Learning/DSA-Pepcoding/Basics/PrintZ.java. Using fallback presentation compiler.
2026.05.09 10:46:16 INFO  no build target found for /home/prerit/Projects-Code/My-Learning/DSA-Pepcoding/Basics/PrintZ.java. Using fallback presentation compiler.
2026.05.09 10:46:16 INFO  no build target found for /home/prerit/Projects-Code/My-Learning/DSA-Pepcoding/Basics/PrintZ.java. Using fallback presentation compiler.
2026.05.09 10:46:16 WARN  no build target for: /home/prerit/Projects-Code/My-Learning/DSA-Pepcoding/Basics/PrintZ.java
2026.05.09 10:46:17 INFO  no build target found for /home/prerit/Projects-Code/My-Learning/DSA-Pepcoding/Basics/PrintZ.java. Using fallback presentation compiler.
2026.05.09 10:46:18 INFO  no build target found for /home/prerit/Projects-Code/My-Learning/DSA-Pepcoding/Basics/PrintZ.java. Using fallback presentation compiler.
2026.05.09 10:46:18 INFO  no build target found for /home/prerit/Projects-Code/My-Learning/DSA-Pepcoding/Basics/PrintZ.java. Using fallback presentation compiler.
2026.05.09 10:46:18 INFO  no build target found for /home/prerit/Projects-Code/My-Learning/DSA-Pepcoding/Basics/PrintZ.java. Using fallback presentation compiler.
2026.05.09 10:46:18 INFO  no build target found for /home/prerit/Projects-Code/My-Learning/DSA-Pepcoding/Basics/PrintZ.java. Using fallback presentation compiler.
2026.05.09 10:46:19 WARN  Running javac-semanticdb failed for file:///home/prerit/Projects-Code/My-Learning/DSA-Pepcoding/Basics/PrintZ.java. Output:

2026.05.09 10:46:19 INFO  no build target found for /home/prerit/Projects-Code/My-Learning/DSA-Pepcoding/Basics/PrintZ.java. Using fallback presentation compiler.
2026.05.09 10:46:18 INFO  no build target found for /home/prerit/Projects-Code/My-Learning/DSA-Pepcoding/Basics/PrintZ.java. Using fallback presentation compiler.
2026.05.09 10:46:19 INFO  no build target found for /home/prerit/Projects-Code/My-Learning/DSA-Pepcoding/Basics/PrintZ.java. Using fallback presentation compiler.
2026.05.09 10:46:19 INFO  no build target found for /home/prerit/Projects-Code/My-Learning/DSA-Pepcoding/Basics/PrintZ.java. Using fallback presentation compiler.
2026.05.09 10:46:20 WARN  no build target for: /home/prerit/Projects-Code/My-Learning/DSA-Pepcoding/Basics/PrintZ.java
2026.05.09 10:46:19 INFO  no build target found for /home/prerit/Projects-Code/My-Learning/DSA-Pepcoding/Basics/PrintZ.java. Using fallback presentation compiler.
2026.05.09 10:46:20 WARN  Running javac-semanticdb failed for file:///home/prerit/Projects-Code/My-Learning/DSA-Pepcoding/Basics/PrintZ.java. Output:

2026.05.09 10:46:20 INFO  no build target found for /home/prerit/Projects-Code/My-Learning/DSA-Pepcoding/Basics/PrintZ.java. Using fallback presentation compiler.
2026.05.09 10:46:19 INFO  no build target found for /home/prerit/Projects-Code/My-Learning/DSA-Pepcoding/Basics/PrintZ.java. Using fallback presentation compiler.
2026.05.09 10:46:20 INFO  no build target found for /home/prerit/Projects-Code/My-Learning/DSA-Pepcoding/Basics/PrintZ.java. Using fallback presentation compiler.
2026.05.09 10:46:20 INFO  no build target found for /home/prerit/Projects-Code/My-Learning/DSA-Pepcoding/Basics/PrintZ.java. Using fallback presentation compiler.
2026.05.09 10:46:21 WARN  no build target for: /home/prerit/Projects-Code/My-Learning/DSA-Pepcoding/Basics/PrintZ.java
2026.05.09 10:46:21 INFO  no build target found for /home/prerit/Projects-Code/My-Learning/DSA-Pepcoding/Basics/PrintZ.java. Using fallback presentation compiler.
2026.05.09 10:46:21 WARN  Running javac-semanticdb failed for file:///home/prerit/Projects-Code/My-Learning/DSA-Pepcoding/Basics/PrintZ.java. Output:

2026.05.09 10:46:20 INFO  no build target found for /home/prerit/Projects-Code/My-Learning/DSA-Pepcoding/Basics/PrintZ.java. Using fallback presentation compiler.
2026.05.09 10:46:22 INFO  no build target found for /home/prerit/Projects-Code/My-Learning/DSA-Pepcoding/Basics/PrintZ.java. Using fallback presentation compiler.
2026.05.09 10:46:22 WARN  no build target for: /home/prerit/Projects-Code/My-Learning/DSA-Pepcoding/Basics/PrintZ.java
2026.05.09 10:46:22 INFO  no build target found for /home/prerit/Projects-Code/My-Learning/DSA-Pepcoding/Basics/PrintZ.java. Using fallback presentation compiler.
2026.05.09 10:46:22 INFO  no build target found for /home/prerit/Projects-Code/My-Learning/DSA-Pepcoding/Basics/PrintZ.java. Using fallback presentation compiler.
2026.05.09 10:46:22 INFO  no build target found for /home/prerit/Projects-Code/My-Learning/DSA-Pepcoding/Basics/PrintZ.java. Using fallback presentation compiler.
2026.05.09 10:46:22 INFO  no build target found for /home/prerit/Projects-Code/My-Learning/DSA-Pepcoding/Basics/PrintZ.java. Using fallback presentation compiler.
2026.05.09 10:46:23 INFO  no build target found for /home/prerit/Projects-Code/My-Learning/DSA-Pepcoding/Basics/PrintZ.java. Using fallback presentation compiler.
2026.05.09 10:46:23 WARN  no build target for: /home/prerit/Projects-Code/My-Learning/DSA-Pepcoding/Basics/PrintZ.java
2026.05.09 10:46:23 INFO  no build target found for /home/prerit/Projects-Code/My-Learning/DSA-Pepcoding/Basics/PrintZ.java. Using fallback presentation compiler.
2026.05.09 10:46:25 INFO  no build target found for /home/prerit/Projects-Code/My-Learning/DSA-Pepcoding/Basics/PrintZ.java. Using fallback presentation compiler.
2026.05.09 10:46:25 INFO  no build target found for /home/prerit/Projects-Code/My-Learning/DSA-Pepcoding/Basics/PrintZ.java. Using fallback presentation compiler.
2026.05.09 10:46:25 INFO  no build target found for /home/prerit/Projects-Code/My-Learning/DSA-Pepcoding/Basics/PrintZ.java. Using fallback presentation compiler.
2026.05.09 10:46:25 INFO  no build target found for /home/prerit/Projects-Code/My-Learning/DSA-Pepcoding/Basics/PrintZ.java. Using fallback presentation compiler.
2026.05.09 10:46:26 INFO  no build target found for /home/prerit/Projects-Code/My-Learning/DSA-Pepcoding/Basics/PrintZ.java. Using fallback presentation compiler.
2026.05.09 10:46:25 INFO  no build target found for /home/prerit/Projects-Code/My-Learning/DSA-Pepcoding/Basics/PrintZ.java. Using fallback presentation compiler.
2026.05.09 10:46:25 INFO  no build target found for /home/prerit/Projects-Code/My-Learning/DSA-Pepcoding/Basics/PrintZ.java. Using fallback presentation compiler.
2026.05.09 10:46:25 INFO  no build target found for /home/prerit/Projects-Code/My-Learning/DSA-Pepcoding/Basics/PrintZ.java. Using fallback presentation compiler.
2026.05.09 10:46:25 INFO  no build target found for /home/prerit/Projects-Code/My-Learning/DSA-Pepcoding/Basics/PrintZ.java. Using fallback presentation compiler.
2026.05.09 10:46:26 INFO  no build target found for /home/prerit/Projects-Code/My-Learning/DSA-Pepcoding/Basics/PrintZ.java. Using fallback presentation compiler.
2026.05.09 10:46:25 INFO  no build target found for /home/prerit/Projects-Code/My-Learning/DSA-Pepcoding/Basics/PrintZ.java. Using fallback presentation compiler.
2026.05.09 10:46:25 INFO  no build target found for /home/prerit/Projects-Code/My-Learning/DSA-Pepcoding/Basics/PrintZ.java. Using fallback presentation compiler.
May 09, 2026 10:46:26 AM org.eclipse.lsp4j.jsonrpc.RemoteEndpoint handleCancellation
WARNING: Unmatched cancel notification for request id 1298
2026.05.09 10:46:26 INFO  no build target found for /home/prerit/Projects-Code/My-Learning/DSA-Pepcoding/Basics/PrintZ.java. Using fallback presentation compiler.
May 09, 2026 10:46:26 AM org.eclipse.lsp4j.jsonrpc.RemoteEndpoint handleCancellation
WARNING: Unmatched cancel notification for request id 1301
2026.05.09 10:46:26 INFO  no build target found for /home/prerit/Projects-Code/My-Learning/DSA-Pepcoding/Basics/PrintZ.java. Using fallback presentation compiler.
2026.05.09 10:46:26 INFO  no build target found for /home/prerit/Projects-Code/My-Learning/DSA-Pepcoding/Basics/PrintZ.java. Using fallback presentation compiler.
2026.05.09 10:46:26 INFO  no build target found for /home/prerit/Projects-Code/My-Learning/DSA-Pepcoding/Basics/PrintZ.java. Using fallback presentation compiler.
2026.05.09 10:46:26 INFO  no build target found for /home/prerit/Projects-Code/My-Learning/DSA-Pepcoding/Basics/PrintZ.java. Using fallback presentation compiler.
2026.05.09 10:46:28 WARN  no build target for: /home/prerit/Projects-Code/My-Learning/DSA-Pepcoding/Basics/PrintZ.java
2026.05.09 10:46:28 INFO  no build target found for /home/prerit/Projects-Code/My-Learning/DSA-Pepcoding/Basics/PrintZ.java. Using fallback presentation compiler.
2026.05.09 10:46:29 INFO  no build target found for /home/prerit/Projects-Code/My-Learning/DSA-Pepcoding/Basics/PrintZ.java. Using fallback presentation compiler.
2026.05.09 10:46:30 INFO  no build target found for /home/prerit/Projects-Code/My-Learning/DSA-Pepcoding/Basics/PrintZ.java. Using fallback presentation compiler.
2026.05.09 10:52:04 INFO  no build target found for /home/prerit/Projects-Code/My-Learning/DSA-Pepcoding/Basics/PrintZ.java. Using fallback presentation compiler.
2026.05.09 10:52:17 INFO  no build target found for /home/prerit/Projects-Code/My-Learning/DSA-Pepcoding/Basics/PrintZ.java. Using fallback presentation compiler.
2026.05.09 10:52:55 INFO  no build target found for /home/prerit/Projects-Code/My-Learning/DSA-Pepcoding/Basics/PrintZ.java. Using fallback presentation compiler.
2026.05.09 10:52:56 INFO  no build target found for /home/prerit/Projects-Code/My-Learning/DSA-Pepcoding/Basics/PrintZ.java. Using fallback presentation compiler.
2026.05.09 10:53:05 WARN  no build target for: /home/prerit/Projects-Code/My-Learning/DSA-Pepcoding/Basics/Variables.java
2026.05.09 10:53:05 WARN  Running javac-semanticdb failed for file:///home/prerit/Projects-Code/My-Learning/DSA-Pepcoding/Basics/Variables.java. Output:

2026.05.09 10:53:05 INFO  no build target found for /home/prerit/Projects-Code/My-Learning/DSA-Pepcoding/Basics/Variables.java. Using fallback presentation compiler.
2026.05.09 10:53:07 INFO  no build target found for /home/prerit/Projects-Code/My-Learning/DSA-Pepcoding/Basics/PrintZ.java. Using fallback presentation compiler.
2026.05.09 10:53:07 INFO  no build target found for /home/prerit/Projects-Code/My-Learning/DSA-Pepcoding/Basics/Variables.java. Using fallback presentation compiler.
2026.05.09 10:53:07 INFO  no build target found for /home/prerit/Projects-Code/My-Learning/DSA-Pepcoding/Basics/Variables.java. Using fallback presentation compiler.
2026.05.09 10:53:07 INFO  no build target found for /home/prerit/Projects-Code/My-Learning/DSA-Pepcoding/Basics/Variables.java. Using fallback presentation compiler.
May 09, 2026 10:53:07 AM org.eclipse.lsp4j.jsonrpc.RemoteEndpoint handleCancellation
WARNING: Unmatched cancel notification for request id 1330
2026.05.09 10:53:07 INFO  no build target found for /home/prerit/Projects-Code/My-Learning/DSA-Pepcoding/Basics/Variables.java. Using fallback presentation compiler.
2026.05.09 10:53:08 WARN  no build target for: /home/prerit/Projects-Code/My-Learning/DSA-Pepcoding/Basics/Variables.java
2026.05.09 10:53:08 INFO  no build target found for /home/prerit/Projects-Code/My-Learning/DSA-Pepcoding/Basics/Variables.java. Using fallback presentation compiler.
2026.05.09 10:53:08 INFO  no build target found for /home/prerit/Projects-Code/My-Learning/DSA-Pepcoding/Basics/PrintZ.java. Using fallback presentation compiler.
2026.05.09 10:53:39 INFO  no build target found for /home/prerit/Projects-Code/My-Learning/DSA-Pepcoding/Basics/Variables.java. Using fallback presentation compiler.
2026.05.09 10:53:39 INFO  no build target found for /home/prerit/Projects-Code/My-Learning/DSA-Pepcoding/Basics/DataTypes.java. Using fallback presentation compiler.
2026.05.09 10:53:40 WARN  no build target for: /home/prerit/Projects-Code/My-Learning/DSA-Pepcoding/Basics/DataTypes.java
May 09, 2026 10:53:40 AM org.eclipse.lsp4j.jsonrpc.RemoteEndpoint handleCancellation
WARNING: Unmatched cancel notification for request id 1341
2026.05.09 10:53:39 INFO  no build target found for /home/prerit/Projects-Code/My-Learning/DSA-Pepcoding/Basics/Variables.java. Using fallback presentation compiler.
2026.05.09 10:53:41 INFO  no build target found for /home/prerit/Projects-Code/My-Learning/DSA-Pepcoding/Basics/DataTypes.java. Using fallback presentation compiler.
2026.05.09 10:53:40 INFO  no build target found for /home/prerit/Projects-Code/My-Learning/DSA-Pepcoding/Basics/DataTypes.java. Using fallback presentation compiler.
2026.05.09 10:53:41 INFO  no build target found for /home/prerit/Projects-Code/My-Learning/DSA-Pepcoding/Basics/DataTypes.java. Using fallback presentation compiler.
2026.05.09 10:53:41 INFO  no build target found for /home/prerit/Projects-Code/My-Learning/DSA-Pepcoding/Basics/PrintZ.java. Using fallback presentation compiler.
2026.05.09 10:53:42 WARN  no build target for: /home/prerit/Projects-Code/My-Learning/DSA-Pepcoding/Basics/DataTypes.java
2026.05.09 10:53:42 INFO  no build target found for /home/prerit/Projects-Code/My-Learning/DSA-Pepcoding/Basics/DataTypes.java. Using fallback presentation compiler.
2026.05.09 10:53:42 INFO  no build target found for /home/prerit/Projects-Code/My-Learning/DSA-Pepcoding/Basics/PrintZ.java. Using fallback presentation compiler.
2026.05.09 10:53:42 INFO  no build target found for /home/prerit/Projects-Code/My-Learning/DSA-Pepcoding/Basics/DataTypes.java. Using fallback presentation compiler.
2026.05.09 10:53:43 INFO  no build target found for /home/prerit/Projects-Code/My-Learning/DSA-Pepcoding/Basics/DataTypes.java. Using fallback presentation compiler.
2026.05.09 10:53:44 INFO  no build target found for /home/prerit/Projects-Code/My-Learning/DSA-Pepcoding/Basics/DataTypes.java. Using fallback presentation compiler.
2026.05.09 10:53:45 INFO  no build target found for /home/prerit/Projects-Code/My-Learning/DSA-Pepcoding/Basics/DataTypes.java. Using fallback presentation compiler.
2026.05.09 10:53:45 WARN  no build target for: /home/prerit/Projects-Code/My-Learning/DSA-Pepcoding/Basics/DataTypes.java
2026.05.09 10:53:45 INFO  no build target found for /home/prerit/Projects-Code/My-Learning/DSA-Pepcoding/Basics/DataTypes.java. Using fallback presentation compiler.
2026.05.09 10:53:50 INFO  no build target found for /home/prerit/Projects-Code/My-Learning/DSA-Pepcoding/Basics/DataTypes.java. Using fallback presentation compiler.
2026.05.09 10:53:50 INFO  no build target found for /home/prerit/Projects-Code/My-Learning/DSA-Pepcoding/Basics/DataTypes.java. Using fallback presentation compiler.
2026.05.09 10:53:50 INFO  no build target found for /home/prerit/Projects-Code/My-Learning/DSA-Pepcoding/Basics/DataTypes.java. Using fallback presentation compiler.
2026.05.09 10:53:50 INFO  no build target found for /home/prerit/Projects-Code/My-Learning/DSA-Pepcoding/Basics/DataTypes.java. Using fallback presentation compiler.
2026.05.09 10:53:50 INFO  no build target found for /home/prerit/Projects-Code/My-Learning/DSA-Pepcoding/Basics/DataTypes.java. Using fallback presentation compiler.
2026.05.09 10:53:50 INFO  no build target found for /home/prerit/Projects-Code/My-Learning/DSA-Pepcoding/Basics/DataTypes.java. Using fallback presentation compiler.
May 09, 2026 10:53:51 AM org.eclipse.lsp4j.jsonrpc.RemoteEndpoint handleCancellation
WARNING: Unmatched cancel notification for request id 1363
2026.05.09 10:53:52 WARN  no build target for: /home/prerit/Projects-Code/My-Learning/DSA-Pepcoding/Basics/DataTypes.java
2026.05.09 10:53:52 INFO  Created report: Optional[file:///home/prerit/Projects-Code/My-Learning/DSA-Pepcoding/Basics/DataTypes.java]
2026.05.09 10:53:52 INFO  QDox parse error in file:///home/prerit/Projects-Code/My-Learning/DSA-Pepcoding/Basics/DataTypes.java (full report at: "/home/prerit/Projects-Code/My-Learning/DSA-Pepcoding/.metals/.reports/metals-full/2026-05-09/r_qdox-error_10-53-52-033.md")
2026.05.09 10:53:52 INFO  no build target found for /home/prerit/Projects-Code/My-Learning/DSA-Pepcoding/Basics/DataTypes.java. Using fallback presentation compiler.
2026.05.09 10:53:52 INFO  no build target found for /home/prerit/Projects-Code/My-Learning/DSA-Pepcoding/Basics/DataTypes.java. Using fallback presentation compiler.
2026.05.09 10:53:52 INFO  no build target found for /home/prerit/Projects-Code/My-Learning/DSA-Pepcoding/Basics/DataTypes.java. Using fallback presentation compiler.
2026.05.09 10:53:52 INFO  no build target found for /home/prerit/Projects-Code/My-Learning/DSA-Pepcoding/Basics/DataTypes.java. Using fallback presentation compiler.
2026.05.09 10:53:53 WARN  Running javac-semanticdb failed for file:///home/prerit/Projects-Code/My-Learning/DSA-Pepcoding/Basics/DataTypes.java. Output:

2026.05.09 10:53:53 INFO  no build target found for /home/prerit/Projects-Code/My-Learning/DSA-Pepcoding/Basics/DataTypes.java. Using fallback presentation compiler.
2026.05.09 10:53:54 INFO  QDox parse error in file:///home/prerit/Projects-Code/My-Learning/DSA-Pepcoding/Basics/DataTypes.java (full report at: "/home/prerit/Projects-Code/My-Learning/DSA-Pepcoding/.metals/.reports/metals-full/2026-05-09/r_qdox-error_10-53-52-033.md")
2026.05.09 10:53:54 WARN  no build target for: /home/prerit/Projects-Code/My-Learning/DSA-Pepcoding/Basics/DataTypes.java
2026.05.09 10:53:53 INFO  no build target found for /home/prerit/Projects-Code/My-Learning/DSA-Pepcoding/Basics/DataTypes.java. Using fallback presentation compiler.
2026.05.09 10:53:53 INFO  no build target found for /home/prerit/Projects-Code/My-Learning/DSA-Pepcoding/Basics/DataTypes.java. Using fallback presentation compiler.
2026.05.09 10:53:53 INFO  no build target found for /home/prerit/Projects-Code/My-Learning/DSA-Pepcoding/Basics/DataTypes.java. Using fallback presentation compiler.
2026.05.09 10:53:55 INFO  no build target found for /home/prerit/Projects-Code/My-Learning/DSA-Pepcoding/Basics/DataTypes.java. Using fallback presentation compiler.
2026.05.09 10:53:55 INFO  no build target found for /home/prerit/Projects-Code/My-Learning/DSA-Pepcoding/Basics/DataTypes.java. Using fallback presentation compiler.
2026.05.09 10:53:55 INFO  no build target found for /home/prerit/Projects-Code/My-Learning/DSA-Pepcoding/Basics/DataTypes.java. Using fallback presentation compiler.
2026.05.09 10:53:55 INFO  no build target found for /home/prerit/Projects-Code/My-Learning/DSA-Pepcoding/Basics/DataTypes.java. Using fallback presentation compiler.
2026.05.09 10:53:55 INFO  no build target found for /home/prerit/Projects-Code/My-Learning/DSA-Pepcoding/Basics/DataTypes.java. Using fallback presentation compiler.
2026.05.09 10:53:55 INFO  no build target found for /home/prerit/Projects-Code/My-Learning/DSA-Pepcoding/Basics/DataTypes.java. Using fallback presentation compiler.
2026.05.09 10:53:56 INFO  no build target found for /home/prerit/Projects-Code/My-Learning/DSA-Pepcoding/Basics/DataTypes.java. Using fallback presentation compiler.
2026.05.09 10:53:56 INFO  no build target found for /home/prerit/Projects-Code/My-Learning/DSA-Pepcoding/Basics/DataTypes.java. Using fallback presentation compiler.
2026.05.09 10:53:56 INFO  no build target found for /home/prerit/Projects-Code/My-Learning/DSA-Pepcoding/Basics/DataTypes.java. Using fallback presentation compiler.
2026.05.09 10:53:57 INFO  no build target found for /home/prerit/Projects-Code/My-Learning/DSA-Pepcoding/Basics/DataTypes.java. Using fallback presentation compiler.
May 09, 2026 10:53:57 AM org.eclipse.lsp4j.jsonrpc.RemoteEndpoint handleCancellation
WARNING: Unmatched cancel notification for request id 1395
2026.05.09 10:53:56 INFO  no build target found for /home/prerit/Projects-Code/My-Learning/DSA-Pepcoding/Basics/DataTypes.java. Using fallback presentation compiler.
2026.05.09 10:53:56 INFO  no build target found for /home/prerit/Projects-Code/My-Learning/DSA-Pepcoding/Basics/DataTypes.java. Using fallback presentation compiler.
2026.05.09 10:53:57 INFO  no build target found for /home/prerit/Projects-Code/My-Learning/DSA-Pepcoding/Basics/DataTypes.java. Using fallback presentation compiler.
2026.05.09 10:53:57 INFO  no build target found for /home/prerit/Projects-Code/My-Learning/DSA-Pepcoding/Basics/DataTypes.java. Using fallback presentation compiler.
2026.05.09 10:53:57 INFO  no build target found for /home/prerit/Projects-Code/My-Learning/DSA-Pepcoding/Basics/DataTypes.java. Using fallback presentation compiler.
2026.05.09 10:53:58 WARN  no build target for: /home/prerit/Projects-Code/My-Learning/DSA-Pepcoding/Basics/DataTypes.java
2026.05.09 10:53:58 INFO  QDox parse error in file:///home/prerit/Projects-Code/My-Learning/DSA-Pepcoding/Basics/DataTypes.java (full report at: "/home/prerit/Projects-Code/My-Learning/DSA-Pepcoding/.metals/.reports/metals-full/2026-05-09/r_qdox-error_10-53-52-033.md")
2026.05.09 10:53:59 INFO  no build target found for /home/prerit/Projects-Code/My-Learning/DSA-Pepcoding/Basics/DataTypes.java. Using fallback presentation compiler.
2026.05.09 10:53:59 INFO  no build target found for /home/prerit/Projects-Code/My-Learning/DSA-Pepcoding/Basics/DataTypes.java. Using fallback presentation compiler.
2026.05.09 10:53:59 INFO  no build target found for /home/prerit/Projects-Code/My-Learning/DSA-Pepcoding/Basics/DataTypes.java. Using fallback presentation compiler.
2026.05.09 10:54:00 INFO  no build target found for /home/prerit/Projects-Code/My-Learning/DSA-Pepcoding/Basics/DataTypes.java. Using fallback presentation compiler.
2026.05.09 10:54:00 INFO  no build target found for /home/prerit/Projects-Code/My-Learning/DSA-Pepcoding/Basics/DataTypes.java. Using fallback presentation compiler.
2026.05.09 10:54:01 INFO  no build target found for /home/prerit/Projects-Code/My-Learning/DSA-Pepcoding/Basics/DataTypes.java. Using fallback presentation compiler.
2026.05.09 10:54:00 INFO  no build target found for /home/prerit/Projects-Code/My-Learning/DSA-Pepcoding/Basics/DataTypes.java. Using fallback presentation compiler.
2026.05.09 10:54:00 INFO  no build target found for /home/prerit/Projects-Code/My-Learning/DSA-Pepcoding/Basics/DataTypes.java. Using fallback presentation compiler.
2026.05.09 10:54:01 INFO  no build target found for /home/prerit/Projects-Code/My-Learning/DSA-Pepcoding/Basics/DataTypes.java. Using fallback presentation compiler.
2026.05.09 10:54:01 INFO  no build target found for /home/prerit/Projects-Code/My-Learning/DSA-Pepcoding/Basics/DataTypes.java. Using fallback presentation compiler.
2026.05.09 10:54:01 INFO  no build target found for /home/prerit/Projects-Code/My-Learning/DSA-Pepcoding/Basics/DataTypes.java. Using fallback presentation compiler.
2026.05.09 10:54:01 INFO  no build target found for /home/prerit/Projects-Code/My-Learning/DSA-Pepcoding/Basics/DataTypes.java. Using fallback presentation compiler.
2026.05.09 10:54:02 INFO  no build target found for /home/prerit/Projects-Code/My-Learning/DSA-Pepcoding/Basics/DataTypes.java. Using fallback presentation compiler.
2026.05.09 10:54:03 WARN  no build target for: /home/prerit/Projects-Code/My-Learning/DSA-Pepcoding/Basics/DataTypes.java
2026.05.09 10:54:03 INFO  no build target found for /home/prerit/Projects-Code/My-Learning/DSA-Pepcoding/Basics/DataTypes.java. Using fallback presentation compiler.
2026.05.09 10:54:03 INFO  no build target found for /home/prerit/Projects-Code/My-Learning/DSA-Pepcoding/Basics/DataTypes.java. Using fallback presentation compiler.
2026.05.09 10:54:03 INFO  no build target found for /home/prerit/Projects-Code/My-Learning/DSA-Pepcoding/Basics/DataTypes.java. Using fallback presentation compiler.
2026.05.09 10:54:03 INFO  no build target found for /home/prerit/Projects-Code/My-Learning/DSA-Pepcoding/Basics/DataTypes.java. Using fallback presentation compiler.
2026.05.09 10:54:03 INFO  no build target found for /home/prerit/Projects-Code/My-Learning/DSA-Pepcoding/Basics/DataTypes.java. Using fallback presentation compiler.
2026.05.09 10:54:04 INFO  no build target found for /home/prerit/Projects-Code/My-Learning/DSA-Pepcoding/Basics/DataTypes.java. Using fallback presentation compiler.
2026.05.09 10:54:04 INFO  no build target found for /home/prerit/Projects-Code/My-Learning/DSA-Pepcoding/Basics/DataTypes.java. Using fallback presentation compiler.
2026.05.09 10:54:05 WARN  Running javac-semanticdb failed for file:///home/prerit/Projects-Code/My-Learning/DSA-Pepcoding/Basics/DataTypes.java. Output:

2026.05.09 10:54:05 INFO  QDox parse error in file:///home/prerit/Projects-Code/My-Learning/DSA-Pepcoding/Basics/DataTypes.java (full report at: "/home/prerit/Projects-Code/My-Learning/DSA-Pepcoding/.metals/.reports/metals-full/2026-05-09/r_qdox-error_10-53-52-033.md")
2026.05.09 10:54:05 WARN  no build target for: /home/prerit/Projects-Code/My-Learning/DSA-Pepcoding/Basics/DataTypes.java
2026.05.09 10:54:05 INFO  no build target found for /home/prerit/Projects-Code/My-Learning/DSA-Pepcoding/Basics/DataTypes.java. Using fallback presentation compiler.
2026.05.09 10:54:06 INFO  no build target found for /home/prerit/Projects-Code/My-Learning/DSA-Pepcoding/Basics/DataTypes.java. Using fallback presentation compiler.
2026.05.09 10:54:06 INFO  no build target found for /home/prerit/Projects-Code/My-Learning/DSA-Pepcoding/Basics/DataTypes.java. Using fallback presentation compiler.
2026.05.09 10:54:06 INFO  no build target found for /home/prerit/Projects-Code/My-Learning/DSA-Pepcoding/Basics/DataTypes.java. Using fallback presentation compiler.
2026.05.09 10:54:07 WARN  no build target for: /home/prerit/Projects-Code/My-Learning/DSA-Pepcoding/Basics/DataTypes.java
2026.05.09 10:54:07 INFO  no build target found for /home/prerit/Projects-Code/My-Learning/DSA-Pepcoding/Basics/DataTypes.java. Using fallback presentation compiler.
2026.05.09 10:54:10 INFO  no build target found for /home/prerit/Projects-Code/My-Learning/DSA-Pepcoding/Basics/DataTypes.java. Using fallback presentation compiler.
2026.05.09 10:54:11 INFO  no build target found for /home/prerit/Projects-Code/My-Learning/DSA-Pepcoding/Basics/DataTypes.java. Using fallback presentation compiler.
2026.05.09 10:54:11 INFO  no build target found for /home/prerit/Projects-Code/My-Learning/DSA-Pepcoding/Basics/DataTypes.java. Using fallback presentation compiler.
2026.05.09 10:54:11 WARN  no build target for: /home/prerit/Projects-Code/My-Learning/DSA-Pepcoding/Basics/DataTypes.java
2026.05.09 10:54:12 INFO  no build target found for /home/prerit/Projects-Code/My-Learning/DSA-Pepcoding/Basics/DataTypes.java. Using fallback presentation compiler.
2026.05.09 10:54:16 INFO  no build target found for /home/prerit/Projects-Code/My-Learning/DSA-Pepcoding/Basics/DataTypes.java. Using fallback presentation compiler.
2026.05.09 10:54:16 INFO  no build target found for /home/prerit/Projects-Code/My-Learning/DSA-Pepcoding/Basics/DataTypes.java. Using fallback presentation compiler.
2026.05.09 10:54:16 INFO  no build target found for /home/prerit/Projects-Code/My-Learning/DSA-Pepcoding/Basics/DataTypes.java. Using fallback presentation compiler.
2026.05.09 10:54:16 INFO  no build target found for /home/prerit/Projects-Code/My-Learning/DSA-Pepcoding/Basics/DataTypes.java. Using fallback presentation compiler.
2026.05.09 10:54:17 INFO  no build target found for /home/prerit/Projects-Code/My-Learning/DSA-Pepcoding/Basics/DataTypes.java. Using fallback presentation compiler.
2026.05.09 10:54:17 INFO  no build target found for /home/prerit/Projects-Code/My-Learning/DSA-Pepcoding/Basics/DataTypes.java. Using fallback presentation compiler.
2026.05.09 10:54:17 INFO  no build target found for /home/prerit/Projects-Code/My-Learning/DSA-Pepcoding/Basics/DataTypes.java. Using fallback presentation compiler.
2026.05.09 10:54:18 INFO  no build target found for /home/prerit/Projects-Code/My-Learning/DSA-Pepcoding/Basics/DataTypes.java. Using fallback presentation compiler.
2026.05.09 10:54:19 WARN  no build target for: /home/prerit/Projects-Code/My-Learning/DSA-Pepcoding/Basics/DataTypes.java
2026.05.09 10:54:19 INFO  no build target found for /home/prerit/Projects-Code/My-Learning/DSA-Pepcoding/Basics/DataTypes.java. Using fallback presentation compiler.
2026.05.09 10:54:19 INFO  no build target found for /home/prerit/Projects-Code/My-Learning/DSA-Pepcoding/Basics/DataTypes.java. Using fallback presentation compiler.
2026.05.09 10:54:19 INFO  no build target found for /home/prerit/Projects-Code/My-Learning/DSA-Pepcoding/Basics/DataTypes.java. Using fallback presentation compiler.
2026.05.09 10:54:19 INFO  no build target found for /home/prerit/Projects-Code/My-Learning/DSA-Pepcoding/Basics/DataTypes.java. Using fallback presentation compiler.
2026.05.09 10:54:19 INFO  no build target found for /home/prerit/Projects-Code/My-Learning/DSA-Pepcoding/Basics/DataTypes.java. Using fallback presentation compiler.
2026.05.09 10:54:20 INFO  no build target found for /home/prerit/Projects-Code/My-Learning/DSA-Pepcoding/Basics/DataTypes.java. Using fallback presentation compiler.
2026.05.09 10:54:20 INFO  no build target found for /home/prerit/Projects-Code/My-Learning/DSA-Pepcoding/Basics/DataTypes.java. Using fallback presentation compiler.
2026.05.09 10:54:20 INFO  no build target found for /home/prerit/Projects-Code/My-Learning/DSA-Pepcoding/Basics/DataTypes.java. Using fallback presentation compiler.
2026.05.09 10:54:20 INFO  no build target found for /home/prerit/Projects-Code/My-Learning/DSA-Pepcoding/Basics/DataTypes.java. Using fallback presentation compiler.
2026.05.09 10:54:20 INFO  no build target found for /home/prerit/Projects-Code/My-Learning/DSA-Pepcoding/Basics/DataTypes.java. Using fallback presentation compiler.
2026.05.09 10:54:20 INFO  no build target found for /home/prerit/Projects-Code/My-Learning/DSA-Pepcoding/Basics/DataTypes.java. Using fallback presentation compiler.
2026.05.09 10:54:20 INFO  no build target found for /home/prerit/Projects-Code/My-Learning/DSA-Pepcoding/Basics/DataTypes.java. Using fallback presentation compiler.
2026.05.09 10:54:20 INFO  no build target found for /home/prerit/Projects-Code/My-Learning/DSA-Pepcoding/Basics/DataTypes.java. Using fallback presentation compiler.
2026.05.09 10:54:21 INFO  no build target found for /home/prerit/Projects-Code/My-Learning/DSA-Pepcoding/Basics/DataTypes.java. Using fallback presentation compiler.
2026.05.09 10:54:20 INFO  no build target found for /home/prerit/Projects-Code/My-Learning/DSA-Pepcoding/Basics/DataTypes.java. Using fallback presentation compiler.
2026.05.09 10:54:21 INFO  no build target found for /home/prerit/Projects-Code/My-Learning/DSA-Pepcoding/Basics/DataTypes.java. Using fallback presentation compiler.
2026.05.09 10:54:21 INFO  no build target found for /home/prerit/Projects-Code/My-Learning/DSA-Pepcoding/Basics/DataTypes.java. Using fallback presentation compiler.
2026.05.09 10:54:21 INFO  no build target found for /home/prerit/Projects-Code/My-Learning/DSA-Pepcoding/Basics/DataTypes.java. Using fallback presentation compiler.
2026.05.09 10:54:21 INFO  no build target found for /home/prerit/Projects-Code/My-Learning/DSA-Pepcoding/Basics/DataTypes.java. Using fallback presentation compiler.
2026.05.09 10:54:21 INFO  no build target found for /home/prerit/Projects-Code/My-Learning/DSA-Pepcoding/Basics/DataTypes.java. Using fallback presentation compiler.
2026.05.09 10:54:21 INFO  no build target found for /home/prerit/Projects-Code/My-Learning/DSA-Pepcoding/Basics/DataTypes.java. Using fallback presentation compiler.
2026.05.09 10:54:22 INFO  no build target found for /home/prerit/Projects-Code/My-Learning/DSA-Pepcoding/Basics/DataTypes.java. Using fallback presentation compiler.
2026.05.09 10:54:21 INFO  no build target found for /home/prerit/Projects-Code/My-Learning/DSA-Pepcoding/Basics/DataTypes.java. Using fallback presentation compiler.
2026.05.09 10:54:22 INFO  no build target found for /home/prerit/Projects-Code/My-Learning/DSA-Pepcoding/Basics/DataTypes.java. Using fallback presentation compiler.
2026.05.09 10:54:22 INFO  no build target found for /home/prerit/Projects-Code/My-Learning/DSA-Pepcoding/Basics/DataTypes.java. Using fallback presentation compiler.
2026.05.09 10:54:22 INFO  no build target found for /home/prerit/Projects-Code/My-Learning/DSA-Pepcoding/Basics/DataTypes.java. Using fallback presentation compiler.
2026.05.09 10:54:22 INFO  no build target found for /home/prerit/Projects-Code/My-Learning/DSA-Pepcoding/Basics/DataTypes.java. Using fallback presentation compiler.
2026.05.09 10:54:24 INFO  no build target found for /home/prerit/Projects-Code/My-Learning/DSA-Pepcoding/Basics/DataTypes.java. Using fallback presentation compiler.
2026.05.09 10:54:24 INFO  no build target found for /home/prerit/Projects-Code/My-Learning/DSA-Pepcoding/Basics/DataTypes.java. Using fallback presentation compiler.
May 09, 2026 10:54:24 AM org.eclipse.lsp4j.jsonrpc.RemoteEndpoint handleCancellation
WARNING: Unmatched cancel notification for request id 1509
2026.05.09 10:54:24 INFO  no build target found for /home/prerit/Projects-Code/My-Learning/DSA-Pepcoding/Basics/DataTypes.java. Using fallback presentation compiler.
2026.05.09 10:54:24 INFO  no build target found for /home/prerit/Projects-Code/My-Learning/DSA-Pepcoding/Basics/DataTypes.java. Using fallback presentation compiler.
2026.05.09 10:54:24 INFO  no build target found for /home/prerit/Projects-Code/My-Learning/DSA-Pepcoding/Basics/DataTypes.java. Using fallback presentation compiler.
2026.05.09 10:54:24 INFO  no build target found for /home/prerit/Projects-Code/My-Learning/DSA-Pepcoding/Basics/DataTypes.java. Using fallback presentation compiler.
2026.05.09 10:54:24 INFO  no build target found for /home/prerit/Projects-Code/My-Learning/DSA-Pepcoding/Basics/DataTypes.java. Using fallback presentation compiler.
2026.05.09 10:54:24 INFO  no build target found for /home/prerit/Projects-Code/My-Learning/DSA-Pepcoding/Basics/DataTypes.java. Using fallback presentation compiler.
2026.05.09 10:54:24 INFO  no build target found for /home/prerit/Projects-Code/My-Learning/DSA-Pepcoding/Basics/DataTypes.java. Using fallback presentation compiler.
2026.05.09 10:54:25 INFO  no build target found for /home/prerit/Projects-Code/My-Learning/DSA-Pepcoding/Basics/DataTypes.java. Using fallback presentation compiler.
2026.05.09 10:54:25 INFO  no build target found for /home/prerit/Projects-Code/My-Learning/DSA-Pepcoding/Basics/DataTypes.java. Using fallback presentation compiler.
2026.05.09 10:54:25 INFO  no build target found for /home/prerit/Projects-Code/My-Learning/DSA-Pepcoding/Basics/DataTypes.java. Using fallback presentation compiler.
2026.05.09 10:54:26 INFO  no build target found for /home/prerit/Projects-Code/My-Learning/DSA-Pepcoding/Basics/DataTypes.java. Using fallback presentation compiler.
2026.05.09 10:54:27 WARN  no build target for: /home/prerit/Projects-Code/My-Learning/DSA-Pepcoding/Basics/DataTypes.java
2026.05.09 10:54:27 INFO  no build target found for /home/prerit/Projects-Code/My-Learning/DSA-Pepcoding/Basics/DataTypes.java. Using fallback presentation compiler.
2026.05.09 10:54:27 INFO  no build target found for /home/prerit/Projects-Code/My-Learning/DSA-Pepcoding/Basics/DataTypes.java. Using fallback presentation compiler.
2026.05.09 10:54:27 INFO  no build target found for /home/prerit/Projects-Code/My-Learning/DSA-Pepcoding/Basics/DataTypes.java. Using fallback presentation compiler.
2026.05.09 10:54:27 INFO  no build target found for /home/prerit/Projects-Code/My-Learning/DSA-Pepcoding/Basics/DataTypes.java. Using fallback presentation compiler.
2026.05.09 10:54:27 INFO  no build target found for /home/prerit/Projects-Code/My-Learning/DSA-Pepcoding/Basics/DataTypes.java. Using fallback presentation compiler.
2026.05.09 10:54:27 INFO  no build target found for /home/prerit/Projects-Code/My-Learning/DSA-Pepcoding/Basics/DataTypes.java. Using fallback presentation compiler.
2026.05.09 10:54:27 INFO  no build target found for /home/prerit/Projects-Code/My-Learning/DSA-Pepcoding/Basics/DataTypes.java. Using fallback presentation compiler.
2026.05.09 10:54:27 INFO  no build target found for /home/prerit/Projects-Code/My-Learning/DSA-Pepcoding/Basics/DataTypes.java. Using fallback presentation compiler.
2026.05.09 10:54:28 INFO  no build target found for /home/prerit/Projects-Code/My-Learning/DSA-Pepcoding/Basics/DataTypes.java. Using fallback presentation compiler.
2026.05.09 10:54:28 INFO  no build target found for /home/prerit/Projects-Code/My-Learning/DSA-Pepcoding/Basics/DataTypes.java. Using fallback presentation compiler.
2026.05.09 10:54:29 INFO  no build target found for /home/prerit/Projects-Code/My-Learning/DSA-Pepcoding/Basics/DataTypes.java. Using fallback presentation compiler.
2026.05.09 10:54:30 INFO  no build target found for /home/prerit/Projects-Code/My-Learning/DSA-Pepcoding/Basics/DataTypes.java. Using fallback presentation compiler.
2026.05.09 10:54:30 INFO  no build target found for /home/prerit/Projects-Code/My-Learning/DSA-Pepcoding/Basics/DataTypes.java. Using fallback presentation compiler.
2026.05.09 10:54:31 INFO  no build target found for /home/prerit/Projects-Code/My-Learning/DSA-Pepcoding/Basics/DataTypes.java. Using fallback presentation compiler.
2026.05.09 10:54:31 INFO  no build target found for /home/prerit/Projects-Code/My-Learning/DSA-Pepcoding/Basics/DataTypes.java. Using fallback presentation compiler.
2026.05.09 10:54:31 INFO  no build target found for /home/prerit/Projects-Code/My-Learning/DSA-Pepcoding/Basics/DataTypes.java. Using fallback presentation compiler.
2026.05.09 10:54:31 INFO  no build target found for /home/prerit/Projects-Code/My-Learning/DSA-Pepcoding/Basics/DataTypes.java. Using fallback presentation compiler.
2026.05.09 10:54:31 INFO  no build target found for /home/prerit/Projects-Code/My-Learning/DSA-Pepcoding/Basics/DataTypes.java. Using fallback presentation compiler.
2026.05.09 10:54:32 INFO  no build target found for /home/prerit/Projects-Code/My-Learning/DSA-Pepcoding/Basics/DataTypes.java. Using fallback presentation compiler.
2026.05.09 10:54:31 INFO  no build target found for /home/prerit/Projects-Code/My-Learning/DSA-Pepcoding/Basics/DataTypes.java. Using fallback presentation compiler.
May 09, 2026 10:54:32 AM org.eclipse.lsp4j.jsonrpc.RemoteEndpoint handleCancellation
WARNING: Unmatched cancel notification for request id 1558
2026.05.09 10:54:32 INFO  no build target found for /home/prerit/Projects-Code/My-Learning/DSA-Pepcoding/Basics/DataTypes.java. Using fallback presentation compiler.
2026.05.09 10:54:32 INFO  no build target found for /home/prerit/Projects-Code/My-Learning/DSA-Pepcoding/Basics/DataTypes.java. Using fallback presentation compiler.
2026.05.09 10:54:32 INFO  no build target found for /home/prerit/Projects-Code/My-Learning/DSA-Pepcoding/Basics/DataTypes.java. Using fallback presentation compiler.
2026.05.09 10:54:32 INFO  no build target found for /home/prerit/Projects-Code/My-Learning/DSA-Pepcoding/Basics/DataTypes.java. Using fallback presentation compiler.
May 09, 2026 10:54:33 AM org.eclipse.lsp4j.jsonrpc.RemoteEndpoint handleCancellation
WARNING: Unmatched cancel notification for request id 1562
May 09, 2026 10:54:33 AM org.eclipse.lsp4j.jsonrpc.RemoteEndpoint handleCancellation
WARNING: Unmatched cancel notification for request id 1565
2026.05.09 10:54:32 INFO  no build target found for /home/prerit/Projects-Code/My-Learning/DSA-Pepcoding/Basics/DataTypes.java. Using fallback presentation compiler.
2026.05.09 10:54:32 INFO  no build target found for /home/prerit/Projects-Code/My-Learning/DSA-Pepcoding/Basics/DataTypes.java. Using fallback presentation compiler.
2026.05.09 10:54:33 INFO  no build target found for /home/prerit/Projects-Code/My-Learning/DSA-Pepcoding/Basics/DataTypes.java. Using fallback presentation compiler.
2026.05.09 10:54:34 INFO  no build target found for /home/prerit/Projects-Code/My-Learning/DSA-Pepcoding/Basics/DataTypes.java. Using fallback presentation compiler.
2026.05.09 10:54:34 WARN  no build target for: /home/prerit/Projects-Code/My-Learning/DSA-Pepcoding/Basics/DataTypes.java
2026.05.09 10:54:34 INFO  no build target found for /home/prerit/Projects-Code/My-Learning/DSA-Pepcoding/Basics/DataTypes.java. Using fallback presentation compiler.
2026.05.09 10:54:34 INFO  no build target found for /home/prerit/Projects-Code/My-Learning/DSA-Pepcoding/Basics/DataTypes.java. Using fallback presentation compiler.
2026.05.09 10:54:35 INFO  no build target found for /home/prerit/Projects-Code/My-Learning/DSA-Pepcoding/Basics/DataTypes.java. Using fallback presentation compiler.
2026.05.09 10:54:37 INFO  no build target found for /home/prerit/Projects-Code/My-Learning/DSA-Pepcoding/Basics/DataTypes.java. Using fallback presentation compiler.
2026.05.09 10:54:37 INFO  no build target found for /home/prerit/Projects-Code/My-Learning/DSA-Pepcoding/Basics/DataTypes.java. Using fallback presentation compiler.
2026.05.09 10:54:37 INFO  no build target found for /home/prerit/Projects-Code/My-Learning/DSA-Pepcoding/Basics/DataTypes.java. Using fallback presentation compiler.
2026.05.09 10:54:37 INFO  no build target found for /home/prerit/Projects-Code/My-Learning/DSA-Pepcoding/Basics/DataTypes.java. Using fallback presentation compiler.
2026.05.09 10:54:37 INFO  no build target found for /home/prerit/Projects-Code/My-Learning/DSA-Pepcoding/Basics/DataTypes.java. Using fallback presentation compiler.
2026.05.09 10:54:37 INFO  no build target found for /home/prerit/Projects-Code/My-Learning/DSA-Pepcoding/Basics/DataTypes.java. Using fallback presentation compiler.
2026.05.09 10:54:38 INFO  no build target found for /home/prerit/Projects-Code/My-Learning/DSA-Pepcoding/Basics/DataTypes.java. Using fallback presentation compiler.
May 09, 2026 10:54:38 AM org.eclipse.lsp4j.jsonrpc.RemoteEndpoint handleCancellation
WARNING: Unmatched cancel notification for request id 1582
2026.05.09 10:54:38 INFO  no build target found for /home/prerit/Projects-Code/My-Learning/DSA-Pepcoding/Basics/DataTypes.java. Using fallback presentation compiler.
2026.05.09 10:54:38 INFO  no build target found for /home/prerit/Projects-Code/My-Learning/DSA-Pepcoding/Basics/DataTypes.java. Using fallback presentation compiler.
2026.05.09 10:54:39 INFO  no build target found for /home/prerit/Projects-Code/My-Learning/DSA-Pepcoding/Basics/DataTypes.java. Using fallback presentation compiler.
2026.05.09 10:54:39 WARN  no build target for: /home/prerit/Projects-Code/My-Learning/DSA-Pepcoding/Basics/DataTypes.java
2026.05.09 10:54:39 INFO  no build target found for /home/prerit/Projects-Code/My-Learning/DSA-Pepcoding/Basics/DataTypes.java. Using fallback presentation compiler.
2026.05.09 10:54:40 INFO  no build target found for /home/prerit/Projects-Code/My-Learning/DSA-Pepcoding/Basics/DataTypes.java. Using fallback presentation compiler.
2026.05.09 10:54:40 INFO  no build target found for /home/prerit/Projects-Code/My-Learning/DSA-Pepcoding/Basics/DataTypes.java. Using fallback presentation compiler.
2026.05.09 10:54:40 INFO  no build target found for /home/prerit/Projects-Code/My-Learning/DSA-Pepcoding/Basics/DataTypes.java. Using fallback presentation compiler.
2026.05.09 10:54:40 INFO  no build target found for /home/prerit/Projects-Code/My-Learning/DSA-Pepcoding/Basics/DataTypes.java. Using fallback presentation compiler.
2026.05.09 10:54:41 INFO  no build target found for /home/prerit/Projects-Code/My-Learning/DSA-Pepcoding/Basics/DataTypes.java. Using fallback presentation compiler.
2026.05.09 10:54:41 WARN  Running javac-semanticdb failed for file:///home/prerit/Projects-Code/My-Learning/DSA-Pepcoding/Basics/DataTypes.java. Output:

2026.05.09 10:54:41 INFO  no build target found for /home/prerit/Projects-Code/My-Learning/DSA-Pepcoding/Basics/DataTypes.java. Using fallback presentation compiler.
2026.05.09 10:54:42 WARN  no build target for: /home/prerit/Projects-Code/My-Learning/DSA-Pepcoding/Basics/DataTypes.java
2026.05.09 10:54:42 INFO  no build target found for /home/prerit/Projects-Code/My-Learning/DSA-Pepcoding/Basics/DataTypes.java. Using fallback presentation compiler.
2026.05.09 10:54:41 INFO  no build target found for /home/prerit/Projects-Code/My-Learning/DSA-Pepcoding/Basics/DataTypes.java. Using fallback presentation compiler.
2026.05.09 10:54:41 INFO  no build target found for /home/prerit/Projects-Code/My-Learning/DSA-Pepcoding/Basics/DataTypes.java. Using fallback presentation compiler.
2026.05.09 10:54:44 INFO  no build target found for /home/prerit/Projects-Code/My-Learning/DSA-Pepcoding/Basics/DataTypes.java. Using fallback presentation compiler.
2026.05.09 10:54:44 INFO  no build target found for /home/prerit/Projects-Code/My-Learning/DSA-Pepcoding/Basics/DataTypes.java. Using fallback presentation compiler.
2026.05.09 10:54:45 INFO  no build target found for /home/prerit/Projects-Code/My-Learning/DSA-Pepcoding/Basics/DataTypes.java. Using fallback presentation compiler.
2026.05.09 10:54:49 INFO  no build target found for /home/prerit/Projects-Code/My-Learning/DSA-Pepcoding/Basics/DataTypes.java. Using fallback presentation compiler.
2026.05.09 10:54:49 INFO  no build target found for /home/prerit/Projects-Code/My-Learning/DSA-Pepcoding/Basics/DataTypes.java. Using fallback presentation compiler.
2026.05.09 10:54:50 INFO  no build target found for /home/prerit/Projects-Code/My-Learning/DSA-Pepcoding/Basics/DataTypes.java. Using fallback presentation compiler.
2026.05.09 10:54:50 INFO  no build target found for /home/prerit/Projects-Code/My-Learning/DSA-Pepcoding/Basics/DataTypes.java. Using fallback presentation compiler.
2026.05.09 10:54:50 INFO  no build target found for /home/prerit/Projects-Code/My-Learning/DSA-Pepcoding/Basics/DataTypes.java. Using fallback presentation compiler.
2026.05.09 10:54:51 INFO  no build target found for /home/prerit/Projects-Code/My-Learning/DSA-Pepcoding/Basics/DataTypes.java. Using fallback presentation compiler.
2026.05.09 10:54:51 INFO  no build target found for /home/prerit/Projects-Code/My-Learning/DSA-Pepcoding/Basics/DataTypes.java. Using fallback presentation compiler.
2026.05.09 10:54:51 INFO  no build target found for /home/prerit/Projects-Code/My-Learning/DSA-Pepcoding/Basics/DataTypes.java. Using fallback presentation compiler.
2026.05.09 10:54:51 INFO  no build target found for /home/prerit/Projects-Code/My-Learning/DSA-Pepcoding/Basics/DataTypes.java. Using fallback presentation compiler.
2026.05.09 10:54:51 INFO  no build target found for /home/prerit/Projects-Code/My-Learning/DSA-Pepcoding/Basics/DataTypes.java. Using fallback presentation compiler.
2026.05.09 10:54:53 INFO  no build target found for /home/prerit/Projects-Code/My-Learning/DSA-Pepcoding/Basics/DataTypes.java. Using fallback presentation compiler.
2026.05.09 10:54:53 INFO  no build target found for /home/prerit/Projects-Code/My-Learning/DSA-Pepcoding/Basics/DataTypes.java. Using fallback presentation compiler.
2026.05.09 10:54:54 WARN  no build target for: /home/prerit/Projects-Code/My-Learning/DSA-Pepcoding/Basics/DataTypes.java
2026.05.09 10:54:54 INFO  no build target found for /home/prerit/Projects-Code/My-Learning/DSA-Pepcoding/Basics/DataTypes.java. Using fallback presentation compiler.
2026.05.09 10:54:54 INFO  no build target found for /home/prerit/Projects-Code/My-Learning/DSA-Pepcoding/Basics/DataTypes.java. Using fallback presentation compiler.
2026.05.09 10:54:54 INFO  no build target found for /home/prerit/Projects-Code/My-Learning/DSA-Pepcoding/Basics/DataTypes.java. Using fallback presentation compiler.
2026.05.09 10:54:54 INFO  no build target found for /home/prerit/Projects-Code/My-Learning/DSA-Pepcoding/Basics/DataTypes.java. Using fallback presentation compiler.
2026.05.09 10:55:31 INFO  no build target found for /home/prerit/Projects-Code/My-Learning/DSA-Pepcoding/Basics/DataTypes.java. Using fallback presentation compiler.
2026.05.09 10:55:34 INFO  no build target found for /home/prerit/Projects-Code/My-Learning/DSA-Pepcoding/Basics/DataTypes.java. Using fallback presentation compiler.
2026.05.09 10:56:29 INFO  no build target found for /home/prerit/Projects-Code/My-Learning/DSA-Pepcoding/Basics/DataTypes.java. Using fallback presentation compiler.
2026.05.09 10:56:29 INFO  no build target found for /home/prerit/Projects-Code/My-Learning/DSA-Pepcoding/Basics/DataTypes.java. Using fallback presentation compiler.
2026.05.09 10:56:29 INFO  no build target found for /home/prerit/Projects-Code/My-Learning/DSA-Pepcoding/Basics/DataTypes.java. Using fallback presentation compiler.
2026.05.09 10:56:29 INFO  no build target found for /home/prerit/Projects-Code/My-Learning/DSA-Pepcoding/Basics/DataTypes.java. Using fallback presentation compiler.
2026.05.09 10:56:32 INFO  no build target found for /home/prerit/Projects-Code/My-Learning/DSA-Pepcoding/Basics/DataTypes.java. Using fallback presentation compiler.
2026.05.09 10:56:32 INFO  no build target found for /home/prerit/Projects-Code/My-Learning/DSA-Pepcoding/Basics/DataTypes.java. Using fallback presentation compiler.
2026.05.09 10:56:32 INFO  no build target found for /home/prerit/Projects-Code/My-Learning/DSA-Pepcoding/Basics/DataTypes.java. Using fallback presentation compiler.
2026.05.09 10:56:33 INFO  no build target found for /home/prerit/Projects-Code/My-Learning/DSA-Pepcoding/Basics/DataTypes.java. Using fallback presentation compiler.
2026.05.09 10:56:32 INFO  no build target found for /home/prerit/Projects-Code/My-Learning/DSA-Pepcoding/Basics/DataTypes.java. Using fallback presentation compiler.
May 09, 2026 10:56:33 AM org.eclipse.lsp4j.jsonrpc.RemoteEndpoint handleCancellation
WARNING: Unmatched cancel notification for request id 1648
2026.05.09 10:56:34 INFO  no build target found for /home/prerit/Projects-Code/My-Learning/DSA-Pepcoding/Basics/DataTypes.java. Using fallback presentation compiler.
2026.05.09 10:56:34 INFO  no build target found for /home/prerit/Projects-Code/My-Learning/DSA-Pepcoding/Basics/DataTypes.java. Using fallback presentation compiler.
2026.05.09 10:56:34 INFO  no build target found for /home/prerit/Projects-Code/My-Learning/DSA-Pepcoding/Basics/DataTypes.java. Using fallback presentation compiler.
2026.05.09 10:56:34 INFO  no build target found for /home/prerit/Projects-Code/My-Learning/DSA-Pepcoding/Basics/DataTypes.java. Using fallback presentation compiler.
May 09, 2026 10:56:34 AM org.eclipse.lsp4j.jsonrpc.RemoteEndpoint handleCancellation
WARNING: Unmatched cancel notification for request id 1652
2026.05.09 10:56:34 INFO  no build target found for /home/prerit/Projects-Code/My-Learning/DSA-Pepcoding/Basics/DataTypes.java. Using fallback presentation compiler.
2026.05.09 10:56:34 INFO  no build target found for /home/prerit/Projects-Code/My-Learning/DSA-Pepcoding/Basics/DataTypes.java. Using fallback presentation compiler.
2026.05.09 10:56:34 INFO  no build target found for /home/prerit/Projects-Code/My-Learning/DSA-Pepcoding/Basics/DataTypes.java. Using fallback presentation compiler.
2026.05.09 10:56:34 INFO  no build target found for /home/prerit/Projects-Code/My-Learning/DSA-Pepcoding/Basics/DataTypes.java. Using fallback presentation compiler.
2026.05.09 10:56:35 INFO  no build target found for /home/prerit/Projects-Code/My-Learning/DSA-Pepcoding/Basics/DataTypes.java. Using fallback presentation compiler.
2026.05.09 10:56:35 INFO  QDox parse error in file:///home/prerit/Projects-Code/My-Learning/DSA-Pepcoding/Basics/DataTypes.java (full report at: "/home/prerit/Projects-Code/My-Learning/DSA-Pepcoding/.metals/.reports/metals-full/2026-05-09/r_qdox-error_10-53-52-033.md")
2026.05.09 10:56:35 WARN  no build target for: /home/prerit/Projects-Code/My-Learning/DSA-Pepcoding/Basics/DataTypes.java
2026.05.09 10:56:35 INFO  no build target found for /home/prerit/Projects-Code/My-Learning/DSA-Pepcoding/Basics/DataTypes.java. Using fallback presentation compiler.
2026.05.09 10:56:36 INFO  no build target found for /home/prerit/Projects-Code/My-Learning/DSA-Pepcoding/Basics/DataTypes.java. Using fallback presentation compiler.
2026.05.09 10:56:36 INFO  no build target found for /home/prerit/Projects-Code/My-Learning/DSA-Pepcoding/Basics/DataTypes.java. Using fallback presentation compiler.
2026.05.09 10:56:36 INFO  no build target found for /home/prerit/Projects-Code/My-Learning/DSA-Pepcoding/Basics/DataTypes.java. Using fallback presentation compiler.
2026.05.09 10:56:37 WARN  Running javac-semanticdb failed for file:///home/prerit/Projects-Code/My-Learning/DSA-Pepcoding/Basics/DataTypes.java. Output:

2026.05.09 10:56:36 INFO  no build target found for /home/prerit/Projects-Code/My-Learning/DSA-Pepcoding/Basics/DataTypes.java. Using fallback presentation compiler.
2026.05.09 10:56:37 INFO  no build target found for /home/prerit/Projects-Code/My-Learning/DSA-Pepcoding/Basics/DataTypes.java. Using fallback presentation compiler.
2026.05.09 10:56:37 INFO  no build target found for /home/prerit/Projects-Code/My-Learning/DSA-Pepcoding/Basics/DataTypes.java. Using fallback presentation compiler.
2026.05.09 10:56:37 WARN  Running javac-semanticdb failed for file:///home/prerit/Projects-Code/My-Learning/DSA-Pepcoding/Basics/DataTypes.java. Output:

2026.05.09 10:56:37 INFO  no build target found for /home/prerit/Projects-Code/My-Learning/DSA-Pepcoding/Basics/DataTypes.java. Using fallback presentation compiler.
2026.05.09 10:56:37 INFO  no build target found for /home/prerit/Projects-Code/My-Learning/DSA-Pepcoding/Basics/DataTypes.java. Using fallback presentation compiler.
2026.05.09 10:56:38 INFO  no build target found for /home/prerit/Projects-Code/My-Learning/DSA-Pepcoding/Basics/DataTypes.java. Using fallback presentation compiler.
2026.05.09 10:56:37 WARN  Running javac-semanticdb failed for file:///home/prerit/Projects-Code/My-Learning/DSA-Pepcoding/Basics/DataTypes.java. Output:

2026.05.09 10:56:37 INFO  no build target found for /home/prerit/Projects-Code/My-Learning/DSA-Pepcoding/Basics/DataTypes.java. Using fallback presentation compiler.
May 09, 2026 10:56:38 AM org.eclipse.lsp4j.jsonrpc.RemoteEndpoint handleCancellation
WARNING: Unmatched cancel notification for request id 1678
2026.05.09 10:56:38 INFO  no build target found for /home/prerit/Projects-Code/My-Learning/DSA-Pepcoding/Basics/DataTypes.java. Using fallback presentation compiler.
2026.05.09 10:56:38 INFO  no build target found for /home/prerit/Projects-Code/My-Learning/DSA-Pepcoding/Basics/DataTypes.java. Using fallback presentation compiler.
2026.05.09 10:56:38 INFO  no build target found for /home/prerit/Projects-Code/My-Learning/DSA-Pepcoding/Basics/DataTypes.java. Using fallback presentation compiler.
2026.05.09 10:56:39 INFO  no build target found for /home/prerit/Projects-Code/My-Learning/DSA-Pepcoding/Basics/DataTypes.java. Using fallback presentation compiler.
2026.05.09 10:56:38 INFO  no build target found for /home/prerit/Projects-Code/My-Learning/DSA-Pepcoding/Basics/DataTypes.java. Using fallback presentation compiler.
2026.05.09 10:56:39 WARN  Running javac-semanticdb failed for file:///home/prerit/Projects-Code/My-Learning/DSA-Pepcoding/Basics/DataTypes.java. Output:

2026.05.09 10:56:40 INFO  no build target found for /home/prerit/Projects-Code/My-Learning/DSA-Pepcoding/Basics/DataTypes.java. Using fallback presentation compiler.
2026.05.09 10:56:40 INFO  no build target found for /home/prerit/Projects-Code/My-Learning/DSA-Pepcoding/Basics/DataTypes.java. Using fallback presentation compiler.
2026.05.09 10:56:40 WARN  no build target for: /home/prerit/Projects-Code/My-Learning/DSA-Pepcoding/Basics/DataTypes.java
2026.05.09 10:56:40 INFO  no build target found for /home/prerit/Projects-Code/My-Learning/DSA-Pepcoding/Basics/DataTypes.java. Using fallback presentation compiler.
2026.05.09 10:56:40 INFO  no build target found for /home/prerit/Projects-Code/My-Learning/DSA-Pepcoding/Basics/DataTypes.java. Using fallback presentation compiler.
2026.05.09 10:56:40 INFO  no build target found for /home/prerit/Projects-Code/My-Learning/DSA-Pepcoding/Basics/DataTypes.java. Using fallback presentation compiler.
2026.05.09 10:56:40 INFO  no build target found for /home/prerit/Projects-Code/My-Learning/DSA-Pepcoding/Basics/DataTypes.java. Using fallback presentation compiler.
2026.05.09 10:56:41 INFO  no build target found for /home/prerit/Projects-Code/My-Learning/DSA-Pepcoding/Basics/DataTypes.java. Using fallback presentation compiler.
2026.05.09 10:56:41 WARN  Running javac-semanticdb failed for file:///home/prerit/Projects-Code/My-Learning/DSA-Pepcoding/Basics/DataTypes.java. Output:

2026.05.09 10:56:41 INFO  no build target found for /home/prerit/Projects-Code/My-Learning/DSA-Pepcoding/Basics/DataTypes.java. Using fallback presentation compiler.
2026.05.09 10:56:41 INFO  no build target found for /home/prerit/Projects-Code/My-Learning/DSA-Pepcoding/Basics/DataTypes.java. Using fallback presentation compiler.
May 09, 2026 10:56:41 AM org.eclipse.lsp4j.jsonrpc.RemoteEndpoint handleCancellation
WARNING: Unmatched cancel notification for request id 1699
2026.05.09 10:56:41 INFO  no build target found for /home/prerit/Projects-Code/My-Learning/DSA-Pepcoding/Basics/DataTypes.java. Using fallback presentation compiler.
2026.05.09 10:56:41 INFO  no build target found for /home/prerit/Projects-Code/My-Learning/DSA-Pepcoding/Basics/DataTypes.java. Using fallback presentation compiler.
2026.05.09 10:56:41 INFO  no build target found for /home/prerit/Projects-Code/My-Learning/DSA-Pepcoding/Basics/DataTypes.java. Using fallback presentation compiler.
2026.05.09 10:56:42 WARN  Running javac-semanticdb failed for file:///home/prerit/Projects-Code/My-Learning/DSA-Pepcoding/Basics/DataTypes.java. Output:

2026.05.09 10:56:42 INFO  no build target found for /home/prerit/Projects-Code/My-Learning/DSA-Pepcoding/Basics/DataTypes.java. Using fallback presentation compiler.
2026.05.09 10:56:42 INFO  no build target found for /home/prerit/Projects-Code/My-Learning/DSA-Pepcoding/Basics/DataTypes.java. Using fallback presentation compiler.
2026.05.09 10:56:42 WARN  no build target for: /home/prerit/Projects-Code/My-Learning/DSA-Pepcoding/Basics/DataTypes.java
2026.05.09 10:56:42 INFO  QDox parse error in file:///home/prerit/Projects-Code/My-Learning/DSA-Pepcoding/Basics/DataTypes.java (full report at: "/home/prerit/Projects-Code/My-Learning/DSA-Pepcoding/.metals/.reports/metals-full/2026-05-09/r_qdox-error_10-53-52-033.md")
2026.05.09 10:56:42 INFO  no build target found for /home/prerit/Projects-Code/My-Learning/DSA-Pepcoding/Basics/DataTypes.java. Using fallback presentation compiler.
May 09, 2026 10:56:43 AM org.eclipse.lsp4j.jsonrpc.RemoteEndpoint handleCancellation
WARNING: Unmatched cancel notification for request id 1708
2026.05.09 10:56:43 INFO  no build target found for /home/prerit/Projects-Code/My-Learning/DSA-Pepcoding/Basics/DataTypes.java. Using fallback presentation compiler.
2026.05.09 10:56:43 INFO  no build target found for /home/prerit/Projects-Code/My-Learning/DSA-Pepcoding/Basics/DataTypes.java. Using fallback presentation compiler.
2026.05.09 10:56:43 WARN  Running javac-semanticdb failed for file:///home/prerit/Projects-Code/My-Learning/DSA-Pepcoding/Basics/DataTypes.java. Output:

2026.05.09 10:56:43 INFO  no build target found for /home/prerit/Projects-Code/My-Learning/DSA-Pepcoding/Basics/DataTypes.java. Using fallback presentation compiler.
2026.05.09 10:56:43 INFO  no build target found for /home/prerit/Projects-Code/My-Learning/DSA-Pepcoding/Basics/DataTypes.java. Using fallback presentation compiler.
2026.05.09 10:56:44 WARN  no build target for: /home/prerit/Projects-Code/My-Learning/DSA-Pepcoding/Basics/DataTypes.java
2026.05.09 10:56:44 INFO  no build target found for /home/prerit/Projects-Code/My-Learning/DSA-Pepcoding/Basics/DataTypes.java. Using fallback presentation compiler.
2026.05.09 10:56:44 INFO  no build target found for /home/prerit/Projects-Code/My-Learning/DSA-Pepcoding/Basics/DataTypes.java. Using fallback presentation compiler.
2026.05.09 10:56:44 INFO  no build target found for /home/prerit/Projects-Code/My-Learning/DSA-Pepcoding/Basics/DataTypes.java. Using fallback presentation compiler.
May 09, 2026 10:56:45 AM org.eclipse.lsp4j.jsonrpc.RemoteEndpoint handleCancellation
WARNING: Unmatched cancel notification for request id 1721
2026.05.09 10:56:44 INFO  no build target found for /home/prerit/Projects-Code/My-Learning/DSA-Pepcoding/Basics/DataTypes.java. Using fallback presentation compiler.
2026.05.09 10:56:44 INFO  no build target found for /home/prerit/Projects-Code/My-Learning/DSA-Pepcoding/Basics/DataTypes.java. Using fallback presentation compiler.
2026.05.09 10:56:45 WARN  Running javac-semanticdb failed for file:///home/prerit/Projects-Code/My-Learning/DSA-Pepcoding/Basics/DataTypes.java. Output:

May 09, 2026 10:56:45 AM org.eclipse.lsp4j.jsonrpc.RemoteEndpoint handleCancellation
WARNING: Unmatched cancel notification for request id 1724
2026.05.09 10:56:45 INFO  no build target found for /home/prerit/Projects-Code/My-Learning/DSA-Pepcoding/Basics/DataTypes.java. Using fallback presentation compiler.
2026.05.09 10:56:45 INFO  no build target found for /home/prerit/Projects-Code/My-Learning/DSA-Pepcoding/Basics/DataTypes.java. Using fallback presentation compiler.
2026.05.09 10:56:45 WARN  Running javac-semanticdb failed for file:///home/prerit/Projects-Code/My-Learning/DSA-Pepcoding/Basics/DataTypes.java. Output:

2026.05.09 10:56:45 INFO  no build target found for /home/prerit/Projects-Code/My-Learning/DSA-Pepcoding/Basics/DataTypes.java. Using fallback presentation compiler.
2026.05.09 10:56:45 INFO  no build target found for /home/prerit/Projects-Code/My-Learning/DSA-Pepcoding/Basics/DataTypes.java. Using fallback presentation compiler.
May 09, 2026 10:56:46 AM org.eclipse.lsp4j.jsonrpc.RemoteEndpoint handleCancellation
WARNING: Unmatched cancel notification for request id 1729
2026.05.09 10:56:45 INFO  no build target found for /home/prerit/Projects-Code/My-Learning/DSA-Pepcoding/Basics/DataTypes.java. Using fallback presentation compiler.
2026.05.09 10:56:46 INFO  no build target found for /home/prerit/Projects-Code/My-Learning/DSA-Pepcoding/Basics/DataTypes.java. Using fallback presentation compiler.
2026.05.09 10:56:46 INFO  no build target found for /home/prerit/Projects-Code/My-Learning/DSA-Pepcoding/Basics/DataTypes.java. Using fallback presentation compiler.
2026.05.09 10:56:46 WARN  Running javac-semanticdb failed for file:///home/prerit/Projects-Code/My-Learning/DSA-Pepcoding/Basics/DataTypes.java. Output:

2026.05.09 10:56:46 INFO  no build target found for /home/prerit/Projects-Code/My-Learning/DSA-Pepcoding/Basics/DataTypes.java. Using fallback presentation compiler.
2026.05.09 10:56:46 INFO  no build target found for /home/prerit/Projects-Code/My-Learning/DSA-Pepcoding/Basics/DataTypes.java. Using fallback presentation compiler.
2026.05.09 10:56:46 INFO  no build target found for /home/prerit/Projects-Code/My-Learning/DSA-Pepcoding/Basics/DataTypes.java. Using fallback presentation compiler.
2026.05.09 10:56:46 INFO  no build target found for /home/prerit/Projects-Code/My-Learning/DSA-Pepcoding/Basics/DataTypes.java. Using fallback presentation compiler.
2026.05.09 10:56:46 WARN  Running javac-semanticdb failed for file:///home/prerit/Projects-Code/My-Learning/DSA-Pepcoding/Basics/DataTypes.java. Output:

2026.05.09 10:56:47 INFO  no build target found for /home/prerit/Projects-Code/My-Learning/DSA-Pepcoding/Basics/DataTypes.java. Using fallback presentation compiler.
2026.05.09 10:56:48 INFO  no build target found for /home/prerit/Projects-Code/My-Learning/DSA-Pepcoding/Basics/DataTypes.java. Using fallback presentation compiler.
2026.05.09 10:56:48 INFO  no build target found for /home/prerit/Projects-Code/My-Learning/DSA-Pepcoding/Basics/DataTypes.java. Using fallback presentation compiler.
2026.05.09 10:56:48 WARN  no build target for: /home/prerit/Projects-Code/My-Learning/DSA-Pepcoding/Basics/DataTypes.java
2026.05.09 10:56:47 INFO  QDox parse error in file:///home/prerit/Projects-Code/My-Learning/DSA-Pepcoding/Basics/DataTypes.java (full report at: "/home/prerit/Projects-Code/My-Learning/DSA-Pepcoding/.metals/.reports/metals-full/2026-05-09/r_qdox-error_10-53-52-033.md")
2026.05.09 10:56:47 INFO  no build target found for /home/prerit/Projects-Code/My-Learning/DSA-Pepcoding/Basics/DataTypes.java. Using fallback presentation compiler.
2026.05.09 10:56:48 INFO  no build target found for /home/prerit/Projects-Code/My-Learning/DSA-Pepcoding/Basics/DataTypes.java. Using fallback presentation compiler.
2026.05.09 10:56:48 INFO  no build target found for /home/prerit/Projects-Code/My-Learning/DSA-Pepcoding/Basics/DataTypes.java. Using fallback presentation compiler.
2026.05.09 10:56:49 INFO  no build target found for /home/prerit/Projects-Code/My-Learning/DSA-Pepcoding/Basics/DataTypes.java. Using fallback presentation compiler.
2026.05.09 10:56:49 WARN  Running javac-semanticdb failed for file:///home/prerit/Projects-Code/My-Learning/DSA-Pepcoding/Basics/DataTypes.java. Output:

2026.05.09 10:56:49 INFO  no build target found for /home/prerit/Projects-Code/My-Learning/DSA-Pepcoding/Basics/DataTypes.java. Using fallback presentation compiler.
2026.05.09 10:56:50 WARN  no build target for: /home/prerit/Projects-Code/My-Learning/DSA-Pepcoding/Basics/DataTypes.java
2026.05.09 10:56:50 INFO  QDox parse error in file:///home/prerit/Projects-Code/My-Learning/DSA-Pepcoding/Basics/DataTypes.java (full report at: "/home/prerit/Projects-Code/My-Learning/DSA-Pepcoding/.metals/.reports/metals-full/2026-05-09/r_qdox-error_10-53-52-033.md")
2026.05.09 10:56:49 INFO  no build target found for /home/prerit/Projects-Code/My-Learning/DSA-Pepcoding/Basics/DataTypes.java. Using fallback presentation compiler.
2026.05.09 10:56:49 INFO  no build target found for /home/prerit/Projects-Code/My-Learning/DSA-Pepcoding/Basics/DataTypes.java. Using fallback presentation compiler.
2026.05.09 10:56:49 INFO  no build target found for /home/prerit/Projects-Code/My-Learning/DSA-Pepcoding/Basics/DataTypes.java. Using fallback presentation compiler.
2026.05.09 10:56:50 WARN  Running javac-semanticdb failed for file:///home/prerit/Projects-Code/My-Learning/DSA-Pepcoding/Basics/DataTypes.java. Output:

2026.05.09 10:56:50 INFO  no build target found for /home/prerit/Projects-Code/My-Learning/DSA-Pepcoding/Basics/DataTypes.java. Using fallback presentation compiler.
2026.05.09 10:56:51 INFO  no build target found for /home/prerit/Projects-Code/My-Learning/DSA-Pepcoding/Basics/DataTypes.java. Using fallback presentation compiler.
2026.05.09 10:56:50 WARN  Running javac-semanticdb failed for file:///home/prerit/Projects-Code/My-Learning/DSA-Pepcoding/Basics/DataTypes.java. Output:

2026.05.09 10:56:50 INFO  no build target found for /home/prerit/Projects-Code/My-Learning/DSA-Pepcoding/Basics/DataTypes.java. Using fallback presentation compiler.
2026.05.09 10:56:51 INFO  no build target found for /home/prerit/Projects-Code/My-Learning/DSA-Pepcoding/Basics/DataTypes.java. Using fallback presentation compiler.
2026.05.09 10:56:51 INFO  no build target found for /home/prerit/Projects-Code/My-Learning/DSA-Pepcoding/Basics/DataTypes.java. Using fallback presentation compiler.
2026.05.09 10:56:51 INFO  no build target found for /home/prerit/Projects-Code/My-Learning/DSA-Pepcoding/Basics/DataTypes.java. Using fallback presentation compiler.
2026.05.09 10:56:52 INFO  no build target found for /home/prerit/Projects-Code/My-Learning/DSA-Pepcoding/Basics/DataTypes.java. Using fallback presentation compiler.
2026.05.09 10:56:52 INFO  no build target found for /home/prerit/Projects-Code/My-Learning/DSA-Pepcoding/Basics/DataTypes.java. Using fallback presentation compiler.
2026.05.09 10:56:52 WARN  Running javac-semanticdb failed for file:///home/prerit/Projects-Code/My-Learning/DSA-Pepcoding/Basics/DataTypes.java. Output:

2026.05.09 10:56:52 INFO  no build target found for /home/prerit/Projects-Code/My-Learning/DSA-Pepcoding/Basics/DataTypes.java. Using fallback presentation compiler.
2026.05.09 10:56:52 INFO  no build target found for /home/prerit/Projects-Code/My-Learning/DSA-Pepcoding/Basics/DataTypes.java. Using fallback presentation compiler.
2026.05.09 10:56:52 INFO  no build target found for /home/prerit/Projects-Code/My-Learning/DSA-Pepcoding/Basics/DataTypes.java. Using fallback presentation compiler.
2026.05.09 10:56:52 WARN  Running javac-semanticdb failed for file:///home/prerit/Projects-Code/My-Learning/DSA-Pepcoding/Basics/DataTypes.java. Output:

2026.05.09 10:56:53 INFO  no build target found for /home/prerit/Projects-Code/My-Learning/DSA-Pepcoding/Basics/DataTypes.java. Using fallback presentation compiler.
2026.05.09 10:56:53 INFO  no build target found for /home/prerit/Projects-Code/My-Learning/DSA-Pepcoding/Basics/DataTypes.java. Using fallback presentation compiler.
2026.05.09 10:56:53 INFO  no build target found for /home/prerit/Projects-Code/My-Learning/DSA-Pepcoding/Basics/DataTypes.java. Using fallback presentation compiler.
2026.05.09 10:56:52 WARN  Running javac-semanticdb failed for file:///home/prerit/Projects-Code/My-Learning/DSA-Pepcoding/Basics/DataTypes.java. Output:

2026.05.09 10:56:53 INFO  no build target found for /home/prerit/Projects-Code/My-Learning/DSA-Pepcoding/Basics/DataTypes.java. Using fallback presentation compiler.
2026.05.09 10:56:54 WARN  no build target for: /home/prerit/Projects-Code/My-Learning/DSA-Pepcoding/Basics/DataTypes.java
2026.05.09 10:56:54 INFO  no build target found for /home/prerit/Projects-Code/My-Learning/DSA-Pepcoding/Basics/DataTypes.java. Using fallback presentation compiler.
2026.05.09 10:56:55 INFO  no build target found for /home/prerit/Projects-Code/My-Learning/DSA-Pepcoding/Basics/DataTypes.java. Using fallback presentation compiler.
2026.05.09 10:56:55 INFO  no build target found for /home/prerit/Projects-Code/My-Learning/DSA-Pepcoding/Basics/DataTypes.java. Using fallback presentation compiler.
2026.05.09 10:56:55 INFO  no build target found for /home/prerit/Projects-Code/My-Learning/DSA-Pepcoding/Basics/DataTypes.java. Using fallback presentation compiler.
2026.05.09 10:56:56 INFO  no build target found for /home/prerit/Projects-Code/My-Learning/DSA-Pepcoding/Basics/DataTypes.java. Using fallback presentation compiler.
2026.05.09 10:56:56 INFO  no build target found for /home/prerit/Projects-Code/My-Learning/DSA-Pepcoding/Basics/DataTypes.java. Using fallback presentation compiler.
2026.05.09 10:56:58 INFO  no build target found for /home/prerit/Projects-Code/My-Learning/DSA-Pepcoding/Basics/DataTypes.java. Using fallback presentation compiler.
2026.05.09 10:56:58 INFO  no build target found for /home/prerit/Projects-Code/My-Learning/DSA-Pepcoding/Basics/DataTypes.java. Using fallback presentation compiler.
2026.05.09 10:56:59 INFO  no build target found for /home/prerit/Projects-Code/My-Learning/DSA-Pepcoding/Basics/DataTypes.java. Using fallback presentation compiler.
2026.05.09 10:56:59 INFO  no build target found for /home/prerit/Projects-Code/My-Learning/DSA-Pepcoding/Basics/DataTypes.java. Using fallback presentation compiler.
2026.05.09 10:56:59 INFO  no build target found for /home/prerit/Projects-Code/My-Learning/DSA-Pepcoding/Basics/DataTypes.java. Using fallback presentation compiler.
2026.05.09 10:56:59 INFO  no build target found for /home/prerit/Projects-Code/My-Learning/DSA-Pepcoding/Basics/DataTypes.java. Using fallback presentation compiler.
2026.05.09 10:56:59 INFO  no build target found for /home/prerit/Projects-Code/My-Learning/DSA-Pepcoding/Basics/DataTypes.java. Using fallback presentation compiler.
2026.05.09 10:57:01 INFO  no build target found for /home/prerit/Projects-Code/My-Learning/DSA-Pepcoding/Basics/DataTypes.java. Using fallback presentation compiler.
2026.05.09 10:57:01 INFO  no build target found for /home/prerit/Projects-Code/My-Learning/DSA-Pepcoding/Basics/DataTypes.java. Using fallback presentation compiler.
2026.05.09 10:57:01 INFO  no build target found for /home/prerit/Projects-Code/My-Learning/DSA-Pepcoding/Basics/DataTypes.java. Using fallback presentation compiler.
2026.05.09 10:57:01 WARN  Running javac-semanticdb failed for file:///home/prerit/Projects-Code/My-Learning/DSA-Pepcoding/Basics/DataTypes.java. Output:

2026.05.09 10:57:01 INFO  no build target found for /home/prerit/Projects-Code/My-Learning/DSA-Pepcoding/Basics/DataTypes.java. Using fallback presentation compiler.
2026.05.09 10:57:01 INFO  no build target found for /home/prerit/Projects-Code/My-Learning/DSA-Pepcoding/Basics/DataTypes.java. Using fallback presentation compiler.
2026.05.09 10:57:01 WARN  no build target for: /home/prerit/Projects-Code/My-Learning/DSA-Pepcoding/Basics/DataTypes.java
2026.05.09 10:57:01 INFO  no build target found for /home/prerit/Projects-Code/My-Learning/DSA-Pepcoding/Basics/DataTypes.java. Using fallback presentation compiler.
2026.05.09 10:57:02 INFO  no build target found for /home/prerit/Projects-Code/My-Learning/DSA-Pepcoding/Basics/DataTypes.java. Using fallback presentation compiler.
2026.05.09 10:57:02 INFO  no build target found for /home/prerit/Projects-Code/My-Learning/DSA-Pepcoding/Basics/DataTypes.java. Using fallback presentation compiler.
2026.05.09 10:57:03 INFO  no build target found for /home/prerit/Projects-Code/My-Learning/DSA-Pepcoding/Basics/DataTypes.java. Using fallback presentation compiler.
2026.05.09 10:57:03 INFO  no build target found for /home/prerit/Projects-Code/My-Learning/DSA-Pepcoding/Basics/DataTypes.java. Using fallback presentation compiler.
2026.05.09 10:57:04 INFO  no build target found for /home/prerit/Projects-Code/My-Learning/DSA-Pepcoding/Basics/DataTypes.java. Using fallback presentation compiler.
2026.05.09 10:57:04 INFO  no build target found for /home/prerit/Projects-Code/My-Learning/DSA-Pepcoding/Basics/DataTypes.java. Using fallback presentation compiler.
2026.05.09 10:57:04 INFO  no build target found for /home/prerit/Projects-Code/My-Learning/DSA-Pepcoding/Basics/DataTypes.java. Using fallback presentation compiler.
2026.05.09 10:57:04 INFO  no build target found for /home/prerit/Projects-Code/My-Learning/DSA-Pepcoding/Basics/DataTypes.java. Using fallback presentation compiler.
2026.05.09 10:57:05 INFO  no build target found for /home/prerit/Projects-Code/My-Learning/DSA-Pepcoding/Basics/DataTypes.java. Using fallback presentation compiler.
2026.05.09 10:57:05 INFO  no build target found for /home/prerit/Projects-Code/My-Learning/DSA-Pepcoding/Basics/DataTypes.java. Using fallback presentation compiler.
2026.05.09 10:57:05 INFO  no build target found for /home/prerit/Projects-Code/My-Learning/DSA-Pepcoding/Basics/DataTypes.java. Using fallback presentation compiler.
2026.05.09 10:57:05 WARN  Running javac-semanticdb failed for file:///home/prerit/Projects-Code/My-Learning/DSA-Pepcoding/Basics/DataTypes.java. Output:

2026.05.09 10:57:05 INFO  no build target found for /home/prerit/Projects-Code/My-Learning/DSA-Pepcoding/Basics/DataTypes.java. Using fallback presentation compiler.
2026.05.09 10:57:05 INFO  no build target found for /home/prerit/Projects-Code/My-Learning/DSA-Pepcoding/Basics/DataTypes.java. Using fallback presentation compiler.
2026.05.09 10:57:06 WARN  no build target for: /home/prerit/Projects-Code/My-Learning/DSA-Pepcoding/Basics/DataTypes.java
2026.05.09 10:57:06 INFO  no build target found for /home/prerit/Projects-Code/My-Learning/DSA-Pepcoding/Basics/DataTypes.java. Using fallback presentation compiler.
2026.05.09 10:57:06 INFO  no build target found for /home/prerit/Projects-Code/My-Learning/DSA-Pepcoding/Basics/DataTypes.java. Using fallback presentation compiler.
2026.05.09 10:57:06 INFO  no build target found for /home/prerit/Projects-Code/My-Learning/DSA-Pepcoding/Basics/DataTypes.java. Using fallback presentation compiler.
2026.05.09 10:57:06 INFO  no build target found for /home/prerit/Projects-Code/My-Learning/DSA-Pepcoding/Basics/DataTypes.java. Using fallback presentation compiler.
2026.05.09 10:57:07 WARN  Running javac-semanticdb failed for file:///home/prerit/Projects-Code/My-Learning/DSA-Pepcoding/Basics/DataTypes.java. Output:

2026.05.09 10:57:08 WARN  no build target for: /home/prerit/Projects-Code/My-Learning/DSA-Pepcoding/Basics/DataTypes.java
2026.05.09 10:57:09 INFO  no build target found for /home/prerit/Projects-Code/My-Learning/DSA-Pepcoding/Basics/DataTypes.java. Using fallback presentation compiler.
2026.05.09 10:57:10 INFO  no build target found for /home/prerit/Projects-Code/My-Learning/DSA-Pepcoding/Basics/DataTypes.java. Using fallback presentation compiler.
2026.05.09 10:57:10 INFO  no build target found for /home/prerit/Projects-Code/My-Learning/DSA-Pepcoding/Basics/DataTypes.java. Using fallback presentation compiler.
2026.05.09 10:57:10 INFO  no build target found for /home/prerit/Projects-Code/My-Learning/DSA-Pepcoding/Basics/DataTypes.java. Using fallback presentation compiler.
2026.05.09 10:57:11 INFO  no build target found for /home/prerit/Projects-Code/My-Learning/DSA-Pepcoding/Basics/DataTypes.java. Using fallback presentation compiler.
2026.05.09 10:57:11 INFO  no build target found for /home/prerit/Projects-Code/My-Learning/DSA-Pepcoding/Basics/DataTypes.java. Using fallback presentation compiler.
2026.05.09 10:57:13 INFO  no build target found for /home/prerit/Projects-Code/My-Learning/DSA-Pepcoding/Basics/DataTypes.java. Using fallback presentation compiler.
2026.05.09 10:57:13 INFO  no build target found for /home/prerit/Projects-Code/My-Learning/DSA-Pepcoding/Basics/DataTypes.java. Using fallback presentation compiler.
2026.05.09 10:57:13 INFO  no build target found for /home/prerit/Projects-Code/My-Learning/DSA-Pepcoding/Basics/DataTypes.java. Using fallback presentation compiler.
2026.05.09 10:57:13 INFO  no build target found for /home/prerit/Projects-Code/My-Learning/DSA-Pepcoding/Basics/DataTypes.java. Using fallback presentation compiler.
2026.05.09 10:57:14 INFO  no build target found for /home/prerit/Projects-Code/My-Learning/DSA-Pepcoding/Basics/DataTypes.java. Using fallback presentation compiler.
2026.05.09 10:57:14 INFO  no build target found for /home/prerit/Projects-Code/My-Learning/DSA-Pepcoding/Basics/DataTypes.java. Using fallback presentation compiler.
2026.05.09 10:57:16 INFO  no build target found for /home/prerit/Projects-Code/My-Learning/DSA-Pepcoding/Basics/DataTypes.java. Using fallback presentation compiler.
2026.05.09 10:57:16 INFO  no build target found for /home/prerit/Projects-Code/My-Learning/DSA-Pepcoding/Basics/DataTypes.java. Using fallback presentation compiler.
2026.05.09 10:57:16 INFO  no build target found for /home/prerit/Projects-Code/My-Learning/DSA-Pepcoding/Basics/DataTypes.java. Using fallback presentation compiler.
2026.05.09 10:57:16 WARN  Running javac-semanticdb failed for file:///home/prerit/Projects-Code/My-Learning/DSA-Pepcoding/Basics/DataTypes.java. Output:

2026.05.09 10:57:16 INFO  no build target found for /home/prerit/Projects-Code/My-Learning/DSA-Pepcoding/Basics/DataTypes.java. Using fallback presentation compiler.
2026.05.09 10:57:16 INFO  no build target found for /home/prerit/Projects-Code/My-Learning/DSA-Pepcoding/Basics/DataTypes.java. Using fallback presentation compiler.
2026.05.09 10:57:16 INFO  no build target found for /home/prerit/Projects-Code/My-Learning/DSA-Pepcoding/Basics/DataTypes.java. Using fallback presentation compiler.
2026.05.09 10:57:17 INFO  no build target found for /home/prerit/Projects-Code/My-Learning/DSA-Pepcoding/Basics/DataTypes.java. Using fallback presentation compiler.
2026.05.09 10:57:17 WARN  Running javac-semanticdb failed for file:///home/prerit/Projects-Code/My-Learning/DSA-Pepcoding/Basics/DataTypes.java. Output:

2026.05.09 10:57:16 INFO  no build target found for /home/prerit/Projects-Code/My-Learning/DSA-Pepcoding/Basics/DataTypes.java. Using fallback presentation compiler.
2026.05.09 10:57:18 WARN  no build target for: /home/prerit/Projects-Code/My-Learning/DSA-Pepcoding/Basics/DataTypes.java
2026.05.09 10:57:18 INFO  no build target found for /home/prerit/Projects-Code/My-Learning/DSA-Pepcoding/Basics/DataTypes.java. Using fallback presentation compiler.
2026.05.09 10:57:18 INFO  no build target found for /home/prerit/Projects-Code/My-Learning/DSA-Pepcoding/Basics/DataTypes.java. Using fallback presentation compiler.
2026.05.09 10:57:18 INFO  no build target found for /home/prerit/Projects-Code/My-Learning/DSA-Pepcoding/Basics/DataTypes.java. Using fallback presentation compiler.
2026.05.09 10:57:18 WARN  Running javac-semanticdb failed for file:///home/prerit/Projects-Code/My-Learning/DSA-Pepcoding/Basics/DataTypes.java. Output:

2026.05.09 10:57:19 INFO  no build target found for /home/prerit/Projects-Code/My-Learning/DSA-Pepcoding/Basics/DataTypes.java. Using fallback presentation compiler.
2026.05.09 10:57:20 WARN  no build target for: /home/prerit/Projects-Code/My-Learning/DSA-Pepcoding/Basics/DataTypes.java
2026.05.09 10:57:20 INFO  no build target found for /home/prerit/Projects-Code/My-Learning/DSA-Pepcoding/Basics/DataTypes.java. Using fallback presentation compiler.
2026.05.09 10:57:20 INFO  no build target found for /home/prerit/Projects-Code/My-Learning/DSA-Pepcoding/Basics/DataTypes.java. Using fallback presentation compiler.
2026.05.09 10:57:20 INFO  no build target found for /home/prerit/Projects-Code/My-Learning/DSA-Pepcoding/Basics/DataTypes.java. Using fallback presentation compiler.
2026.05.09 10:57:20 INFO  no build target found for /home/prerit/Projects-Code/My-Learning/DSA-Pepcoding/Basics/DataTypes.java. Using fallback presentation compiler.
2026.05.09 10:57:20 INFO  no build target found for /home/prerit/Projects-Code/My-Learning/DSA-Pepcoding/Basics/DataTypes.java. Using fallback presentation compiler.
2026.05.09 10:57:21 INFO  no build target found for /home/prerit/Projects-Code/My-Learning/DSA-Pepcoding/Basics/DataTypes.java. Using fallback presentation compiler.
2026.05.09 10:57:20 INFO  no build target found for /home/prerit/Projects-Code/My-Learning/DSA-Pepcoding/Basics/DataTypes.java. Using fallback presentation compiler.
2026.05.09 10:57:21 WARN  Running javac-semanticdb failed for file:///home/prerit/Projects-Code/My-Learning/DSA-Pepcoding/Basics/DataTypes.java. Output:

2026.05.09 10:57:22 INFO  no build target found for /home/prerit/Projects-Code/My-Learning/DSA-Pepcoding/Basics/DataTypes.java. Using fallback presentation compiler.
2026.05.09 10:57:22 INFO  no build target found for /home/prerit/Projects-Code/My-Learning/DSA-Pepcoding/Basics/DataTypes.java. Using fallback presentation compiler.
2026.05.09 10:57:22 WARN  Running javac-semanticdb failed for file:///home/prerit/Projects-Code/My-Learning/DSA-Pepcoding/Basics/DataTypes.java. Output:

2026.05.09 10:57:22 INFO  no build target found for /home/prerit/Projects-Code/My-Learning/DSA-Pepcoding/Basics/DataTypes.java. Using fallback presentation compiler.
2026.05.09 10:57:22 INFO  no build target found for /home/prerit/Projects-Code/My-Learning/DSA-Pepcoding/Basics/DataTypes.java. Using fallback presentation compiler.
2026.05.09 10:57:23 INFO  no build target found for /home/prerit/Projects-Code/My-Learning/DSA-Pepcoding/Basics/DataTypes.java. Using fallback presentation compiler.
2026.05.09 10:57:23 WARN  Running javac-semanticdb failed for file:///home/prerit/Projects-Code/My-Learning/DSA-Pepcoding/Basics/DataTypes.java. Output:

2026.05.09 10:57:23 WARN  no build target for: /home/prerit/Projects-Code/My-Learning/DSA-Pepcoding/Basics/DataTypes.java
2026.05.09 10:57:23 INFO  no build target found for /home/prerit/Projects-Code/My-Learning/DSA-Pepcoding/Basics/DataTypes.java. Using fallback presentation compiler.
2026.05.09 10:57:23 INFO  no build target found for /home/prerit/Projects-Code/My-Learning/DSA-Pepcoding/Basics/DataTypes.java. Using fallback presentation compiler.
2026.05.09 10:57:23 INFO  no build target found for /home/prerit/Projects-Code/My-Learning/DSA-Pepcoding/Basics/DataTypes.java. Using fallback presentation compiler.
2026.05.09 10:57:23 INFO  no build target found for /home/prerit/Projects-Code/My-Learning/DSA-Pepcoding/Basics/DataTypes.java. Using fallback presentation compiler.
2026.05.09 10:57:25 INFO  no build target found for /home/prerit/Projects-Code/My-Learning/DSA-Pepcoding/Basics/DataTypes.java. Using fallback presentation compiler.
2026.05.09 10:57:58 WARN  no build target for: /home/prerit/Projects-Code/My-Learning/DSA-Pepcoding/Basics/DataTypes.java
2026.05.09 10:57:58 INFO  no build target found for /home/prerit/Projects-Code/My-Learning/DSA-Pepcoding/Basics/DataTypes.java. Using fallback presentation compiler.
2026.05.09 10:58:38 WARN  no build target for: /home/prerit/Projects-Code/My-Learning/DSA-Pepcoding/Basics/DataTypes.java
2026.05.09 10:58:38 INFO  no build target found for /home/prerit/Projects-Code/My-Learning/DSA-Pepcoding/Basics/DataTypes.java. Using fallback presentation compiler.
2026.05.09 10:59:54 INFO  no build target found for /home/prerit/Projects-Code/My-Learning/DSA-Pepcoding/Basics/DataTypes.java. Using fallback presentation compiler.
2026.05.09 10:59:54 INFO  no build target found for /home/prerit/Projects-Code/My-Learning/DSA-Pepcoding/Basics/DataTypes.java. Using fallback presentation compiler.
2026.05.09 10:59:55 INFO  no build target found for /home/prerit/Projects-Code/My-Learning/DSA-Pepcoding/Basics/DataTypes.java. Using fallback presentation compiler.
2026.05.09 10:59:55 INFO  no build target found for /home/prerit/Projects-Code/My-Learning/DSA-Pepcoding/Basics/DataTypes.java. Using fallback presentation compiler.
2026.05.09 10:59:55 INFO  no build target found for /home/prerit/Projects-Code/My-Learning/DSA-Pepcoding/Basics/DataTypes.java. Using fallback presentation compiler.
May 09, 2026 10:59:56 AM org.eclipse.lsp4j.jsonrpc.RemoteEndpoint handleCancellation
WARNING: Unmatched cancel notification for request id 1927
2026.05.09 10:59:55 INFO  no build target found for /home/prerit/Projects-Code/My-Learning/DSA-Pepcoding/Basics/DataTypes.java. Using fallback presentation compiler.
2026.05.09 10:59:56 INFO  no build target found for /home/prerit/Projects-Code/My-Learning/DSA-Pepcoding/Basics/DataTypes.java. Using fallback presentation compiler.
2026.05.09 10:59:57 INFO  no build target found for /home/prerit/Projects-Code/My-Learning/DSA-Pepcoding/Basics/DataTypes.java. Using fallback presentation compiler.
2026.05.09 10:59:57 INFO  no build target found for /home/prerit/Projects-Code/My-Learning/DSA-Pepcoding/Basics/DataTypes.java. Using fallback presentation compiler.
2026.05.09 10:59:57 INFO  no build target found for /home/prerit/Projects-Code/My-Learning/DSA-Pepcoding/Basics/DataTypes.java. Using fallback presentation compiler.
2026.05.09 10:59:57 INFO  no build target found for /home/prerit/Projects-Code/My-Learning/DSA-Pepcoding/Basics/DataTypes.java. Using fallback presentation compiler.
2026.05.09 10:59:57 INFO  no build target found for /home/prerit/Projects-Code/My-Learning/DSA-Pepcoding/Basics/DataTypes.java. Using fallback presentation compiler.
2026.05.09 10:59:57 INFO  no build target found for /home/prerit/Projects-Code/My-Learning/DSA-Pepcoding/Basics/DataTypes.java. Using fallback presentation compiler.
May 09, 2026 10:59:58 AM org.eclipse.lsp4j.jsonrpc.RemoteEndpoint handleCancellation
WARNING: Unmatched cancel notification for request id 1943
2026.05.09 10:59:58 INFO  no build target found for /home/prerit/Projects-Code/My-Learning/DSA-Pepcoding/Basics/DataTypes.java. Using fallback presentation compiler.
2026.05.09 10:59:58 INFO  no build target found for /home/prerit/Projects-Code/My-Learning/DSA-Pepcoding/Basics/DataTypes.java. Using fallback presentation compiler.
2026.05.09 10:59:58 INFO  no build target found for /home/prerit/Projects-Code/My-Learning/DSA-Pepcoding/Basics/DataTypes.java. Using fallback presentation compiler.
2026.05.09 10:59:58 INFO  no build target found for /home/prerit/Projects-Code/My-Learning/DSA-Pepcoding/Basics/DataTypes.java. Using fallback presentation compiler.
2026.05.09 10:59:58 INFO  no build target found for /home/prerit/Projects-Code/My-Learning/DSA-Pepcoding/Basics/DataTypes.java. Using fallback presentation compiler.
2026.05.09 10:59:59 INFO  no build target found for /home/prerit/Projects-Code/My-Learning/DSA-Pepcoding/Basics/DataTypes.java. Using fallback presentation compiler.
2026.05.09 10:59:59 INFO  no build target found for /home/prerit/Projects-Code/My-Learning/DSA-Pepcoding/Basics/DataTypes.java. Using fallback presentation compiler.
2026.05.09 10:59:59 INFO  no build target found for /home/prerit/Projects-Code/My-Learning/DSA-Pepcoding/Basics/DataTypes.java. Using fallback presentation compiler.
2026.05.09 10:59:59 INFO  no build target found for /home/prerit/Projects-Code/My-Learning/DSA-Pepcoding/Basics/DataTypes.java. Using fallback presentation compiler.
2026.05.09 10:59:59 INFO  no build target found for /home/prerit/Projects-Code/My-Learning/DSA-Pepcoding/Basics/DataTypes.java. Using fallback presentation compiler.
2026.05.09 10:59:59 INFO  no build target found for /home/prerit/Projects-Code/My-Learning/DSA-Pepcoding/Basics/DataTypes.java. Using fallback presentation compiler.
2026.05.09 11:00:00 INFO  no build target found for /home/prerit/Projects-Code/My-Learning/DSA-Pepcoding/Basics/DataTypes.java. Using fallback presentation compiler.
2026.05.09 11:00:00 INFO  no build target found for /home/prerit/Projects-Code/My-Learning/DSA-Pepcoding/Basics/DataTypes.java. Using fallback presentation compiler.
2026.05.09 11:00:00 INFO  no build target found for /home/prerit/Projects-Code/My-Learning/DSA-Pepcoding/Basics/DataTypes.java. Using fallback presentation compiler.
2026.05.09 11:00:00 INFO  no build target found for /home/prerit/Projects-Code/My-Learning/DSA-Pepcoding/Basics/DataTypes.java. Using fallback presentation compiler.
2026.05.09 11:00:01 INFO  no build target found for /home/prerit/Projects-Code/My-Learning/DSA-Pepcoding/Basics/DataTypes.java. Using fallback presentation compiler.
May 09, 2026 11:00:01 AM org.eclipse.lsp4j.jsonrpc.RemoteEndpoint handleCancellation
WARNING: Unmatched cancel notification for request id 1964
2026.05.09 11:00:01 INFO  time: code lens generation in 1s
2026.05.09 11:00:00 INFO  no build target found for /home/prerit/Projects-Code/My-Learning/DSA-Pepcoding/Basics/DataTypes.java. Using fallback presentation compiler.
May 09, 2026 11:00:01 AM org.eclipse.lsp4j.jsonrpc.RemoteEndpoint handleCancellation
WARNING: Unmatched cancel notification for request id 1959
2026.05.09 11:00:00 INFO  no build target found for /home/prerit/Projects-Code/My-Learning/DSA-Pepcoding/Basics/DataTypes.java. Using fallback presentation compiler.
2026.05.09 11:00:02 INFO  no build target found for /home/prerit/Projects-Code/My-Learning/DSA-Pepcoding/Basics/DataTypes.java. Using fallback presentation compiler.
2026.05.09 11:00:02 INFO  no build target found for /home/prerit/Projects-Code/My-Learning/DSA-Pepcoding/Basics/DataTypes.java. Using fallback presentation compiler.
2026.05.09 11:00:02 INFO  no build target found for /home/prerit/Projects-Code/My-Learning/DSA-Pepcoding/Basics/DataTypes.java. Using fallback presentation compiler.
2026.05.09 11:00:02 WARN  no build target for: /home/prerit/Projects-Code/My-Learning/DSA-Pepcoding/Basics/DataTypes.java
2026.05.09 11:00:02 WARN  Running javac-semanticdb failed for file:///home/prerit/Projects-Code/My-Learning/DSA-Pepcoding/Basics/DataTypes.java. Output:

2026.05.09 11:00:02 INFO  no build target found for /home/prerit/Projects-Code/My-Learning/DSA-Pepcoding/Basics/DataTypes.java. Using fallback presentation compiler.
2026.05.09 11:00:02 INFO  no build target found for /home/prerit/Projects-Code/My-Learning/DSA-Pepcoding/Basics/DataTypes.java. Using fallback presentation compiler.
2026.05.09 11:00:03 INFO  no build target found for /home/prerit/Projects-Code/My-Learning/DSA-Pepcoding/Basics/DataTypes.java. Using fallback presentation compiler.
May 09, 2026 11:00:04 AM org.eclipse.lsp4j.jsonrpc.RemoteEndpoint handleCancellation
WARNING: Unmatched cancel notification for request id 1984
2026.05.09 11:00:03 INFO  no build target found for /home/prerit/Projects-Code/My-Learning/DSA-Pepcoding/Basics/DataTypes.java. Using fallback presentation compiler.
2026.05.09 11:00:04 INFO  no build target found for /home/prerit/Projects-Code/My-Learning/DSA-Pepcoding/Basics/DataTypes.java. Using fallback presentation compiler.
2026.05.09 11:00:04 WARN  no build target for: /home/prerit/Projects-Code/My-Learning/DSA-Pepcoding/Basics/DataTypes.java
2026.05.09 11:00:04 INFO  no build target found for /home/prerit/Projects-Code/My-Learning/DSA-Pepcoding/Basics/DataTypes.java. Using fallback presentation compiler.
2026.05.09 11:00:05 INFO  time: code lens generation in 1.09s
2026.05.09 11:00:05 INFO  no build target found for /home/prerit/Projects-Code/My-Learning/DSA-Pepcoding/Basics/DataTypes.java. Using fallback presentation compiler.
2026.05.09 11:00:04 INFO  no build target found for /home/prerit/Projects-Code/My-Learning/DSA-Pepcoding/Basics/DataTypes.java. Using fallback presentation compiler.
2026.05.09 11:00:04 INFO  no build target found for /home/prerit/Projects-Code/My-Learning/DSA-Pepcoding/Basics/DataTypes.java. Using fallback presentation compiler.
2026.05.09 11:00:06 INFO  no build target found for /home/prerit/Projects-Code/My-Learning/DSA-Pepcoding/Basics/DataTypes.java. Using fallback presentation compiler.
2026.05.09 11:00:06 INFO  no build target found for /home/prerit/Projects-Code/My-Learning/DSA-Pepcoding/Basics/DataTypes.java. Using fallback presentation compiler.
2026.05.09 11:00:06 INFO  no build target found for /home/prerit/Projects-Code/My-Learning/DSA-Pepcoding/Basics/DataTypes.java. Using fallback presentation compiler.
2026.05.09 11:00:06 INFO  no build target found for /home/prerit/Projects-Code/My-Learning/DSA-Pepcoding/Basics/DataTypes.java. Using fallback presentation compiler.
2026.05.09 11:00:06 INFO  no build target found for /home/prerit/Projects-Code/My-Learning/DSA-Pepcoding/Basics/DataTypes.java. Using fallback presentation compiler.
2026.05.09 11:00:06 INFO  no build target found for /home/prerit/Projects-Code/My-Learning/DSA-Pepcoding/Basics/DataTypes.java. Using fallback presentation compiler.
2026.05.09 11:00:06 INFO  no build target found for /home/prerit/Projects-Code/My-Learning/DSA-Pepcoding/Basics/DataTypes.java. Using fallback presentation compiler.
2026.05.09 11:00:06 INFO  no build target found for /home/prerit/Projects-Code/My-Learning/DSA-Pepcoding/Basics/DataTypes.java. Using fallback presentation compiler.
2026.05.09 11:00:07 INFO  no build target found for /home/prerit/Projects-Code/My-Learning/DSA-Pepcoding/Basics/DataTypes.java. Using fallback presentation compiler.
2026.05.09 11:00:11 INFO  no build target found for /home/prerit/Projects-Code/My-Learning/DSA-Pepcoding/Basics/DataTypes.java. Using fallback presentation compiler.
May 09, 2026 11:00:11 AM org.eclipse.lsp4j.jsonrpc.RemoteEndpoint handleCancellation
WARNING: Unmatched cancel notification for request id 2016
May 09, 2026 11:00:11 AM org.eclipse.lsp4j.jsonrpc.RemoteEndpoint handleCancellation
WARNING: Unmatched cancel notification for request id 2017
May 09, 2026 11:00:11 AM org.eclipse.lsp4j.jsonrpc.RemoteEndpoint handleCancellation
WARNING: Unmatched cancel notification for request id 2015
2026.05.09 11:00:11 INFO  no build target found for /home/prerit/Projects-Code/My-Learning/DSA-Pepcoding/Basics/DataTypes.java. Using fallback presentation compiler.
2026.05.09 11:00:11 INFO  no build target found for /home/prerit/Projects-Code/My-Learning/DSA-Pepcoding/Basics/DataTypes.java. Using fallback presentation compiler.
2026.05.09 11:00:11 INFO  no build target found for /home/prerit/Projects-Code/My-Learning/DSA-Pepcoding/Basics/DataTypes.java. Using fallback presentation compiler.
May 09, 2026 11:00:11 AM org.eclipse.lsp4j.jsonrpc.RemoteEndpoint handleCancellation
WARNING: Unmatched cancel notification for request id 2019
2026.05.09 11:00:11 INFO  no build target found for /home/prerit/Projects-Code/My-Learning/DSA-Pepcoding/Basics/DataTypes.java. Using fallback presentation compiler.
2026.05.09 11:00:11 INFO  no build target found for /home/prerit/Projects-Code/My-Learning/DSA-Pepcoding/Basics/DataTypes.java. Using fallback presentation compiler.
2026.05.09 11:00:11 INFO  no build target found for /home/prerit/Projects-Code/My-Learning/DSA-Pepcoding/Basics/DataTypes.java. Using fallback presentation compiler.
2026.05.09 11:00:11 INFO  no build target found for /home/prerit/Projects-Code/My-Learning/DSA-Pepcoding/Basics/DataTypes.java. Using fallback presentation compiler.
2026.05.09 11:00:11 INFO  no build target found for /home/prerit/Projects-Code/My-Learning/DSA-Pepcoding/Basics/DataTypes.java. Using fallback presentation compiler.
May 09, 2026 11:00:12 AM org.eclipse.lsp4j.jsonrpc.RemoteEndpoint handleCancellation
WARNING: Unmatched cancel notification for request id 2026
May 09, 2026 11:00:12 AM org.eclipse.lsp4j.jsonrpc.RemoteEndpoint handleCancellation
WARNING: Unmatched cancel notification for request id 2027
May 09, 2026 11:00:12 AM org.eclipse.lsp4j.jsonrpc.RemoteEndpoint handleCancellation
WARNING: Unmatched cancel notification for request id 2028
2026.05.09 11:00:12 WARN  no build target for: /home/prerit/Projects-Code/My-Learning/DSA-Pepcoding/Basics/DataTypes.java
2026.05.09 11:00:11 INFO  no build target found for /home/prerit/Projects-Code/My-Learning/DSA-Pepcoding/Basics/DataTypes.java. Using fallback presentation compiler.
May 09, 2026 11:00:12 AM org.eclipse.lsp4j.jsonrpc.RemoteEndpoint handleCancellation
WARNING: Unmatched cancel notification for request id 2029
2026.05.09 11:00:12 INFO  no build target found for /home/prerit/Projects-Code/My-Learning/DSA-Pepcoding/Basics/DataTypes.java. Using fallback presentation compiler.
May 09, 2026 11:00:12 AM org.eclipse.lsp4j.jsonrpc.RemoteEndpoint handleCancellation
WARNING: Unmatched cancel notification for request id 2024
May 09, 2026 11:00:12 AM org.eclipse.lsp4j.jsonrpc.RemoteEndpoint handleCancellation
WARNING: Unmatched cancel notification for request id 2030
2026.05.09 11:00:12 INFO  no build target found for /home/prerit/Projects-Code/My-Learning/DSA-Pepcoding/Basics/DataTypes.java. Using fallback presentation compiler.
May 09, 2026 11:00:13 AM org.eclipse.lsp4j.jsonrpc.RemoteEndpoint handleCancellation
WARNING: Unmatched cancel notification for request id 2033
2026.05.09 11:00:13 INFO  no build target found for /home/prerit/Projects-Code/My-Learning/DSA-Pepcoding/Basics/DataTypes.java. Using fallback presentation compiler.
2026.05.09 11:00:13 INFO  no build target found for /home/prerit/Projects-Code/My-Learning/DSA-Pepcoding/Basics/DataTypes.java. Using fallback presentation compiler.
2026.05.09 11:00:13 INFO  no build target found for /home/prerit/Projects-Code/My-Learning/DSA-Pepcoding/Basics/DataTypes.java. Using fallback presentation compiler.
2026.05.09 11:00:13 INFO  no build target found for /home/prerit/Projects-Code/My-Learning/DSA-Pepcoding/Basics/DataTypes.java. Using fallback presentation compiler.
2026.05.09 11:00:13 WARN  no build target for: /home/prerit/Projects-Code/My-Learning/DSA-Pepcoding/Basics/DataTypes.java
May 09, 2026 11:00:14 AM org.eclipse.lsp4j.jsonrpc.RemoteEndpoint handleCancellation
WARNING: Unmatched cancel notification for request id 2043
2026.05.09 11:00:14 INFO  no build target found for /home/prerit/Projects-Code/My-Learning/DSA-Pepcoding/Basics/DataTypes.java. Using fallback presentation compiler.
2026.05.09 11:00:14 INFO  no build target found for /home/prerit/Projects-Code/My-Learning/DSA-Pepcoding/Basics/DataTypes.java. Using fallback presentation compiler.
May 09, 2026 11:00:14 AM org.eclipse.lsp4j.jsonrpc.RemoteEndpoint handleCancellation
WARNING: Unmatched cancel notification for request id 2047
2026.05.09 11:00:14 INFO  no build target found for /home/prerit/Projects-Code/My-Learning/DSA-Pepcoding/Basics/DataTypes.java. Using fallback presentation compiler.
2026.05.09 11:00:14 INFO  no build target found for /home/prerit/Projects-Code/My-Learning/DSA-Pepcoding/Basics/DataTypes.java. Using fallback presentation compiler.
2026.05.09 11:00:14 INFO  no build target found for /home/prerit/Projects-Code/My-Learning/DSA-Pepcoding/Basics/DataTypes.java. Using fallback presentation compiler.
2026.05.09 11:00:14 INFO  no build target found for /home/prerit/Projects-Code/My-Learning/DSA-Pepcoding/Basics/DataTypes.java. Using fallback presentation compiler.
2026.05.09 11:00:14 INFO  no build target found for /home/prerit/Projects-Code/My-Learning/DSA-Pepcoding/Basics/DataTypes.java. Using fallback presentation compiler.
2026.05.09 11:00:14 INFO  no build target found for /home/prerit/Projects-Code/My-Learning/DSA-Pepcoding/Basics/DataTypes.java. Using fallback presentation compiler.
2026.05.09 11:00:15 INFO  no build target found for /home/prerit/Projects-Code/My-Learning/DSA-Pepcoding/Basics/DataTypes.java. Using fallback presentation compiler.
2026.05.09 11:00:16 INFO  no build target found for /home/prerit/Projects-Code/My-Learning/DSA-Pepcoding/Basics/DataTypes.java. Using fallback presentation compiler.
2026.05.09 11:00:16 INFO  no build target found for /home/prerit/Projects-Code/My-Learning/DSA-Pepcoding/Basics/DataTypes.java. Using fallback presentation compiler.
2026.05.09 11:00:16 INFO  no build target found for /home/prerit/Projects-Code/My-Learning/DSA-Pepcoding/Basics/DataTypes.java. Using fallback presentation compiler.
2026.05.09 11:00:16 INFO  no build target found for /home/prerit/Projects-Code/My-Learning/DSA-Pepcoding/Basics/DataTypes.java. Using fallback presentation compiler.
May 09, 2026 11:00:16 AM org.eclipse.lsp4j.jsonrpc.RemoteEndpoint handleCancellation
WARNING: Unmatched cancel notification for request id 2068
May 09, 2026 11:00:16 AM org.eclipse.lsp4j.jsonrpc.RemoteEndpoint handleCancellation
WARNING: Unmatched cancel notification for request id 2066
2026.05.09 11:00:16 INFO  no build target found for /home/prerit/Projects-Code/My-Learning/DSA-Pepcoding/Basics/DataTypes.java. Using fallback presentation compiler.
2026.05.09 11:00:16 INFO  no build target found for /home/prerit/Projects-Code/My-Learning/DSA-Pepcoding/Basics/DataTypes.java. Using fallback presentation compiler.
2026.05.09 11:00:16 INFO  no build target found for /home/prerit/Projects-Code/My-Learning/DSA-Pepcoding/Basics/DataTypes.java. Using fallback presentation compiler.
2026.05.09 11:00:17 INFO  no build target found for /home/prerit/Projects-Code/My-Learning/DSA-Pepcoding/Basics/DataTypes.java. Using fallback presentation compiler.
2026.05.09 11:00:17 INFO  no build target found for /home/prerit/Projects-Code/My-Learning/DSA-Pepcoding/Basics/DataTypes.java. Using fallback presentation compiler.
2026.05.09 11:00:17 INFO  no build target found for /home/prerit/Projects-Code/My-Learning/DSA-Pepcoding/Basics/DataTypes.java. Using fallback presentation compiler.
2026.05.09 11:00:18 INFO  no build target found for /home/prerit/Projects-Code/My-Learning/DSA-Pepcoding/Basics/DataTypes.java. Using fallback presentation compiler.
2026.05.09 11:00:17 INFO  no build target found for /home/prerit/Projects-Code/My-Learning/DSA-Pepcoding/Basics/DataTypes.java. Using fallback presentation compiler.
2026.05.09 11:00:18 INFO  no build target found for /home/prerit/Projects-Code/My-Learning/DSA-Pepcoding/Basics/DataTypes.java. Using fallback presentation compiler.
2026.05.09 11:00:18 INFO  no build target found for /home/prerit/Projects-Code/My-Learning/DSA-Pepcoding/Basics/DataTypes.java. Using fallback presentation compiler.
May 09, 2026 11:00:18 AM org.eclipse.lsp4j.jsonrpc.RemoteEndpoint handleCancellation
WARNING: Unmatched cancel notification for request id 2083
2026.05.09 11:00:18 INFO  no build target found for /home/prerit/Projects-Code/My-Learning/DSA-Pepcoding/Basics/DataTypes.java. Using fallback presentation compiler.
2026.05.09 11:00:18 INFO  no build target found for /home/prerit/Projects-Code/My-Learning/DSA-Pepcoding/Basics/DataTypes.java. Using fallback presentation compiler.
2026.05.09 11:00:19 WARN  no build target for: /home/prerit/Projects-Code/My-Learning/DSA-Pepcoding/Basics/DataTypes.java
2026.05.09 11:00:19 WARN  Running javac-semanticdb failed for file:///home/prerit/Projects-Code/My-Learning/DSA-Pepcoding/Basics/DataTypes.java. Output:

2026.05.09 11:00:19 INFO  no build target found for /home/prerit/Projects-Code/My-Learning/DSA-Pepcoding/Basics/DataTypes.java. Using fallback presentation compiler.
2026.05.09 11:00:19 INFO  no build target found for /home/prerit/Projects-Code/My-Learning/DSA-Pepcoding/Basics/DataTypes.java. Using fallback presentation compiler.
2026.05.09 11:00:19 INFO  no build target found for /home/prerit/Projects-Code/My-Learning/DSA-Pepcoding/Basics/DataTypes.java. Using fallback presentation compiler.
2026.05.09 11:00:19 INFO  no build target found for /home/prerit/Projects-Code/My-Learning/DSA-Pepcoding/Basics/DataTypes.java. Using fallback presentation compiler.
2026.05.09 11:00:19 INFO  no build target found for /home/prerit/Projects-Code/My-Learning/DSA-Pepcoding/Basics/DataTypes.java. Using fallback presentation compiler.
2026.05.09 11:00:19 INFO  no build target found for /home/prerit/Projects-Code/My-Learning/DSA-Pepcoding/Basics/DataTypes.java. Using fallback presentation compiler.
2026.05.09 11:00:19 INFO  no build target found for /home/prerit/Projects-Code/My-Learning/DSA-Pepcoding/Basics/DataTypes.java. Using fallback presentation compiler.
2026.05.09 11:00:19 INFO  no build target found for /home/prerit/Projects-Code/My-Learning/DSA-Pepcoding/Basics/DataTypes.java. Using fallback presentation compiler.
2026.05.09 11:00:20 INFO  no build target found for /home/prerit/Projects-Code/My-Learning/DSA-Pepcoding/Basics/DataTypes.java. Using fallback presentation compiler.
2026.05.09 11:00:20 INFO  no build target found for /home/prerit/Projects-Code/My-Learning/DSA-Pepcoding/Basics/DataTypes.java. Using fallback presentation compiler.
2026.05.09 11:00:20 INFO  no build target found for /home/prerit/Projects-Code/My-Learning/DSA-Pepcoding/Basics/DataTypes.java. Using fallback presentation compiler.
2026.05.09 11:00:21 WARN  no build target for: /home/prerit/Projects-Code/My-Learning/DSA-Pepcoding/Basics/DataTypes.java
2026.05.09 11:00:20 INFO  no build target found for /home/prerit/Projects-Code/My-Learning/DSA-Pepcoding/Basics/DataTypes.java. Using fallback presentation compiler.
2026.05.09 11:00:21 INFO  no build target found for /home/prerit/Projects-Code/My-Learning/DSA-Pepcoding/Basics/DataTypes.java. Using fallback presentation compiler.
2026.05.09 11:00:20 INFO  no build target found for /home/prerit/Projects-Code/My-Learning/DSA-Pepcoding/Basics/DataTypes.java. Using fallback presentation compiler.
2026.05.09 11:00:21 INFO  no build target found for /home/prerit/Projects-Code/My-Learning/DSA-Pepcoding/Basics/DataTypes.java. Using fallback presentation compiler.
2026.05.09 11:00:21 INFO  no build target found for /home/prerit/Projects-Code/My-Learning/DSA-Pepcoding/Basics/DataTypes.java. Using fallback presentation compiler.
2026.05.09 11:00:21 INFO  no build target found for /home/prerit/Projects-Code/My-Learning/DSA-Pepcoding/Basics/DataTypes.java. Using fallback presentation compiler.
2026.05.09 11:00:21 INFO  no build target found for /home/prerit/Projects-Code/My-Learning/DSA-Pepcoding/Basics/DataTypes.java. Using fallback presentation compiler.
2026.05.09 11:00:21 INFO  no build target found for /home/prerit/Projects-Code/My-Learning/DSA-Pepcoding/Basics/DataTypes.java. Using fallback presentation compiler.
May 09, 2026 11:00:21 AM org.eclipse.lsp4j.jsonrpc.RemoteEndpoint handleCancellation
WARNING: Unmatched cancel notification for request id 2107
2026.05.09 11:00:21 INFO  no build target found for /home/prerit/Projects-Code/My-Learning/DSA-Pepcoding/Basics/DataTypes.java. Using fallback presentation compiler.
2026.05.09 11:00:21 INFO  no build target found for /home/prerit/Projects-Code/My-Learning/DSA-Pepcoding/Basics/DataTypes.java. Using fallback presentation compiler.
2026.05.09 11:00:21 INFO  no build target found for /home/prerit/Projects-Code/My-Learning/DSA-Pepcoding/Basics/DataTypes.java. Using fallback presentation compiler.
2026.05.09 11:00:21 INFO  no build target found for /home/prerit/Projects-Code/My-Learning/DSA-Pepcoding/Basics/DataTypes.java. Using fallback presentation compiler.
2026.05.09 11:00:21 INFO  no build target found for /home/prerit/Projects-Code/My-Learning/DSA-Pepcoding/Basics/DataTypes.java. Using fallback presentation compiler.
2026.05.09 11:00:22 INFO  no build target found for /home/prerit/Projects-Code/My-Learning/DSA-Pepcoding/Basics/DataTypes.java. Using fallback presentation compiler.
2026.05.09 11:00:22 INFO  no build target found for /home/prerit/Projects-Code/My-Learning/DSA-Pepcoding/Basics/DataTypes.java. Using fallback presentation compiler.
2026.05.09 11:00:22 INFO  no build target found for /home/prerit/Projects-Code/My-Learning/DSA-Pepcoding/Basics/DataTypes.java. Using fallback presentation compiler.
2026.05.09 11:00:23 WARN  no build target for: /home/prerit/Projects-Code/My-Learning/DSA-Pepcoding/Basics/DataTypes.java
2026.05.09 11:00:23 INFO  no build target found for /home/prerit/Projects-Code/My-Learning/DSA-Pepcoding/Basics/DataTypes.java. Using fallback presentation compiler.
2026.05.09 11:00:23 INFO  no build target found for /home/prerit/Projects-Code/My-Learning/DSA-Pepcoding/Basics/DataTypes.java. Using fallback presentation compiler.
2026.05.09 11:00:23 INFO  no build target found for /home/prerit/Projects-Code/My-Learning/DSA-Pepcoding/Basics/DataTypes.java. Using fallback presentation compiler.
2026.05.09 11:00:23 INFO  no build target found for /home/prerit/Projects-Code/My-Learning/DSA-Pepcoding/Basics/DataTypes.java. Using fallback presentation compiler.
2026.05.09 11:00:23 INFO  no build target found for /home/prerit/Projects-Code/My-Learning/DSA-Pepcoding/Basics/DataTypes.java. Using fallback presentation compiler.
2026.05.09 11:00:23 INFO  no build target found for /home/prerit/Projects-Code/My-Learning/DSA-Pepcoding/Basics/DataTypes.java. Using fallback presentation compiler.
2026.05.09 11:00:25 INFO  no build target found for /home/prerit/Projects-Code/My-Learning/DSA-Pepcoding/Basics/DataTypes.java. Using fallback presentation compiler.
2026.05.09 11:00:25 INFO  no build target found for /home/prerit/Projects-Code/My-Learning/DSA-Pepcoding/Basics/DataTypes.java. Using fallback presentation compiler.
2026.05.09 11:00:25 INFO  no build target found for /home/prerit/Projects-Code/My-Learning/DSA-Pepcoding/Basics/DataTypes.java. Using fallback presentation compiler.
2026.05.09 11:00:25 INFO  no build target found for /home/prerit/Projects-Code/My-Learning/DSA-Pepcoding/Basics/DataTypes.java. Using fallback presentation compiler.
2026.05.09 11:00:25 INFO  no build target found for /home/prerit/Projects-Code/My-Learning/DSA-Pepcoding/Basics/DataTypes.java. Using fallback presentation compiler.
May 09, 2026 11:00:25 AM org.eclipse.lsp4j.jsonrpc.RemoteEndpoint handleCancellation
WARNING: Unmatched cancel notification for request id 2138
2026.05.09 11:00:25 INFO  no build target found for /home/prerit/Projects-Code/My-Learning/DSA-Pepcoding/Basics/DataTypes.java. Using fallback presentation compiler.
2026.05.09 11:00:25 INFO  no build target found for /home/prerit/Projects-Code/My-Learning/DSA-Pepcoding/Basics/DataTypes.java. Using fallback presentation compiler.
2026.05.09 11:00:26 INFO  no build target found for /home/prerit/Projects-Code/My-Learning/DSA-Pepcoding/Basics/DataTypes.java. Using fallback presentation compiler.
2026.05.09 11:00:26 INFO  no build target found for /home/prerit/Projects-Code/My-Learning/DSA-Pepcoding/Basics/DataTypes.java. Using fallback presentation compiler.
2026.05.09 11:00:26 INFO  no build target found for /home/prerit/Projects-Code/My-Learning/DSA-Pepcoding/Basics/DataTypes.java. Using fallback presentation compiler.
2026.05.09 11:00:26 INFO  no build target found for /home/prerit/Projects-Code/My-Learning/DSA-Pepcoding/Basics/DataTypes.java. Using fallback presentation compiler.
2026.05.09 11:00:26 INFO  no build target found for /home/prerit/Projects-Code/My-Learning/DSA-Pepcoding/Basics/DataTypes.java. Using fallback presentation compiler.
2026.05.09 11:00:27 WARN  no build target for: /home/prerit/Projects-Code/My-Learning/DSA-Pepcoding/Basics/DataTypes.java
2026.05.09 11:00:31 INFO  no build target found for /home/prerit/Projects-Code/My-Learning/DSA-Pepcoding/Basics/DataTypes.java. Using fallback presentation compiler.
2026.05.09 11:00:31 INFO  no build target found for /home/prerit/Projects-Code/My-Learning/DSA-Pepcoding/Basics/DataTypes.java. Using fallback presentation compiler.
2026.05.09 11:00:31 INFO  no build target found for /home/prerit/Projects-Code/My-Learning/DSA-Pepcoding/Basics/DataTypes.java. Using fallback presentation compiler.
2026.05.09 11:00:31 INFO  no build target found for /home/prerit/Projects-Code/My-Learning/DSA-Pepcoding/Basics/DataTypes.java. Using fallback presentation compiler.
May 09, 2026 11:00:31 AM org.eclipse.lsp4j.jsonrpc.RemoteEndpoint handleCancellation
WARNING: Unmatched cancel notification for request id 2152
2026.05.09 11:00:31 INFO  no build target found for /home/prerit/Projects-Code/My-Learning/DSA-Pepcoding/Basics/DataTypes.java. Using fallback presentation compiler.
2026.05.09 11:00:31 INFO  no build target found for /home/prerit/Projects-Code/My-Learning/DSA-Pepcoding/Basics/DataTypes.java. Using fallback presentation compiler.
May 09, 2026 11:00:31 AM org.eclipse.lsp4j.jsonrpc.RemoteEndpoint handleCancellation
WARNING: Unmatched cancel notification for request id 2154
2026.05.09 11:00:31 INFO  no build target found for /home/prerit/Projects-Code/My-Learning/DSA-Pepcoding/Basics/DataTypes.java. Using fallback presentation compiler.
May 09, 2026 11:00:31 AM org.eclipse.lsp4j.jsonrpc.RemoteEndpoint handleCancellation
WARNING: Unmatched cancel notification for request id 2155
2026.05.09 11:00:31 INFO  no build target found for /home/prerit/Projects-Code/My-Learning/DSA-Pepcoding/Basics/DataTypes.java. Using fallback presentation compiler.
May 09, 2026 11:00:31 AM org.eclipse.lsp4j.jsonrpc.RemoteEndpoint handleCancellation
WARNING: Unmatched cancel notification for request id 2156
May 09, 2026 11:00:31 AM org.eclipse.lsp4j.jsonrpc.RemoteEndpoint handleCancellation
WARNING: Unmatched cancel notification for request id 2157
May 09, 2026 11:00:31 AM org.eclipse.lsp4j.jsonrpc.RemoteEndpoint handleCancellation
WARNING: Unmatched cancel notification for request id 2159
May 09, 2026 11:00:31 AM org.eclipse.lsp4j.jsonrpc.RemoteEndpoint handleCancellation
WARNING: Unmatched cancel notification for request id 2161
2026.05.09 11:00:31 INFO  no build target found for /home/prerit/Projects-Code/My-Learning/DSA-Pepcoding/Basics/DataTypes.java. Using fallback presentation compiler.
2026.05.09 11:00:31 INFO  no build target found for /home/prerit/Projects-Code/My-Learning/DSA-Pepcoding/Basics/DataTypes.java. Using fallback presentation compiler.
2026.05.09 11:00:31 INFO  no build target found for /home/prerit/Projects-Code/My-Learning/DSA-Pepcoding/Basics/DataTypes.java. Using fallback presentation compiler.
2026.05.09 11:00:32 INFO  no build target found for /home/prerit/Projects-Code/My-Learning/DSA-Pepcoding/Basics/DataTypes.java. Using fallback presentation compiler.
2026.05.09 11:00:32 INFO  no build target found for /home/prerit/Projects-Code/My-Learning/DSA-Pepcoding/Basics/DataTypes.java. Using fallback presentation compiler.
May 09, 2026 11:00:32 AM org.eclipse.lsp4j.jsonrpc.RemoteEndpoint handleCancellation
WARNING: Unmatched cancel notification for request id 2162
May 09, 2026 11:00:32 AM org.eclipse.lsp4j.jsonrpc.RemoteEndpoint handleCancellation
WARNING: Unmatched cancel notification for request id 2163
May 09, 2026 11:00:32 AM org.eclipse.lsp4j.jsonrpc.RemoteEndpoint handleCancellation
WARNING: Unmatched cancel notification for request id 2164
May 09, 2026 11:00:32 AM org.eclipse.lsp4j.jsonrpc.RemoteEndpoint handleCancellation
WARNING: Unmatched cancel notification for request id 2165
May 09, 2026 11:00:32 AM org.eclipse.lsp4j.jsonrpc.RemoteEndpoint handleCancellation
WARNING: Unmatched cancel notification for request id 2166
2026.05.09 11:00:32 INFO  no build target found for /home/prerit/Projects-Code/My-Learning/DSA-Pepcoding/Basics/DataTypes.java. Using fallback presentation compiler.
2026.05.09 11:00:32 INFO  no build target found for /home/prerit/Projects-Code/My-Learning/DSA-Pepcoding/Basics/DataTypes.java. Using fallback presentation compiler.
2026.05.09 11:00:32 INFO  no build target found for /home/prerit/Projects-Code/My-Learning/DSA-Pepcoding/Basics/DataTypes.java. Using fallback presentation compiler.
2026.05.09 11:00:32 INFO  no build target found for /home/prerit/Projects-Code/My-Learning/DSA-Pepcoding/Basics/DataTypes.java. Using fallback presentation compiler.
2026.05.09 11:00:32 INFO  no build target found for /home/prerit/Projects-Code/My-Learning/DSA-Pepcoding/Basics/DataTypes.java. Using fallback presentation compiler.
May 09, 2026 11:00:32 AM org.eclipse.lsp4j.jsonrpc.RemoteEndpoint handleCancellation
WARNING: Unmatched cancel notification for request id 2167
May 09, 2026 11:00:32 AM org.eclipse.lsp4j.jsonrpc.RemoteEndpoint handleCancellation
WARNING: Unmatched cancel notification for request id 2168
May 09, 2026 11:00:32 AM org.eclipse.lsp4j.jsonrpc.RemoteEndpoint handleCancellation
WARNING: Unmatched cancel notification for request id 2169
May 09, 2026 11:00:32 AM org.eclipse.lsp4j.jsonrpc.RemoteEndpoint handleCancellation
WARNING: Unmatched cancel notification for request id 2170
May 09, 2026 11:00:32 AM org.eclipse.lsp4j.jsonrpc.RemoteEndpoint handleCancellation
WARNING: Unmatched cancel notification for request id 2171
May 09, 2026 11:00:32 AM org.eclipse.lsp4j.jsonrpc.RemoteEndpoint handleCancellation
WARNING: Unmatched cancel notification for request id 2173
2026.05.09 11:00:32 INFO  no build target found for /home/prerit/Projects-Code/My-Learning/DSA-Pepcoding/Basics/DataTypes.java. Using fallback presentation compiler.
May 09, 2026 11:00:32 AM org.eclipse.lsp4j.jsonrpc.RemoteEndpoint handleCancellation
WARNING: Unmatched cancel notification for request id 2174
May 09, 2026 11:00:32 AM org.eclipse.lsp4j.jsonrpc.RemoteEndpoint handleCancellation
WARNING: Unmatched cancel notification for request id 2175
2026.05.09 11:00:32 WARN  no build target for: /home/prerit/Projects-Code/My-Learning/DSA-Pepcoding/Basics/DataTypes.java
2026.05.09 11:00:32 INFO  no build target found for /home/prerit/Projects-Code/My-Learning/DSA-Pepcoding/Basics/DataTypes.java. Using fallback presentation compiler.
2026.05.09 11:00:32 INFO  no build target found for /home/prerit/Projects-Code/My-Learning/DSA-Pepcoding/Basics/DataTypes.java. Using fallback presentation compiler.
2026.05.09 11:00:32 INFO  no build target found for /home/prerit/Projects-Code/My-Learning/DSA-Pepcoding/Basics/DataTypes.java. Using fallback presentation compiler.
2026.05.09 11:00:33 INFO  no build target found for /home/prerit/Projects-Code/My-Learning/DSA-Pepcoding/Basics/DataTypes.java. Using fallback presentation compiler.
2026.05.09 11:00:32 INFO  no build target found for /home/prerit/Projects-Code/My-Learning/DSA-Pepcoding/Basics/DataTypes.java. Using fallback presentation compiler.
2026.05.09 11:00:32 INFO  no build target found for /home/prerit/Projects-Code/My-Learning/DSA-Pepcoding/Basics/DataTypes.java. Using fallback presentation compiler.
2026.05.09 11:00:33 INFO  no build target found for /home/prerit/Projects-Code/My-Learning/DSA-Pepcoding/Basics/DataTypes.java. Using fallback presentation compiler.
2026.05.09 11:00:33 INFO  no build target found for /home/prerit/Projects-Code/My-Learning/DSA-Pepcoding/Basics/DataTypes.java. Using fallback presentation compiler.
2026.05.09 11:00:33 INFO  no build target found for /home/prerit/Projects-Code/My-Learning/DSA-Pepcoding/Basics/DataTypes.java. Using fallback presentation compiler.
2026.05.09 11:00:33 INFO  no build target found for /home/prerit/Projects-Code/My-Learning/DSA-Pepcoding/Basics/DataTypes.java. Using fallback presentation compiler.
2026.05.09 11:00:33 INFO  no build target found for /home/prerit/Projects-Code/My-Learning/DSA-Pepcoding/Basics/DataTypes.java. Using fallback presentation compiler.
2026.05.09 11:00:33 INFO  no build target found for /home/prerit/Projects-Code/My-Learning/DSA-Pepcoding/Basics/DataTypes.java. Using fallback presentation compiler.
May 09, 2026 11:00:34 AM org.eclipse.lsp4j.jsonrpc.RemoteEndpoint handleCancellation
WARNING: Unmatched cancel notification for request id 2195
2026.05.09 11:00:34 INFO  no build target found for /home/prerit/Projects-Code/My-Learning/DSA-Pepcoding/Basics/DataTypes.java. Using fallback presentation compiler.
2026.05.09 11:00:34 INFO  no build target found for /home/prerit/Projects-Code/My-Learning/DSA-Pepcoding/Basics/DataTypes.java. Using fallback presentation compiler.
2026.05.09 11:00:34 INFO  no build target found for /home/prerit/Projects-Code/My-Learning/DSA-Pepcoding/Basics/DataTypes.java. Using fallback presentation compiler.
2026.05.09 11:00:34 INFO  no build target found for /home/prerit/Projects-Code/My-Learning/DSA-Pepcoding/Basics/DataTypes.java. Using fallback presentation compiler.
2026.05.09 11:00:35 INFO  no build target found for /home/prerit/Projects-Code/My-Learning/DSA-Pepcoding/Basics/DataTypes.java. Using fallback presentation compiler.
2026.05.09 11:00:34 INFO  no build target found for /home/prerit/Projects-Code/My-Learning/DSA-Pepcoding/Basics/DataTypes.java. Using fallback presentation compiler.
May 09, 2026 11:00:45 AM org.eclipse.lsp4j.jsonrpc.RemoteEndpoint handleCancellation
WARNING: Unmatched cancel notification for request id 2204
May 09, 2026 11:00:45 AM org.eclipse.lsp4j.jsonrpc.RemoteEndpoint handleCancellation
WARNING: Unmatched cancel notification for request id 2205
2026.05.09 11:00:46 INFO  no build target found for /home/prerit/Projects-Code/My-Learning/DSA-Pepcoding/Basics/DataTypes.java. Using fallback presentation compiler.
2026.05.09 11:00:46 INFO  no build target found for /home/prerit/Projects-Code/My-Learning/DSA-Pepcoding/Basics/DataTypes.java. Using fallback presentation compiler.
May 09, 2026 11:00:46 AM org.eclipse.lsp4j.jsonrpc.RemoteEndpoint handleCancellation
WARNING: Unmatched cancel notification for request id 2206
2026.05.09 11:00:46 INFO  no build target found for /home/prerit/Projects-Code/My-Learning/DSA-Pepcoding/Basics/DataTypes.java. Using fallback presentation compiler.
2026.05.09 11:00:46 INFO  no build target found for /home/prerit/Projects-Code/My-Learning/DSA-Pepcoding/Basics/DataTypes.java. Using fallback presentation compiler.
2026.05.09 11:00:46 INFO  no build target found for /home/prerit/Projects-Code/My-Learning/DSA-Pepcoding/Basics/DataTypes.java. Using fallback presentation compiler.
2026.05.09 11:00:46 INFO  no build target found for /home/prerit/Projects-Code/My-Learning/DSA-Pepcoding/Basics/DataTypes.java. Using fallback presentation compiler.
May 09, 2026 11:00:46 AM org.eclipse.lsp4j.jsonrpc.RemoteEndpoint handleCancellation
WARNING: Unmatched cancel notification for request id 2207
May 09, 2026 11:00:46 AM org.eclipse.lsp4j.jsonrpc.RemoteEndpoint handleCancellation
WARNING: Unmatched cancel notification for request id 2208
May 09, 2026 11:00:46 AM org.eclipse.lsp4j.jsonrpc.RemoteEndpoint handleCancellation
WARNING: Unmatched cancel notification for request id 2211
2026.05.09 11:00:46 INFO  no build target found for /home/prerit/Projects-Code/My-Learning/DSA-Pepcoding/Basics/DataTypes.java. Using fallback presentation compiler.
2026.05.09 11:00:46 INFO  no build target found for /home/prerit/Projects-Code/My-Learning/DSA-Pepcoding/Basics/DataTypes.java. Using fallback presentation compiler.
May 09, 2026 11:00:46 AM org.eclipse.lsp4j.jsonrpc.RemoteEndpoint handleCancellation
WARNING: Unmatched cancel notification for request id 2214
May 09, 2026 11:00:46 AM org.eclipse.lsp4j.jsonrpc.RemoteEndpoint handleCancellation
WARNING: Unmatched cancel notification for request id 2215
2026.05.09 11:00:46 INFO  no build target found for /home/prerit/Projects-Code/My-Learning/DSA-Pepcoding/Basics/DataTypes.java. Using fallback presentation compiler.
2026.05.09 11:00:46 INFO  no build target found for /home/prerit/Projects-Code/My-Learning/DSA-Pepcoding/Basics/DataTypes.java. Using fallback presentation compiler.
May 09, 2026 11:00:46 AM org.eclipse.lsp4j.jsonrpc.RemoteEndpoint handleCancellation
WARNING: Unmatched cancel notification for request id 2216
2026.05.09 11:00:46 INFO  no build target found for /home/prerit/Projects-Code/My-Learning/DSA-Pepcoding/Basics/DataTypes.java. Using fallback presentation compiler.
2026.05.09 11:00:46 INFO  no build target found for /home/prerit/Projects-Code/My-Learning/DSA-Pepcoding/Basics/DataTypes.java. Using fallback presentation compiler.
2026.05.09 11:00:46 INFO  no build target found for /home/prerit/Projects-Code/My-Learning/DSA-Pepcoding/Basics/DataTypes.java. Using fallback presentation compiler.
May 09, 2026 11:00:46 AM org.eclipse.lsp4j.jsonrpc.RemoteEndpoint handleCancellation
WARNING: Unmatched cancel notification for request id 2217
May 09, 2026 11:00:46 AM org.eclipse.lsp4j.jsonrpc.RemoteEndpoint handleCancellation
WARNING: Unmatched cancel notification for request id 2218
May 09, 2026 11:00:46 AM org.eclipse.lsp4j.jsonrpc.RemoteEndpoint handleCancellation
WARNING: Unmatched cancel notification for request id 2219
May 09, 2026 11:00:46 AM org.eclipse.lsp4j.jsonrpc.RemoteEndpoint handleCancellation
WARNING: Unmatched cancel notification for request id 2220
2026.05.09 11:00:46 INFO  no build target found for /home/prerit/Projects-Code/My-Learning/DSA-Pepcoding/Basics/DataTypes.java. Using fallback presentation compiler.
2026.05.09 11:00:46 INFO  no build target found for /home/prerit/Projects-Code/My-Learning/DSA-Pepcoding/Basics/DataTypes.java. Using fallback presentation compiler.
2026.05.09 11:00:46 INFO  no build target found for /home/prerit/Projects-Code/My-Learning/DSA-Pepcoding/Basics/DataTypes.java. Using fallback presentation compiler.
2026.05.09 11:00:47 INFO  no build target found for /home/prerit/Projects-Code/My-Learning/DSA-Pepcoding/Basics/DataTypes.java. Using fallback presentation compiler.
May 09, 2026 11:00:47 AM org.eclipse.lsp4j.jsonrpc.RemoteEndpoint handleCancellation
WARNING: Unmatched cancel notification for request id 2226
May 09, 2026 11:00:47 AM org.eclipse.lsp4j.jsonrpc.RemoteEndpoint handleCancellation
WARNING: Unmatched cancel notification for request id 2227
2026.05.09 11:00:46 INFO  no build target found for /home/prerit/Projects-Code/My-Learning/DSA-Pepcoding/Basics/DataTypes.java. Using fallback presentation compiler.
2026.05.09 11:00:46 INFO  no build target found for /home/prerit/Projects-Code/My-Learning/DSA-Pepcoding/Basics/DataTypes.java. Using fallback presentation compiler.
2026.05.09 11:00:46 INFO  no build target found for /home/prerit/Projects-Code/My-Learning/DSA-Pepcoding/Basics/DataTypes.java. Using fallback presentation compiler.
2026.05.09 11:00:46 INFO  no build target found for /home/prerit/Projects-Code/My-Learning/DSA-Pepcoding/Basics/DataTypes.java. Using fallback presentation compiler.
May 09, 2026 11:00:47 AM org.eclipse.lsp4j.jsonrpc.RemoteEndpoint handleCancellation
WARNING: Unmatched cancel notification for request id 2230
May 09, 2026 11:00:47 AM org.eclipse.lsp4j.jsonrpc.RemoteEndpoint handleCancellation
WARNING: Unmatched cancel notification for request id 2231
May 09, 2026 11:00:47 AM org.eclipse.lsp4j.jsonrpc.RemoteEndpoint handleCancellation
WARNING: Unmatched cancel notification for request id 2232
May 09, 2026 11:00:47 AM org.eclipse.lsp4j.jsonrpc.RemoteEndpoint handleCancellation
WARNING: Unmatched cancel notification for request id 2233
May 09, 2026 11:00:47 AM org.eclipse.lsp4j.jsonrpc.RemoteEndpoint handleCancellation
WARNING: Unmatched cancel notification for request id 2235
2026.05.09 11:00:47 WARN  no build target for: /home/prerit/Projects-Code/My-Learning/DSA-Pepcoding/Basics/DataTypes.java
2026.05.09 11:00:46 INFO  no build target found for /home/prerit/Projects-Code/My-Learning/DSA-Pepcoding/Basics/DataTypes.java. Using fallback presentation compiler.
2026.05.09 11:00:46 INFO  no build target found for /home/prerit/Projects-Code/My-Learning/DSA-Pepcoding/Basics/DataTypes.java. Using fallback presentation compiler.
2026.05.09 11:00:46 INFO  no build target found for /home/prerit/Projects-Code/My-Learning/DSA-Pepcoding/Basics/DataTypes.java. Using fallback presentation compiler.
May 09, 2026 11:00:47 AM org.eclipse.lsp4j.jsonrpc.RemoteEndpoint handleCancellation
WARNING: Unmatched cancel notification for request id 2237
May 09, 2026 11:00:47 AM org.eclipse.lsp4j.jsonrpc.RemoteEndpoint handleCancellation
WARNING: Unmatched cancel notification for request id 2239
May 09, 2026 11:00:47 AM org.eclipse.lsp4j.jsonrpc.RemoteEndpoint handleCancellation
WARNING: Unmatched cancel notification for request id 2241
2026.05.09 11:00:46 INFO  no build target found for /home/prerit/Projects-Code/My-Learning/DSA-Pepcoding/Basics/DataTypes.java. Using fallback presentation compiler.
May 09, 2026 11:00:47 AM org.eclipse.lsp4j.jsonrpc.RemoteEndpoint handleCancellation
WARNING: Unmatched cancel notification for request id 2242
May 09, 2026 11:00:47 AM org.eclipse.lsp4j.jsonrpc.RemoteEndpoint handleCancellation
WARNING: Unmatched cancel notification for request id 2243
May 09, 2026 11:00:47 AM org.eclipse.lsp4j.jsonrpc.RemoteEndpoint handleCancellation
WARNING: Unmatched cancel notification for request id 2244
May 09, 2026 11:00:47 AM org.eclipse.lsp4j.jsonrpc.RemoteEndpoint handleCancellation
WARNING: Unmatched cancel notification for request id 2245
May 09, 2026 11:00:47 AM org.eclipse.lsp4j.jsonrpc.RemoteEndpoint handleCancellation
WARNING: Unmatched cancel notification for request id 2246
2026.05.09 11:00:48 INFO  no build target found for /home/prerit/Projects-Code/My-Learning/DSA-Pepcoding/Basics/DataTypes.java. Using fallback presentation compiler.
2026.05.09 11:00:48 WARN  no build target for: /home/prerit/Projects-Code/My-Learning/DSA-Pepcoding/Basics/DataTypes.java
2026.05.09 11:00:48 INFO  no build target found for /home/prerit/Projects-Code/My-Learning/DSA-Pepcoding/Basics/DataTypes.java. Using fallback presentation compiler.
2026.05.09 11:00:50 INFO  no build target found for /home/prerit/Projects-Code/My-Learning/DSA-Pepcoding/Basics/DataTypes.java. Using fallback presentation compiler.
2026.05.09 11:00:58 WARN  no build target for: /home/prerit/Projects-Code/My-Learning/DSA-Pepcoding/Basics/DataTypes.java
2026.05.09 11:00:58 INFO  no build target found for /home/prerit/Projects-Code/My-Learning/DSA-Pepcoding/Basics/DataTypes.java. Using fallback presentation compiler.
2026.05.09 11:00:58 INFO  no build target found for /home/prerit/Projects-Code/My-Learning/DSA-Pepcoding/Basics/DataTypes.java. Using fallback presentation compiler.
2026.05.09 11:02:17 WARN  no build target for: /home/prerit/Projects-Code/My-Learning/DSA-Pepcoding/Basics/DataTypes.java
2026.05.09 11:02:18 INFO  no build target found for /home/prerit/Projects-Code/My-Learning/DSA-Pepcoding/Basics/DataTypes.java. Using fallback presentation compiler.
2026.05.09 11:02:18 INFO  no build target found for /home/prerit/Projects-Code/My-Learning/DSA-Pepcoding/Basics/DataTypes.java. Using fallback presentation compiler.
2026.05.09 11:02:41 INFO  no build target found for /home/prerit/Projects-Code/My-Learning/DSA-Pepcoding/Basics/DataTypes.java. Using fallback presentation compiler.
2026.05.09 11:02:41 WARN  no build target for: /home/prerit/Projects-Code/My-Learning/DSA-Pepcoding/Basics/DataTypes.java
2026.05.09 11:02:42 INFO  no build target found for /home/prerit/Projects-Code/My-Learning/DSA-Pepcoding/Basics/DataTypes.java. Using fallback presentation compiler.
2026.05.09 11:03:02 WARN  no build target for: /home/prerit/Projects-Code/My-Learning/DSA-Pepcoding/Basics/DataTypes.java
2026.05.09 11:03:02 INFO  no build target found for /home/prerit/Projects-Code/My-Learning/DSA-Pepcoding/Basics/DataTypes.java. Using fallback presentation compiler.
2026.05.09 11:04:32 WARN  no build target for: /home/prerit/Projects-Code/My-Learning/DSA-Pepcoding/Basics/DataTypes.java
2026.05.09 11:04:32 INFO  no build target found for /home/prerit/Projects-Code/My-Learning/DSA-Pepcoding/Basics/DataTypes.java. Using fallback presentation compiler.
2026.05.09 11:05:15 WARN  no build target for: /home/prerit/Projects-Code/My-Learning/DSA-Pepcoding/Basics/DataTypes.java
2026.05.09 11:05:15 INFO  no build target found for /home/prerit/Projects-Code/My-Learning/DSA-Pepcoding/Basics/DataTypes.java. Using fallback presentation compiler.
2026.05.09 11:05:16 INFO  no build target found for /home/prerit/Projects-Code/My-Learning/DSA-Pepcoding/Basics/DataTypes.java. Using fallback presentation compiler.
2026.05.09 11:05:16 INFO  no build target found for /home/prerit/Projects-Code/My-Learning/DSA-Pepcoding/Basics/DataTypes.java. Using fallback presentation compiler.
2026.05.09 11:05:17 INFO  no build target found for /home/prerit/Projects-Code/My-Learning/DSA-Pepcoding/Basics/DataTypes.java. Using fallback presentation compiler.
2026.05.09 11:05:55 INFO  no build target found for /home/prerit/Projects-Code/My-Learning/DSA-Pepcoding/Basics/DataTypes.java. Using fallback presentation compiler.
2026.05.09 11:06:23 INFO  no build target found for /home/prerit/Projects-Code/My-Learning/DSA-Pepcoding/Basics/DataTypes.java. Using fallback presentation compiler.
2026.05.09 11:07:09 INFO  no build target found for /home/prerit/Projects-Code/My-Learning/DSA-Pepcoding/Basics/DataTypes.java. Using fallback presentation compiler.
2026.05.09 11:07:09 WARN  no build target for: /home/prerit/Projects-Code/My-Learning/DSA-Pepcoding/Basics/DataTypes.java
2026.05.09 11:07:09 INFO  no build target found for /home/prerit/Projects-Code/My-Learning/DSA-Pepcoding/Basics/DataTypes.java. Using fallback presentation compiler.
2026.05.09 11:07:09 INFO  no build target found for /home/prerit/Projects-Code/My-Learning/DSA-Pepcoding/Basics/DataTypes.java. Using fallback presentation compiler.
2026.05.09 11:07:09 INFO  no build target found for /home/prerit/Projects-Code/My-Learning/DSA-Pepcoding/Basics/DataTypes.java. Using fallback presentation compiler.
2026.05.09 11:07:14 INFO  no build target found for /home/prerit/Projects-Code/My-Learning/DSA-Pepcoding/Basics/DataTypes.java. Using fallback presentation compiler.
2026.05.09 11:07:14 WARN  no build target for: /home/prerit/Projects-Code/My-Learning/DSA-Pepcoding/Basics/DataTypes.java
2026.05.09 11:07:14 INFO  no build target found for /home/prerit/Projects-Code/My-Learning/DSA-Pepcoding/Basics/DataTypes.java. Using fallback presentation compiler.
2026.05.09 11:07:15 INFO  no build target found for /home/prerit/Projects-Code/My-Learning/DSA-Pepcoding/Basics/DataTypes.java. Using fallback presentation compiler.
2026.05.09 11:07:14 INFO  no build target found for /home/prerit/Projects-Code/My-Learning/DSA-Pepcoding/Basics/DataTypes.java. Using fallback presentation compiler.
2026.05.09 11:08:41 INFO  no build target found for /home/prerit/Projects-Code/My-Learning/DSA-Pepcoding/Basics/DataTypes.java. Using fallback presentation compiler.
2026.05.09 11:08:42 INFO  no build target found for /home/prerit/Projects-Code/My-Learning/DSA-Pepcoding/Basics/DataTypes.java. Using fallback presentation compiler.
2026.05.09 11:08:58 INFO  no build target found for /home/prerit/Projects-Code/My-Learning/DSA-Pepcoding/Basics/DataTypes.java. Using fallback presentation compiler.
2026.05.09 11:09:03 INFO  no build target found for /home/prerit/Projects-Code/My-Learning/DSA-Pepcoding/Basics/DataTypes.java. Using fallback presentation compiler.
2026.05.09 11:09:03 INFO  no build target found for /home/prerit/Projects-Code/My-Learning/DSA-Pepcoding/Basics/DataTypes.java. Using fallback presentation compiler.
2026.05.09 11:11:57 WARN  no build target for: /home/prerit/Projects-Code/My-Learning/DSA-Pepcoding/Basics/DataTypes.java
2026.05.09 11:11:57 INFO  no build target found for /home/prerit/Projects-Code/My-Learning/DSA-Pepcoding/Basics/DataTypes.java. Using fallback presentation compiler.
2026.05.09 11:12:03 WARN  no build target for: /home/prerit/Projects-Code/My-Learning/DSA-Pepcoding/Basics/DataTypes.java
2026.05.09 11:12:03 INFO  no build target found for /home/prerit/Projects-Code/My-Learning/DSA-Pepcoding/Basics/DataTypes.java. Using fallback presentation compiler.
May 09, 2026 11:12:37 AM org.eclipse.lsp4j.jsonrpc.services.GenericEndpoint notify
INFO: Unsupported notification method: $/setTrace
May 09, 2026 11:12:46 AM org.eclipse.lsp4j.jsonrpc.services.GenericEndpoint notify
INFO: Unsupported notification method: $/setTrace
May 09, 2026 11:12:54 AM org.eclipse.lsp4j.jsonrpc.services.GenericEndpoint notify
INFO: Unsupported notification method: $/setTrace
May 09, 2026 11:13:11 AM org.eclipse.lsp4j.jsonrpc.services.GenericEndpoint notify
INFO: Unsupported notification method: $/setTrace
May 09, 2026 11:13:17 AM org.eclipse.lsp4j.jsonrpc.services.GenericEndpoint notify
INFO: Unsupported notification method: $/setTrace
May 09, 2026 11:13:41 AM org.eclipse.lsp4j.jsonrpc.services.GenericEndpoint notify
INFO: Unsupported notification method: $/setTrace
2026.05.09 11:13:51 WARN  no build target for: /home/prerit/Projects-Code/My-Learning/DSA-Pepcoding/Basics/DataTypes.java
2026.05.09 11:13:51 INFO  no build target found for /home/prerit/Projects-Code/My-Learning/DSA-Pepcoding/Basics/DataTypes.java. Using fallback presentation compiler.
2026.05.09 11:13:55 INFO  no build target found for /home/prerit/Projects-Code/My-Learning/DSA-Pepcoding/Basics/DataTypes.java. Using fallback presentation compiler.
2026.05.09 11:13:57 INFO  no build target found for /home/prerit/Projects-Code/My-Learning/DSA-Pepcoding/Basics/DataTypes.java. Using fallback presentation compiler.
2026.05.09 11:13:57 INFO  no build target found for /home/prerit/Projects-Code/My-Learning/DSA-Pepcoding/Basics/DataTypes.java. Using fallback presentation compiler.
2026.05.09 11:14:03 WARN  no build target for: /home/prerit/Projects-Code/My-Learning/DSA-Pepcoding/Basics/DataTypes.java
2026.05.09 11:14:03 INFO  no build target found for /home/prerit/Projects-Code/My-Learning/DSA-Pepcoding/Basics/DataTypes.java. Using fallback presentation compiler.
2026.05.09 11:14:04 WARN  no build target for: /home/prerit/Projects-Code/My-Learning/DSA-Pepcoding/Basics/DataTypes.java
2026.05.09 11:14:04 INFO  no build target found for /home/prerit/Projects-Code/My-Learning/DSA-Pepcoding/Basics/DataTypes.java. Using fallback presentation compiler.
2026.05.09 11:14:48 WARN  no build target for: /home/prerit/Projects-Code/My-Learning/DSA-Pepcoding/Basics/DataTypes.java
2026.05.09 11:14:48 INFO  no build target found for /home/prerit/Projects-Code/My-Learning/DSA-Pepcoding/Basics/DataTypes.java. Using fallback presentation compiler.
2026.05.09 11:14:55 INFO  Shutting down server
2026.05.09 11:14:55 INFO  Memory monitor stopped
2026.05.09 11:14:55 INFO  shutting down Metals
2026.05.09 11:17:00 INFO  Started: Metals version 1.6.7 in folders '/home/prerit/Projects-Code/My-Learning/DSA-Pepcoding' for client Visual Studio Code 1.119.0.
2026.05.09 11:17:00 INFO  time: initialize in 0.15s
2026.05.09 11:17:01 INFO  Memory monitor started
2026.05.09 11:17:06 WARN  Using H2 2.4.240 which is newer than the version Flyway has been verified with. The latest verified version of H2 is 2.3.232.
2026.05.09 11:17:06 INFO  no build target found for /home/prerit/Projects-Code/My-Learning/DSA-Pepcoding/Basics/DataTypes.java. Using fallback presentation compiler.
2026.05.09 11:17:09 INFO  no build target found for /home/prerit/Projects-Code/My-Learning/DSA-Pepcoding/Basics/DataTypes.java. Using fallback presentation compiler.
2026.05.09 11:17:09 WARN  no build tool detected in workspace '/home/prerit/Projects-Code/My-Learning/DSA-Pepcoding'. The most common cause for this problem is that the editor was opened in the wrong working directory, for example if you use sbt then the workspace directory should contain build.sbt. 
2026.05.09 11:17:09 WARN  Build server is not auto-connectable.
2026.05.09 11:17:09 WARN  no build target for: /home/prerit/Projects-Code/My-Learning/DSA-Pepcoding/Basics/DataTypes.java
2026.05.09 11:17:11 INFO  no build target found for /home/prerit/Projects-Code/My-Learning/DSA-Pepcoding/Basics/DataTypes.java. Using fallback presentation compiler.
2026.05.09 11:17:13 INFO  no build target found for /home/prerit/Projects-Code/My-Learning/DSA-Pepcoding/Basics/DataTypes.java. Using fallback presentation compiler.
2026.05.09 11:17:15 WARN  no build target for: /home/prerit/Projects-Code/My-Learning/DSA-Pepcoding/Basics/DataTypes.java
2026.05.09 11:17:16 INFO  no build target found for /home/prerit/Projects-Code/My-Learning/DSA-Pepcoding/Basics/DataTypes.java. Using fallback presentation compiler.
2026.05.09 11:17:16 INFO  no build target found for /home/prerit/Projects-Code/My-Learning/DSA-Pepcoding/Basics/DataTypes.java. Using fallback presentation compiler.
2026.05.09 11:17:19 WARN  no build target for: /home/prerit/Projects-Code/My-Learning/DSA-Pepcoding/Basics/DataTypes.java
2026.05.09 11:17:19 INFO  no build target found for /home/prerit/Projects-Code/My-Learning/DSA-Pepcoding/Basics/DataTypes.java. Using fallback presentation compiler.
2026.05.09 11:17:19 INFO  no build target found for /home/prerit/Projects-Code/My-Learning/DSA-Pepcoding/Basics/DataTypes.java. Using fallback presentation compiler.
2026.05.09 11:17:19 INFO  no build target found for /home/prerit/Projects-Code/My-Learning/DSA-Pepcoding/Basics/DataTypes.java. Using fallback presentation compiler.
2026.05.09 11:17:19 INFO  no build target found for /home/prerit/Projects-Code/My-Learning/DSA-Pepcoding/Basics/DataTypes.java. Using fallback presentation compiler.
May 09, 2026 11:17:19 AM org.eclipse.lsp4j.jsonrpc.RemoteEndpoint handleCancellation
WARNING: Unmatched cancel notification for request id 15
2026.05.09 11:17:20 INFO  no build target found for /home/prerit/Projects-Code/My-Learning/DSA-Pepcoding/Basics/DataTypes.java. Using fallback presentation compiler.
May 09, 2026 11:17:28 AM org.eclipse.lsp4j.jsonrpc.services.GenericEndpoint notify
INFO: Unsupported notification method: $/setTrace
2026.05.09 11:17:31 WARN  no build target for: /home/prerit/Projects-Code/My-Learning/DSA-Pepcoding/Basics/DataTypes.java
2026.05.09 11:17:31 INFO  no build target found for /home/prerit/Projects-Code/My-Learning/DSA-Pepcoding/Basics/DataTypes.java. Using fallback presentation compiler.
2026.05.09 11:17:31 INFO  no build target found for /home/prerit/Projects-Code/My-Learning/DSA-Pepcoding/Basics/DataTypes.java. Using fallback presentation compiler.
May 09, 2026 11:17:32 AM org.eclipse.lsp4j.jsonrpc.RemoteEndpoint handleCancellation
WARNING: Unmatched cancel notification for request id 21
2026.05.09 11:17:32 INFO  no build target found for /home/prerit/Projects-Code/My-Learning/DSA-Pepcoding/Basics/DataTypes.java. Using fallback presentation compiler.
2026.05.09 11:17:44 WARN  no build target for: /home/prerit/Projects-Code/My-Learning/DSA-Pepcoding/Basics/DataTypes.java
2026.05.09 11:17:44 INFO  no build target found for /home/prerit/Projects-Code/My-Learning/DSA-Pepcoding/Basics/DataTypes.java. Using fallback presentation compiler.
2026.05.09 11:17:47 INFO  no build target found for /home/prerit/Projects-Code/My-Learning/DSA-Pepcoding/Basics/DataTypes.java. Using fallback presentation compiler.
2026.05.09 11:17:47 INFO  no build target found for /home/prerit/Projects-Code/My-Learning/DSA-Pepcoding/Basics/DataTypes.java. Using fallback presentation compiler.
May 09, 2026 11:17:48 AM org.eclipse.lsp4j.jsonrpc.RemoteEndpoint handleCancellation
WARNING: Unmatched cancel notification for request id 26
2026.05.09 11:17:47 INFO  no build target found for /home/prerit/Projects-Code/My-Learning/DSA-Pepcoding/Basics/DataTypes.java. Using fallback presentation compiler.
2026.05.09 11:18:03 INFO  no build target found for /home/prerit/Projects-Code/My-Learning/DSA-Pepcoding/Basics/DataTypes.java. Using fallback presentation compiler.
2026.05.09 11:18:03 INFO  no build target found for /home/prerit/Projects-Code/My-Learning/DSA-Pepcoding/Basics/DataTypes.java. Using fallback presentation compiler.
2026.05.09 11:18:03 INFO  no build target found for /home/prerit/Projects-Code/My-Learning/DSA-Pepcoding/Basics/DataTypes.java. Using fallback presentation compiler.
2026.05.09 11:18:03 INFO  no build target found for /home/prerit/Projects-Code/My-Learning/DSA-Pepcoding/Basics/DataTypes.java. Using fallback presentation compiler.
2026.05.09 11:18:03 INFO  no build target found for /home/prerit/Projects-Code/My-Learning/DSA-Pepcoding/Basics/DataTypes.java. Using fallback presentation compiler.
2026.05.09 11:18:05 INFO  no build target found for /home/prerit/Projects-Code/My-Learning/DSA-Pepcoding/Basics/DataTypes.java. Using fallback presentation compiler.
2026.05.09 11:18:05 INFO  no build target found for /home/prerit/Projects-Code/My-Learning/DSA-Pepcoding/Basics/DataTypes.java. Using fallback presentation compiler.
2026.05.09 11:18:06 INFO  no build target found for /home/prerit/Projects-Code/My-Learning/DSA-Pepcoding/Basics/DataTypes.java. Using fallback presentation compiler.
2026.05.09 11:18:07 WARN  no build target for: /home/prerit/Projects-Code/My-Learning/DSA-Pepcoding/Basics/DataTypes.java
2026.05.09 11:18:08 INFO  no build target found for /home/prerit/Projects-Code/My-Learning/DSA-Pepcoding/Basics/DataTypes.java. Using fallback presentation compiler.
2026.05.09 11:18:34 INFO  no build target found for /home/prerit/Projects-Code/My-Learning/DSA-Pepcoding/Basics/DataTypes.java. Using fallback presentation compiler.
2026.05.09 11:18:35 INFO  no build target found for /home/prerit/Projects-Code/My-Learning/DSA-Pepcoding/Basics/DataTypes.java. Using fallback presentation compiler.
2026.05.09 11:18:35 INFO  no build target found for /home/prerit/Projects-Code/My-Learning/DSA-Pepcoding/Basics/DataTypes.java. Using fallback presentation compiler.
2026.05.09 11:18:36 WARN  no build target for: /home/prerit/Projects-Code/My-Learning/DSA-Pepcoding/Basics/DataTypes.java
2026.05.09 11:18:36 INFO  no build target found for /home/prerit/Projects-Code/My-Learning/DSA-Pepcoding/Basics/DataTypes.java. Using fallback presentation compiler.
2026.05.09 11:18:42 INFO  no build target found for /home/prerit/Projects-Code/My-Learning/DSA-Pepcoding/Basics/DataTypes.java. Using fallback presentation compiler.
2026.05.09 11:18:42 INFO  no build target found for /home/prerit/Projects-Code/My-Learning/DSA-Pepcoding/Basics/DataTypes.java. Using fallback presentation compiler.
2026.05.09 11:18:43 INFO  no build target found for /home/prerit/Projects-Code/My-Learning/DSA-Pepcoding/Basics/DataTypes.java. Using fallback presentation compiler.
2026.05.09 11:18:43 INFO  no build target found for /home/prerit/Projects-Code/My-Learning/DSA-Pepcoding/Basics/DataTypes.java. Using fallback presentation compiler.
2026.05.09 11:18:43 INFO  no build target found for /home/prerit/Projects-Code/My-Learning/DSA-Pepcoding/Basics/DataTypes.java. Using fallback presentation compiler.
2026.05.09 11:18:43 INFO  no build target found for /home/prerit/Projects-Code/My-Learning/DSA-Pepcoding/Basics/DataTypes.java. Using fallback presentation compiler.
May 09, 2026 11:18:44 AM org.eclipse.lsp4j.jsonrpc.RemoteEndpoint handleCancellation
WARNING: Unmatched cancel notification for request id 59
2026.05.09 11:18:43 INFO  no build target found for /home/prerit/Projects-Code/My-Learning/DSA-Pepcoding/Basics/DataTypes.java. Using fallback presentation compiler.
2026.05.09 11:18:43 INFO  no build target found for /home/prerit/Projects-Code/My-Learning/DSA-Pepcoding/Basics/DataTypes.java. Using fallback presentation compiler.
May 09, 2026 11:18:44 AM org.eclipse.lsp4j.jsonrpc.RemoteEndpoint handleCancellation
WARNING: Unmatched cancel notification for request id 60
2026.05.09 11:18:43 INFO  no build target found for /home/prerit/Projects-Code/My-Learning/DSA-Pepcoding/Basics/DataTypes.java. Using fallback presentation compiler.
2026.05.09 11:18:45 INFO  no build target found for /home/prerit/Projects-Code/My-Learning/DSA-Pepcoding/Basics/DataTypes.java. Using fallback presentation compiler.
2026.05.09 11:18:45 INFO  no build target found for /home/prerit/Projects-Code/My-Learning/DSA-Pepcoding/Basics/DataTypes.java. Using fallback presentation compiler.
2026.05.09 11:18:45 INFO  no build target found for /home/prerit/Projects-Code/My-Learning/DSA-Pepcoding/Basics/DataTypes.java. Using fallback presentation compiler.
2026.05.09 11:18:45 INFO  no build target found for /home/prerit/Projects-Code/My-Learning/DSA-Pepcoding/Basics/DataTypes.java. Using fallback presentation compiler.
May 09, 2026 11:18:46 AM org.eclipse.lsp4j.jsonrpc.RemoteEndpoint handleCancellation
WARNING: Unmatched cancel notification for request id 68
2026.05.09 11:18:45 INFO  no build target found for /home/prerit/Projects-Code/My-Learning/DSA-Pepcoding/Basics/DataTypes.java. Using fallback presentation compiler.
2026.05.09 11:18:45 INFO  no build target found for /home/prerit/Projects-Code/My-Learning/DSA-Pepcoding/Basics/DataTypes.java. Using fallback presentation compiler.
2026.05.09 11:18:46 INFO  time: code lens generation in 2.67s
2026.05.09 11:18:47 INFO  time: code lens generation in 3.01s
2026.05.09 11:18:47 INFO  no build target found for /home/prerit/Projects-Code/My-Learning/DSA-Pepcoding/Basics/DataTypes.java. Using fallback presentation compiler.
May 09, 2026 11:18:47 AM org.eclipse.lsp4j.jsonrpc.RemoteEndpoint handleCancellation
WARNING: Unmatched cancel notification for request id 74
May 09, 2026 11:18:47 AM org.eclipse.lsp4j.jsonrpc.RemoteEndpoint handleCancellation
WARNING: Unmatched cancel notification for request id 71
2026.05.09 11:18:47 INFO  no build target found for /home/prerit/Projects-Code/My-Learning/DSA-Pepcoding/Basics/DataTypes.java. Using fallback presentation compiler.
2026.05.09 11:18:47 INFO  no build target found for /home/prerit/Projects-Code/My-Learning/DSA-Pepcoding/Basics/DataTypes.java. Using fallback presentation compiler.
May 09, 2026 11:18:48 AM org.eclipse.lsp4j.jsonrpc.RemoteEndpoint handleCancellation
WARNING: Unmatched cancel notification for request id 73
2026.05.09 11:18:47 INFO  no build target found for /home/prerit/Projects-Code/My-Learning/DSA-Pepcoding/Basics/DataTypes.java. Using fallback presentation compiler.
2026.05.09 11:18:48 INFO  time: code lens generation in 1.99s
May 09, 2026 11:18:48 AM org.eclipse.lsp4j.jsonrpc.RemoteEndpoint handleCancellation
WARNING: Unmatched cancel notification for request id 76
2026.05.09 11:18:47 INFO  no build target found for /home/prerit/Projects-Code/My-Learning/DSA-Pepcoding/Basics/DataTypes.java. Using fallback presentation compiler.
May 09, 2026 11:18:48 AM org.eclipse.lsp4j.jsonrpc.RemoteEndpoint handleCancellation
WARNING: Unmatched cancel notification for request id 78
2026.05.09 11:18:47 INFO  no build target found for /home/prerit/Projects-Code/My-Learning/DSA-Pepcoding/Basics/DataTypes.java. Using fallback presentation compiler.
May 09, 2026 11:18:48 AM org.eclipse.lsp4j.jsonrpc.RemoteEndpoint handleCancellation
WARNING: Unmatched cancel notification for request id 83
2026.05.09 11:18:48 INFO  time: code lens generation in 3.2s
2026.05.09 11:18:49 INFO  no build target found for /home/prerit/Projects-Code/My-Learning/DSA-Pepcoding/Basics/DataTypes.java. Using fallback presentation compiler.
2026.05.09 11:18:49 INFO  no build target found for /home/prerit/Projects-Code/My-Learning/DSA-Pepcoding/Basics/DataTypes.java. Using fallback presentation compiler.
2026.05.09 11:18:48 INFO  no build target found for /home/prerit/Projects-Code/My-Learning/DSA-Pepcoding/Basics/DataTypes.java. Using fallback presentation compiler.
2026.05.09 11:18:49 WARN  no build target for: /home/prerit/Projects-Code/My-Learning/DSA-Pepcoding/Basics/DataTypes.java
2026.05.09 11:18:50 INFO  time: code lens generation in 1.62s
2026.05.09 11:18:51 INFO  no build target found for /home/prerit/Projects-Code/My-Learning/DSA-Pepcoding/Basics/DataTypes.java. Using fallback presentation compiler.
2026.05.09 11:18:51 INFO  no build target found for /home/prerit/Projects-Code/My-Learning/DSA-Pepcoding/Basics/DataTypes.java. Using fallback presentation compiler.
2026.05.09 11:18:52 INFO  no build target found for /home/prerit/Projects-Code/My-Learning/DSA-Pepcoding/Basics/DataTypes.java. Using fallback presentation compiler.
2026.05.09 11:18:52 WARN  Running javac-semanticdb failed for file:///home/prerit/Projects-Code/My-Learning/DSA-Pepcoding/Basics/DataTypes.java. Output:

2026.05.09 11:18:52 INFO  no build target found for /home/prerit/Projects-Code/My-Learning/DSA-Pepcoding/Basics/DataTypes.java. Using fallback presentation compiler.
2026.05.09 11:18:52 INFO  no build target found for /home/prerit/Projects-Code/My-Learning/DSA-Pepcoding/Basics/DataTypes.java. Using fallback presentation compiler.
2026.05.09 11:18:53 INFO  no build target found for /home/prerit/Projects-Code/My-Learning/DSA-Pepcoding/Basics/DataTypes.java. Using fallback presentation compiler.
2026.05.09 11:18:53 WARN  no build target for: /home/prerit/Projects-Code/My-Learning/DSA-Pepcoding/Basics/DataTypes.java
2026.05.09 11:18:53 INFO  no build target found for /home/prerit/Projects-Code/My-Learning/DSA-Pepcoding/Basics/DataTypes.java. Using fallback presentation compiler.
2026.05.09 11:18:54 INFO  no build target found for /home/prerit/Projects-Code/My-Learning/DSA-Pepcoding/Basics/DataTypes.java. Using fallback presentation compiler.
2026.05.09 11:18:54 INFO  no build target found for /home/prerit/Projects-Code/My-Learning/DSA-Pepcoding/Basics/DataTypes.java. Using fallback presentation compiler.
2026.05.09 11:18:54 INFO  no build target found for /home/prerit/Projects-Code/My-Learning/DSA-Pepcoding/Basics/DataTypes.java. Using fallback presentation compiler.
2026.05.09 11:18:54 INFO  no build target found for /home/prerit/Projects-Code/My-Learning/DSA-Pepcoding/Basics/DataTypes.java. Using fallback presentation compiler.
2026.05.09 11:18:54 WARN  Running javac-semanticdb failed for file:///home/prerit/Projects-Code/My-Learning/DSA-Pepcoding/Basics/DataTypes.java. Output:

2026.05.09 11:18:55 INFO  no build target found for /home/prerit/Projects-Code/My-Learning/DSA-Pepcoding/Basics/DataTypes.java. Using fallback presentation compiler.
May 09, 2026 11:18:55 AM org.eclipse.lsp4j.jsonrpc.RemoteEndpoint handleCancellation
WARNING: Unmatched cancel notification for request id 109
2026.05.09 11:18:55 INFO  no build target found for /home/prerit/Projects-Code/My-Learning/DSA-Pepcoding/Basics/DataTypes.java. Using fallback presentation compiler.
2026.05.09 11:18:55 INFO  no build target found for /home/prerit/Projects-Code/My-Learning/DSA-Pepcoding/Basics/DataTypes.java. Using fallback presentation compiler.
2026.05.09 11:18:55 INFO  no build target found for /home/prerit/Projects-Code/My-Learning/DSA-Pepcoding/Basics/DataTypes.java. Using fallback presentation compiler.
2026.05.09 11:18:56 INFO  no build target found for /home/prerit/Projects-Code/My-Learning/DSA-Pepcoding/Basics/DataTypes.java. Using fallback presentation compiler.
2026.05.09 11:18:56 INFO  no build target found for /home/prerit/Projects-Code/My-Learning/DSA-Pepcoding/Basics/DataTypes.java. Using fallback presentation compiler.
2026.05.09 11:18:56 INFO  no build target found for /home/prerit/Projects-Code/My-Learning/DSA-Pepcoding/Basics/DataTypes.java. Using fallback presentation compiler.
2026.05.09 11:18:56 WARN  Running javac-semanticdb failed for file:///home/prerit/Projects-Code/My-Learning/DSA-Pepcoding/Basics/DataTypes.java. Output:

2026.05.09 11:18:56 INFO  no build target found for /home/prerit/Projects-Code/My-Learning/DSA-Pepcoding/Basics/DataTypes.java. Using fallback presentation compiler.
2026.05.09 11:18:56 INFO  no build target found for /home/prerit/Projects-Code/My-Learning/DSA-Pepcoding/Basics/DataTypes.java. Using fallback presentation compiler.
2026.05.09 11:18:57 WARN  no build target for: /home/prerit/Projects-Code/My-Learning/DSA-Pepcoding/Basics/DataTypes.java
2026.05.09 11:18:57 WARN  Running javac-semanticdb failed for file:///home/prerit/Projects-Code/My-Learning/DSA-Pepcoding/Basics/DataTypes.java. Output:

2026.05.09 11:18:56 INFO  no build target found for /home/prerit/Projects-Code/My-Learning/DSA-Pepcoding/Basics/DataTypes.java. Using fallback presentation compiler.
2026.05.09 11:18:57 INFO  no build target found for /home/prerit/Projects-Code/My-Learning/DSA-Pepcoding/Basics/DataTypes.java. Using fallback presentation compiler.
2026.05.09 11:18:57 INFO  no build target found for /home/prerit/Projects-Code/My-Learning/DSA-Pepcoding/Basics/DataTypes.java. Using fallback presentation compiler.
2026.05.09 11:18:57 INFO  no build target found for /home/prerit/Projects-Code/My-Learning/DSA-Pepcoding/Basics/DataTypes.java. Using fallback presentation compiler.
2026.05.09 11:18:58 INFO  no build target found for /home/prerit/Projects-Code/My-Learning/DSA-Pepcoding/Basics/DataTypes.java. Using fallback presentation compiler.
2026.05.09 11:18:58 INFO  no build target found for /home/prerit/Projects-Code/My-Learning/DSA-Pepcoding/Basics/DataTypes.java. Using fallback presentation compiler.
2026.05.09 11:18:59 WARN  no build target for: /home/prerit/Projects-Code/My-Learning/DSA-Pepcoding/Basics/DataTypes.java
2026.05.09 11:18:58 INFO  no build target found for /home/prerit/Projects-Code/My-Learning/DSA-Pepcoding/Basics/DataTypes.java. Using fallback presentation compiler.
2026.05.09 11:18:59 INFO  no build target found for /home/prerit/Projects-Code/My-Learning/DSA-Pepcoding/Basics/DataTypes.java. Using fallback presentation compiler.
2026.05.09 11:18:58 INFO  no build target found for /home/prerit/Projects-Code/My-Learning/DSA-Pepcoding/Basics/DataTypes.java. Using fallback presentation compiler.
2026.05.09 11:19:00 INFO  no build target found for /home/prerit/Projects-Code/My-Learning/DSA-Pepcoding/Basics/DataTypes.java. Using fallback presentation compiler.
2026.05.09 11:19:00 INFO  no build target found for /home/prerit/Projects-Code/My-Learning/DSA-Pepcoding/Basics/DataTypes.java. Using fallback presentation compiler.
2026.05.09 11:19:00 INFO  no build target found for /home/prerit/Projects-Code/My-Learning/DSA-Pepcoding/Basics/DataTypes.java. Using fallback presentation compiler.
2026.05.09 11:19:00 INFO  no build target found for /home/prerit/Projects-Code/My-Learning/DSA-Pepcoding/Basics/DataTypes.java. Using fallback presentation compiler.
2026.05.09 11:19:01 WARN  Running javac-semanticdb failed for file:///home/prerit/Projects-Code/My-Learning/DSA-Pepcoding/Basics/DataTypes.java. Output:

May 09, 2026 11:19:01 AM org.eclipse.lsp4j.jsonrpc.RemoteEndpoint handleCancellation
WARNING: Unmatched cancel notification for request id 133
2026.05.09 11:19:01 INFO  no build target found for /home/prerit/Projects-Code/My-Learning/DSA-Pepcoding/Basics/DataTypes.java. Using fallback presentation compiler.
2026.05.09 11:19:01 INFO  no build target found for /home/prerit/Projects-Code/My-Learning/DSA-Pepcoding/Basics/DataTypes.java. Using fallback presentation compiler.
2026.05.09 11:19:01 WARN  Running javac-semanticdb failed for file:///home/prerit/Projects-Code/My-Learning/DSA-Pepcoding/Basics/DataTypes.java. Output:

2026.05.09 11:19:01 INFO  no build target found for /home/prerit/Projects-Code/My-Learning/DSA-Pepcoding/Basics/DataTypes.java. Using fallback presentation compiler.
2026.05.09 11:19:02 INFO  no build target found for /home/prerit/Projects-Code/My-Learning/DSA-Pepcoding/Basics/DataTypes.java. Using fallback presentation compiler.
2026.05.09 11:19:03 WARN  no build target for: /home/prerit/Projects-Code/My-Learning/DSA-Pepcoding/Basics/DataTypes.java
2026.05.09 11:19:03 INFO  no build target found for /home/prerit/Projects-Code/My-Learning/DSA-Pepcoding/Basics/DataTypes.java. Using fallback presentation compiler.
2026.05.09 11:19:04 INFO  no build target found for /home/prerit/Projects-Code/My-Learning/DSA-Pepcoding/Basics/DataTypes.java. Using fallback presentation compiler.
2026.05.09 11:19:04 INFO  no build target found for /home/prerit/Projects-Code/My-Learning/DSA-Pepcoding/Basics/DataTypes.java. Using fallback presentation compiler.
2026.05.09 11:19:04 INFO  no build target found for /home/prerit/Projects-Code/My-Learning/DSA-Pepcoding/Basics/DataTypes.java. Using fallback presentation compiler.
2026.05.09 11:19:04 INFO  no build target found for /home/prerit/Projects-Code/My-Learning/DSA-Pepcoding/Basics/DataTypes.java. Using fallback presentation compiler.
2026.05.09 11:19:04 INFO  no build target found for /home/prerit/Projects-Code/My-Learning/DSA-Pepcoding/Basics/DataTypes.java. Using fallback presentation compiler.
2026.05.09 11:19:05 INFO  no build target found for /home/prerit/Projects-Code/My-Learning/DSA-Pepcoding/Basics/DataTypes.java. Using fallback presentation compiler.
2026.05.09 11:19:05 INFO  no build target found for /home/prerit/Projects-Code/My-Learning/DSA-Pepcoding/Basics/DataTypes.java. Using fallback presentation compiler.
2026.05.09 11:19:05 INFO  no build target found for /home/prerit/Projects-Code/My-Learning/DSA-Pepcoding/Basics/DataTypes.java. Using fallback presentation compiler.
2026.05.09 11:19:05 INFO  no build target found for /home/prerit/Projects-Code/My-Learning/DSA-Pepcoding/Basics/DataTypes.java. Using fallback presentation compiler.
2026.05.09 11:19:06 WARN  Running javac-semanticdb failed for file:///home/prerit/Projects-Code/My-Learning/DSA-Pepcoding/Basics/DataTypes.java. Output:

2026.05.09 11:19:06 INFO  no build target found for /home/prerit/Projects-Code/My-Learning/DSA-Pepcoding/Basics/DataTypes.java. Using fallback presentation compiler.
2026.05.09 11:19:06 INFO  no build target found for /home/prerit/Projects-Code/My-Learning/DSA-Pepcoding/Basics/DataTypes.java. Using fallback presentation compiler.
2026.05.09 11:19:07 WARN  no build target for: /home/prerit/Projects-Code/My-Learning/DSA-Pepcoding/Basics/DataTypes.java
2026.05.09 11:19:07 INFO  no build target found for /home/prerit/Projects-Code/My-Learning/DSA-Pepcoding/Basics/DataTypes.java. Using fallback presentation compiler.
2026.05.09 11:19:07 INFO  no build target found for /home/prerit/Projects-Code/My-Learning/DSA-Pepcoding/Basics/DataTypes.java. Using fallback presentation compiler.
2026.05.09 11:19:09 INFO  no build target found for /home/prerit/Projects-Code/My-Learning/DSA-Pepcoding/Basics/DataTypes.java. Using fallback presentation compiler.
2026.05.09 11:19:10 INFO  no build target found for /home/prerit/Projects-Code/My-Learning/DSA-Pepcoding/Basics/DataTypes.java. Using fallback presentation compiler.
2026.05.09 11:19:10 INFO  no build target found for /home/prerit/Projects-Code/My-Learning/DSA-Pepcoding/Basics/DataTypes.java. Using fallback presentation compiler.
2026.05.09 11:19:11 INFO  no build target found for /home/prerit/Projects-Code/My-Learning/DSA-Pepcoding/Basics/DataTypes.java. Using fallback presentation compiler.
2026.05.09 11:19:12 WARN  no build target for: /home/prerit/Projects-Code/My-Learning/DSA-Pepcoding/Basics/DataTypes.java
2026.05.09 11:19:12 INFO  no build target found for /home/prerit/Projects-Code/My-Learning/DSA-Pepcoding/Basics/DataTypes.java. Using fallback presentation compiler.
2026.05.09 11:19:12 INFO  no build target found for /home/prerit/Projects-Code/My-Learning/DSA-Pepcoding/Basics/DataTypes.java. Using fallback presentation compiler.
2026.05.09 11:19:12 INFO  no build target found for /home/prerit/Projects-Code/My-Learning/DSA-Pepcoding/Basics/DataTypes.java. Using fallback presentation compiler.
2026.05.09 11:19:12 INFO  no build target found for /home/prerit/Projects-Code/My-Learning/DSA-Pepcoding/Basics/DataTypes.java. Using fallback presentation compiler.
2026.05.09 11:19:13 INFO  no build target found for /home/prerit/Projects-Code/My-Learning/DSA-Pepcoding/Basics/DataTypes.java. Using fallback presentation compiler.
2026.05.09 11:19:12 INFO  no build target found for /home/prerit/Projects-Code/My-Learning/DSA-Pepcoding/Basics/DataTypes.java. Using fallback presentation compiler.
2026.05.09 11:19:14 INFO  no build target found for /home/prerit/Projects-Code/My-Learning/DSA-Pepcoding/Basics/DataTypes.java. Using fallback presentation compiler.
2026.05.09 11:19:15 INFO  no build target found for /home/prerit/Projects-Code/My-Learning/DSA-Pepcoding/Basics/DataTypes.java. Using fallback presentation compiler.
2026.05.09 11:19:15 INFO  time: code lens generation in 1.55s
2026.05.09 11:19:16 INFO  no build target found for /home/prerit/Projects-Code/My-Learning/DSA-Pepcoding/Basics/DataTypes.java. Using fallback presentation compiler.
2026.05.09 11:19:16 WARN  no build target for: /home/prerit/Projects-Code/My-Learning/DSA-Pepcoding/Basics/DataTypes.java
2026.05.09 11:19:16 INFO  no build target found for /home/prerit/Projects-Code/My-Learning/DSA-Pepcoding/Basics/DataTypes.java. Using fallback presentation compiler.
2026.05.09 11:19:16 INFO  no build target found for /home/prerit/Projects-Code/My-Learning/DSA-Pepcoding/Basics/DataTypes.java. Using fallback presentation compiler.
2026.05.09 11:19:17 INFO  no build target found for /home/prerit/Projects-Code/My-Learning/DSA-Pepcoding/Basics/DataTypes.java. Using fallback presentation compiler.
2026.05.09 11:19:17 INFO  no build target found for /home/prerit/Projects-Code/My-Learning/DSA-Pepcoding/Basics/DataTypes.java. Using fallback presentation compiler.
2026.05.09 11:19:17 WARN  Running javac-semanticdb failed for file:///home/prerit/Projects-Code/My-Learning/DSA-Pepcoding/Basics/DataTypes.java. Output:

2026.05.09 11:19:17 INFO  no build target found for /home/prerit/Projects-Code/My-Learning/DSA-Pepcoding/Basics/DataTypes.java. Using fallback presentation compiler.
2026.05.09 11:19:17 INFO  no build target found for /home/prerit/Projects-Code/My-Learning/DSA-Pepcoding/Basics/DataTypes.java. Using fallback presentation compiler.
2026.05.09 11:19:19 INFO  no build target found for /home/prerit/Projects-Code/My-Learning/DSA-Pepcoding/Basics/DataTypes.java. Using fallback presentation compiler.
2026.05.09 11:19:19 INFO  no build target found for /home/prerit/Projects-Code/My-Learning/DSA-Pepcoding/Basics/DataTypes.java. Using fallback presentation compiler.
2026.05.09 11:19:19 WARN  no build target for: /home/prerit/Projects-Code/My-Learning/DSA-Pepcoding/Basics/DataTypes.java
2026.05.09 11:19:19 INFO  no build target found for /home/prerit/Projects-Code/My-Learning/DSA-Pepcoding/Basics/DataTypes.java. Using fallback presentation compiler.
2026.05.09 11:19:20 INFO  no build target found for /home/prerit/Projects-Code/My-Learning/DSA-Pepcoding/Basics/DataTypes.java. Using fallback presentation compiler.
2026.05.09 11:19:20 INFO  no build target found for /home/prerit/Projects-Code/My-Learning/DSA-Pepcoding/Basics/DataTypes.java. Using fallback presentation compiler.
2026.05.09 11:19:20 INFO  no build target found for /home/prerit/Projects-Code/My-Learning/DSA-Pepcoding/Basics/DataTypes.java. Using fallback presentation compiler.
2026.05.09 11:19:20 INFO  no build target found for /home/prerit/Projects-Code/My-Learning/DSA-Pepcoding/Basics/DataTypes.java. Using fallback presentation compiler.
May 09, 2026 11:19:21 AM org.eclipse.lsp4j.jsonrpc.RemoteEndpoint handleCancellation
WARNING: Unmatched cancel notification for request id 202
2026.05.09 11:19:20 INFO  no build target found for /home/prerit/Projects-Code/My-Learning/DSA-Pepcoding/Basics/DataTypes.java. Using fallback presentation compiler.
2026.05.09 11:19:20 INFO  no build target found for /home/prerit/Projects-Code/My-Learning/DSA-Pepcoding/Basics/DataTypes.java. Using fallback presentation compiler.
2026.05.09 11:19:21 INFO  no build target found for /home/prerit/Projects-Code/My-Learning/DSA-Pepcoding/Basics/DataTypes.java. Using fallback presentation compiler.
2026.05.09 11:19:22 INFO  no build target found for /home/prerit/Projects-Code/My-Learning/DSA-Pepcoding/Basics/DataTypes.java. Using fallback presentation compiler.
2026.05.09 11:19:22 INFO  no build target found for /home/prerit/Projects-Code/My-Learning/DSA-Pepcoding/Basics/DataTypes.java. Using fallback presentation compiler.
2026.05.09 11:19:22 INFO  no build target found for /home/prerit/Projects-Code/My-Learning/DSA-Pepcoding/Basics/DataTypes.java. Using fallback presentation compiler.
2026.05.09 11:19:22 INFO  no build target found for /home/prerit/Projects-Code/My-Learning/DSA-Pepcoding/Basics/DataTypes.java. Using fallback presentation compiler.
2026.05.09 11:19:22 INFO  no build target found for /home/prerit/Projects-Code/My-Learning/DSA-Pepcoding/Basics/DataTypes.java. Using fallback presentation compiler.
2026.05.09 11:19:24 WARN  no build target for: /home/prerit/Projects-Code/My-Learning/DSA-Pepcoding/Basics/DataTypes.java
2026.05.09 11:19:24 INFO  no build target found for /home/prerit/Projects-Code/My-Learning/DSA-Pepcoding/Basics/DataTypes.java. Using fallback presentation compiler.
2026.05.09 11:19:24 INFO  no build target found for /home/prerit/Projects-Code/My-Learning/DSA-Pepcoding/Basics/DataTypes.java. Using fallback presentation compiler.
2026.05.09 11:19:28 INFO  no build target found for /home/prerit/Projects-Code/My-Learning/DSA-Pepcoding/Basics/DataTypes.java. Using fallback presentation compiler.
2026.05.09 11:19:28 INFO  no build target found for /home/prerit/Projects-Code/My-Learning/DSA-Pepcoding/Basics/DataTypes.java. Using fallback presentation compiler.
2026.05.09 11:21:35 WARN  no build target for: /home/prerit/Projects-Code/My-Learning/DSA-Pepcoding/Basics/Conditionals.java
2026.05.09 11:21:35 WARN  Running javac-semanticdb failed for file:///home/prerit/Projects-Code/My-Learning/DSA-Pepcoding/Basics/Conditionals.java. Output:

2026.05.09 11:21:35 INFO  no build target found for /home/prerit/Projects-Code/My-Learning/DSA-Pepcoding/Basics/Conditionals.java. Using fallback presentation compiler.
2026.05.09 11:21:36 INFO  no build target found for /home/prerit/Projects-Code/My-Learning/DSA-Pepcoding/Basics/Conditionals.java. Using fallback presentation compiler.
2026.05.09 11:21:36 INFO  no build target found for /home/prerit/Projects-Code/My-Learning/DSA-Pepcoding/Basics/Conditionals.java. Using fallback presentation compiler.
2026.05.09 11:21:36 INFO  no build target found for /home/prerit/Projects-Code/My-Learning/DSA-Pepcoding/Basics/Conditionals.java. Using fallback presentation compiler.
2026.05.09 11:21:36 INFO  no build target found for /home/prerit/Projects-Code/My-Learning/DSA-Pepcoding/Basics/Conditionals.java. Using fallback presentation compiler.
May 09, 2026 11:21:36 AM org.eclipse.lsp4j.jsonrpc.RemoteEndpoint handleCancellation
WARNING: Unmatched cancel notification for request id 227
2026.05.09 11:21:36 WARN  Running javac-semanticdb failed for file:///home/prerit/Projects-Code/My-Learning/DSA-Pepcoding/Basics/Conditionals.java. Output:

2026.05.09 11:21:37 WARN  no build target for: /home/prerit/Projects-Code/My-Learning/DSA-Pepcoding/Basics/Conditionals.java
2026.05.09 11:21:36 INFO  no build target found for /home/prerit/Projects-Code/My-Learning/DSA-Pepcoding/Basics/Conditionals.java. Using fallback presentation compiler.
2026.05.09 11:21:38 INFO  no build target found for /home/prerit/Projects-Code/My-Learning/DSA-Pepcoding/Basics/Conditionals.java. Using fallback presentation compiler.
2026.05.09 11:21:38 INFO  no build target found for /home/prerit/Projects-Code/My-Learning/DSA-Pepcoding/Basics/Conditionals.java. Using fallback presentation compiler.
2026.05.09 11:21:39 INFO  no build target found for /home/prerit/Projects-Code/My-Learning/DSA-Pepcoding/Basics/Conditionals.java. Using fallback presentation compiler.
2026.05.09 11:21:40 WARN  no build target for: /home/prerit/Projects-Code/My-Learning/DSA-Pepcoding/Basics/Conditionals.java
2026.05.09 11:21:40 INFO  no build target found for /home/prerit/Projects-Code/My-Learning/DSA-Pepcoding/Basics/Conditionals.java. Using fallback presentation compiler.
2026.05.09 11:21:41 INFO  no build target found for /home/prerit/Projects-Code/My-Learning/DSA-Pepcoding/Basics/DataTypes.java. Using fallback presentation compiler.
2026.05.09 11:22:50 WARN  no build target for: /home/prerit/Projects-Code/My-Learning/DSA-Pepcoding/Basics/DataTypes.java
2026.05.09 11:22:50 INFO  no build target found for /home/prerit/Projects-Code/My-Learning/DSA-Pepcoding/Basics/DataTypes.java. Using fallback presentation compiler.
2026.05.09 11:22:50 INFO  no build target found for /home/prerit/Projects-Code/My-Learning/DSA-Pepcoding/Basics/DataTypes.java. Using fallback presentation compiler.
2026.05.09 11:22:50 INFO  no build target found for /home/prerit/Projects-Code/My-Learning/DSA-Pepcoding/Basics/DataTypes.java. Using fallback presentation compiler.
2026.05.09 11:22:50 INFO  no build target found for /home/prerit/Projects-Code/My-Learning/DSA-Pepcoding/Basics/DataTypes.java. Using fallback presentation compiler.
2026.05.09 11:22:51 INFO  no build target found for /home/prerit/Projects-Code/My-Learning/DSA-Pepcoding/Basics/DataTypes.java. Using fallback presentation compiler.
2026.05.09 11:22:51 INFO  no build target found for /home/prerit/Projects-Code/My-Learning/DSA-Pepcoding/Basics/DataTypes.java. Using fallback presentation compiler.
2026.05.09 11:22:56 INFO  no build target found for /home/prerit/Projects-Code/My-Learning/DSA-Pepcoding/Basics/DataTypes.java. Using fallback presentation compiler.
2026.05.09 11:22:56 INFO  no build target found for /home/prerit/Projects-Code/My-Learning/DSA-Pepcoding/Basics/DataTypes.java. Using fallback presentation compiler.
2026.05.09 11:22:56 INFO  no build target found for /home/prerit/Projects-Code/My-Learning/DSA-Pepcoding/Basics/DataTypes.java. Using fallback presentation compiler.
2026.05.09 11:22:57 INFO  no build target found for /home/prerit/Projects-Code/My-Learning/DSA-Pepcoding/Basics/DataTypes.java. Using fallback presentation compiler.
2026.05.09 11:22:57 INFO  no build target found for /home/prerit/Projects-Code/My-Learning/DSA-Pepcoding/Basics/DataTypes.java. Using fallback presentation compiler.
2026.05.09 11:22:57 INFO  no build target found for /home/prerit/Projects-Code/My-Learning/DSA-Pepcoding/Basics/DataTypes.java. Using fallback presentation compiler.
2026.05.09 11:22:57 INFO  no build target found for /home/prerit/Projects-Code/My-Learning/DSA-Pepcoding/Basics/DataTypes.java. Using fallback presentation compiler.
2026.05.09 11:22:58 INFO  no build target found for /home/prerit/Projects-Code/My-Learning/DSA-Pepcoding/Basics/DataTypes.java. Using fallback presentation compiler.
2026.05.09 11:22:58 INFO  no build target found for /home/prerit/Projects-Code/My-Learning/DSA-Pepcoding/Basics/DataTypes.java. Using fallback presentation compiler.
2026.05.09 11:23:01 INFO  no build target found for /home/prerit/Projects-Code/My-Learning/DSA-Pepcoding/Basics/DataTypes.java. Using fallback presentation compiler.
2026.05.09 11:23:06 INFO  no build target found for /home/prerit/Projects-Code/My-Learning/DSA-Pepcoding/Basics/Conditionals.java. Using fallback presentation compiler.
2026.05.09 11:23:06 WARN  no build target for: /home/prerit/Projects-Code/My-Learning/DSA-Pepcoding/Basics/Conditionals.java
2026.05.09 11:23:06 INFO  no build target found for /home/prerit/Projects-Code/My-Learning/DSA-Pepcoding/Basics/Conditionals.java. Using fallback presentation compiler.
2026.05.09 11:23:09 INFO  no build target found for /home/prerit/Projects-Code/My-Learning/DSA-Pepcoding/Basics/DataTypes.java. Using fallback presentation compiler.
2026.05.09 11:42:46 INFO  no build target found for /home/prerit/Projects-Code/My-Learning/DSA-Pepcoding/Basics/Conditionals.java. Using fallback presentation compiler.
2026.05.09 11:42:53 INFO  no build target found for /home/prerit/Projects-Code/My-Learning/DSA-Pepcoding/Basics/Conditionals.java. Using fallback presentation compiler.
2026.05.09 11:42:53 INFO  no build target found for /home/prerit/Projects-Code/My-Learning/DSA-Pepcoding/Basics/Conditionals.java. Using fallback presentation compiler.
2026.05.09 11:42:55 INFO  no build target found for /home/prerit/Projects-Code/My-Learning/DSA-Pepcoding/Basics/Conditionals.java. Using fallback presentation compiler.
2026.05.09 11:42:55 INFO  no build target found for /home/prerit/Projects-Code/My-Learning/DSA-Pepcoding/Basics/Conditionals.java. Using fallback presentation compiler.
2026.05.09 11:42:55 INFO  no build target found for /home/prerit/Projects-Code/My-Learning/DSA-Pepcoding/Basics/Conditionals.java. Using fallback presentation compiler.
2026.05.09 11:42:55 INFO  no build target found for /home/prerit/Projects-Code/My-Learning/DSA-Pepcoding/Basics/Conditionals.java. Using fallback presentation compiler.
2026.05.09 11:42:57 INFO  no build target found for /home/prerit/Projects-Code/My-Learning/DSA-Pepcoding/Basics/Conditionals.java. Using fallback presentation compiler.
2026.05.09 11:42:57 INFO  no build target found for /home/prerit/Projects-Code/My-Learning/DSA-Pepcoding/Basics/Conditionals.java. Using fallback presentation compiler.
2026.05.09 11:42:57 INFO  no build target found for /home/prerit/Projects-Code/My-Learning/DSA-Pepcoding/Basics/Conditionals.java. Using fallback presentation compiler.
2026.05.09 11:42:57 INFO  no build target found for /home/prerit/Projects-Code/My-Learning/DSA-Pepcoding/Basics/Conditionals.java. Using fallback presentation compiler.
2026.05.09 11:42:57 WARN  no build target for: /home/prerit/Projects-Code/My-Learning/DSA-Pepcoding/Basics/Conditionals.java
2026.05.09 11:42:57 INFO  no build target found for /home/prerit/Projects-Code/My-Learning/DSA-Pepcoding/Basics/Conditionals.java. Using fallback presentation compiler.
2026.05.09 11:42:57 WARN  Running javac-semanticdb failed for file:///home/prerit/Projects-Code/My-Learning/DSA-Pepcoding/Basics/Conditionals.java. Output:

2026.05.09 11:42:57 INFO  Created report: Optional[file:///home/prerit/Projects-Code/My-Learning/DSA-Pepcoding/Basics/Conditionals.java]
2026.05.09 11:42:57 INFO  QDox parse error in file:///home/prerit/Projects-Code/My-Learning/DSA-Pepcoding/Basics/Conditionals.java (full report at: "/home/prerit/Projects-Code/My-Learning/DSA-Pepcoding/.metals/.reports/metals-full/2026-05-09/r_qdox-error_11-42-57-630.md")
2026.05.09 11:42:58 INFO  no build target found for /home/prerit/Projects-Code/My-Learning/DSA-Pepcoding/Basics/Conditionals.java. Using fallback presentation compiler.
2026.05.09 11:42:59 WARN  no build target for: /home/prerit/Projects-Code/My-Learning/DSA-Pepcoding/Basics/Conditionals.java
2026.05.09 11:42:59 INFO  QDox parse error in file:///home/prerit/Projects-Code/My-Learning/DSA-Pepcoding/Basics/Conditionals.java (full report at: "/home/prerit/Projects-Code/My-Learning/DSA-Pepcoding/.metals/.reports/metals-full/2026-05-09/r_qdox-error_11-42-57-630.md")
2026.05.09 11:42:59 INFO  no build target found for /home/prerit/Projects-Code/My-Learning/DSA-Pepcoding/Basics/Conditionals.java. Using fallback presentation compiler.
2026.05.09 11:43:00 INFO  no build target found for /home/prerit/Projects-Code/My-Learning/DSA-Pepcoding/Basics/Conditionals.java. Using fallback presentation compiler.
2026.05.09 11:43:00 INFO  no build target found for /home/prerit/Projects-Code/My-Learning/DSA-Pepcoding/Basics/Conditionals.java. Using fallback presentation compiler.
2026.05.09 11:43:00 INFO  no build target found for /home/prerit/Projects-Code/My-Learning/DSA-Pepcoding/Basics/Conditionals.java. Using fallback presentation compiler.
2026.05.09 11:43:00 WARN  Running javac-semanticdb failed for file:///home/prerit/Projects-Code/My-Learning/DSA-Pepcoding/Basics/Conditionals.java. Output:

2026.05.09 11:43:01 INFO  no build target found for /home/prerit/Projects-Code/My-Learning/DSA-Pepcoding/Basics/Conditionals.java. Using fallback presentation compiler.
2026.05.09 11:43:02 WARN  no build target for: /home/prerit/Projects-Code/My-Learning/DSA-Pepcoding/Basics/Conditionals.java
2026.05.09 11:43:02 INFO  no build target found for /home/prerit/Projects-Code/My-Learning/DSA-Pepcoding/Basics/Conditionals.java. Using fallback presentation compiler.
2026.05.09 11:43:28 INFO  no build target found for /home/prerit/Projects-Code/My-Learning/DSA-Pepcoding/Basics/Conditionals.java. Using fallback presentation compiler.
2026.05.09 11:51:50 INFO  no build target found for /home/prerit/Projects-Code/My-Learning/DSA-Pepcoding/Basics/Conditionals.java. Using fallback presentation compiler.
2026.05.09 11:51:50 INFO  no build target found for /home/prerit/Projects-Code/My-Learning/DSA-Pepcoding/Basics/Conditionals.java. Using fallback presentation compiler.
2026.05.09 11:51:51 WARN  no build target for: /home/prerit/Projects-Code/My-Learning/DSA-Pepcoding/Basics/Conditionals.java
2026.05.09 11:51:51 INFO  no build target found for /home/prerit/Projects-Code/My-Learning/DSA-Pepcoding/Basics/Conditionals.java. Using fallback presentation compiler.
2026.05.09 11:51:51 INFO  no build target found for /home/prerit/Projects-Code/My-Learning/DSA-Pepcoding/Basics/Conditionals.java. Using fallback presentation compiler.
2026.05.09 11:51:53 INFO  no build target found for /home/prerit/Projects-Code/My-Learning/DSA-Pepcoding/Basics/Conditionals.java. Using fallback presentation compiler.
2026.05.09 11:51:53 INFO  no build target found for /home/prerit/Projects-Code/My-Learning/DSA-Pepcoding/Basics/Conditionals.java. Using fallback presentation compiler.
2026.05.09 11:51:53 INFO  no build target found for /home/prerit/Projects-Code/My-Learning/DSA-Pepcoding/Basics/Conditionals.java. Using fallback presentation compiler.
May 09, 2026 11:51:53 AM org.eclipse.lsp4j.jsonrpc.RemoteEndpoint handleCancellation
WARNING: Unmatched cancel notification for request id 328
2026.05.09 11:51:53 INFO  no build target found for /home/prerit/Projects-Code/My-Learning/DSA-Pepcoding/Basics/Conditionals.java. Using fallback presentation compiler.
2026.05.09 11:51:53 WARN  no build target for: /home/prerit/Projects-Code/My-Learning/DSA-Pepcoding/Basics/Conditionals.java
2026.05.09 11:51:53 INFO  no build target found for /home/prerit/Projects-Code/My-Learning/DSA-Pepcoding/Basics/Conditionals.java. Using fallback presentation compiler.
2026.05.09 11:51:53 WARN  Running javac-semanticdb failed for file:///home/prerit/Projects-Code/My-Learning/DSA-Pepcoding/Basics/Conditionals.java. Output:

2026.05.09 11:51:54 INFO  no build target found for /home/prerit/Projects-Code/My-Learning/DSA-Pepcoding/Basics/Conditionals.java. Using fallback presentation compiler.
2026.05.09 11:51:54 INFO  no build target found for /home/prerit/Projects-Code/My-Learning/DSA-Pepcoding/Basics/Conditionals.java. Using fallback presentation compiler.
2026.05.09 11:51:54 INFO  no build target found for /home/prerit/Projects-Code/My-Learning/DSA-Pepcoding/Basics/Conditionals.java. Using fallback presentation compiler.
2026.05.09 11:51:54 INFO  no build target found for /home/prerit/Projects-Code/My-Learning/DSA-Pepcoding/Basics/Conditionals.java. Using fallback presentation compiler.
2026.05.09 11:51:55 WARN  Running javac-semanticdb failed for file:///home/prerit/Projects-Code/My-Learning/DSA-Pepcoding/Basics/Conditionals.java. Output:

2026.05.09 11:51:56 INFO  no build target found for /home/prerit/Projects-Code/My-Learning/DSA-Pepcoding/Basics/Conditionals.java. Using fallback presentation compiler.
2026.05.09 11:51:56 WARN  no build target for: /home/prerit/Projects-Code/My-Learning/DSA-Pepcoding/Basics/Conditionals.java
2026.05.09 11:51:56 INFO  no build target found for /home/prerit/Projects-Code/My-Learning/DSA-Pepcoding/Basics/Conditionals.java. Using fallback presentation compiler.
2026.05.09 11:51:56 WARN  Running javac-semanticdb failed for file:///home/prerit/Projects-Code/My-Learning/DSA-Pepcoding/Basics/Conditionals.java. Output:

May 09, 2026 11:51:56 AM org.eclipse.lsp4j.jsonrpc.RemoteEndpoint handleCancellation
WARNING: Unmatched cancel notification for request id 346
2026.05.09 11:51:56 INFO  no build target found for /home/prerit/Projects-Code/My-Learning/DSA-Pepcoding/Basics/Conditionals.java. Using fallback presentation compiler.
2026.05.09 11:51:56 INFO  no build target found for /home/prerit/Projects-Code/My-Learning/DSA-Pepcoding/Basics/Conditionals.java. Using fallback presentation compiler.
2026.05.09 11:51:56 WARN  Running javac-semanticdb failed for file:///home/prerit/Projects-Code/My-Learning/DSA-Pepcoding/Basics/Conditionals.java. Output:

2026.05.09 11:51:57 INFO  no build target found for /home/prerit/Projects-Code/My-Learning/DSA-Pepcoding/Basics/Conditionals.java. Using fallback presentation compiler.
2026.05.09 11:51:57 WARN  no build target for: /home/prerit/Projects-Code/My-Learning/DSA-Pepcoding/Basics/Conditionals.java
2026.05.09 11:51:57 INFO  no build target found for /home/prerit/Projects-Code/My-Learning/DSA-Pepcoding/Basics/Conditionals.java. Using fallback presentation compiler.
2026.05.09 11:51:58 INFO  no build target found for /home/prerit/Projects-Code/My-Learning/DSA-Pepcoding/Basics/Conditionals.java. Using fallback presentation compiler.
2026.05.09 11:51:58 INFO  no build target found for /home/prerit/Projects-Code/My-Learning/DSA-Pepcoding/Basics/Conditionals.java. Using fallback presentation compiler.
2026.05.09 11:51:58 WARN  Running javac-semanticdb failed for file:///home/prerit/Projects-Code/My-Learning/DSA-Pepcoding/Basics/Conditionals.java. Output:

2026.05.09 11:51:58 INFO  no build target found for /home/prerit/Projects-Code/My-Learning/DSA-Pepcoding/Basics/Conditionals.java. Using fallback presentation compiler.
2026.05.09 11:51:58 INFO  no build target found for /home/prerit/Projects-Code/My-Learning/DSA-Pepcoding/Basics/Conditionals.java. Using fallback presentation compiler.
2026.05.09 11:51:58 INFO  no build target found for /home/prerit/Projects-Code/My-Learning/DSA-Pepcoding/Basics/Conditionals.java. Using fallback presentation compiler.
2026.05.09 11:51:59 WARN  Running javac-semanticdb failed for file:///home/prerit/Projects-Code/My-Learning/DSA-Pepcoding/Basics/Conditionals.java. Output:

2026.05.09 11:51:58 INFO  no build target found for /home/prerit/Projects-Code/My-Learning/DSA-Pepcoding/Basics/Conditionals.java. Using fallback presentation compiler.
2026.05.09 11:51:59 WARN  Running javac-semanticdb failed for file:///home/prerit/Projects-Code/My-Learning/DSA-Pepcoding/Basics/Conditionals.java. Output:

2026.05.09 11:51:59 INFO  no build target found for /home/prerit/Projects-Code/My-Learning/DSA-Pepcoding/Basics/Conditionals.java. Using fallback presentation compiler.
2026.05.09 11:52:00 INFO  no build target found for /home/prerit/Projects-Code/My-Learning/DSA-Pepcoding/Basics/Conditionals.java. Using fallback presentation compiler.
2026.05.09 11:52:00 INFO  no build target found for /home/prerit/Projects-Code/My-Learning/DSA-Pepcoding/Basics/Conditionals.java. Using fallback presentation compiler.
2026.05.09 11:52:00 WARN  Running javac-semanticdb failed for file:///home/prerit/Projects-Code/My-Learning/DSA-Pepcoding/Basics/Conditionals.java. Output:

2026.05.09 11:52:00 INFO  no build target found for /home/prerit/Projects-Code/My-Learning/DSA-Pepcoding/Basics/Conditionals.java. Using fallback presentation compiler.
2026.05.09 11:52:00 INFO  no build target found for /home/prerit/Projects-Code/My-Learning/DSA-Pepcoding/Basics/Conditionals.java. Using fallback presentation compiler.
2026.05.09 11:52:01 INFO  no build target found for /home/prerit/Projects-Code/My-Learning/DSA-Pepcoding/Basics/Conditionals.java. Using fallback presentation compiler.
2026.05.09 11:52:01 INFO  no build target found for /home/prerit/Projects-Code/My-Learning/DSA-Pepcoding/Basics/Conditionals.java. Using fallback presentation compiler.
2026.05.09 11:52:01 INFO  no build target found for /home/prerit/Projects-Code/My-Learning/DSA-Pepcoding/Basics/Conditionals.java. Using fallback presentation compiler.
2026.05.09 11:52:01 WARN  Running javac-semanticdb failed for file:///home/prerit/Projects-Code/My-Learning/DSA-Pepcoding/Basics/Conditionals.java. Output:

2026.05.09 11:52:01 INFO  no build target found for /home/prerit/Projects-Code/My-Learning/DSA-Pepcoding/Basics/Conditionals.java. Using fallback presentation compiler.
2026.05.09 11:52:02 INFO  no build target found for /home/prerit/Projects-Code/My-Learning/DSA-Pepcoding/Basics/Conditionals.java. Using fallback presentation compiler.
2026.05.09 11:52:02 INFO  no build target found for /home/prerit/Projects-Code/My-Learning/DSA-Pepcoding/Basics/Conditionals.java. Using fallback presentation compiler.
2026.05.09 11:52:02 WARN  Running javac-semanticdb failed for file:///home/prerit/Projects-Code/My-Learning/DSA-Pepcoding/Basics/Conditionals.java. Output:

2026.05.09 11:52:02 INFO  no build target found for /home/prerit/Projects-Code/My-Learning/DSA-Pepcoding/Basics/Conditionals.java. Using fallback presentation compiler.
2026.05.09 11:52:02 INFO  no build target found for /home/prerit/Projects-Code/My-Learning/DSA-Pepcoding/Basics/Conditionals.java. Using fallback presentation compiler.
2026.05.09 11:52:02 INFO  no build target found for /home/prerit/Projects-Code/My-Learning/DSA-Pepcoding/Basics/Conditionals.java. Using fallback presentation compiler.
2026.05.09 11:52:03 INFO  no build target found for /home/prerit/Projects-Code/My-Learning/DSA-Pepcoding/Basics/Conditionals.java. Using fallback presentation compiler.
2026.05.09 11:52:03 INFO  no build target found for /home/prerit/Projects-Code/My-Learning/DSA-Pepcoding/Basics/Conditionals.java. Using fallback presentation compiler.
2026.05.09 11:52:03 INFO  no build target found for /home/prerit/Projects-Code/My-Learning/DSA-Pepcoding/Basics/Conditionals.java. Using fallback presentation compiler.
2026.05.09 11:52:03 INFO  no build target found for /home/prerit/Projects-Code/My-Learning/DSA-Pepcoding/Basics/Conditionals.java. Using fallback presentation compiler.
2026.05.09 11:52:03 INFO  no build target found for /home/prerit/Projects-Code/My-Learning/DSA-Pepcoding/Basics/Conditionals.java. Using fallback presentation compiler.
2026.05.09 11:52:03 INFO  no build target found for /home/prerit/Projects-Code/My-Learning/DSA-Pepcoding/Basics/Conditionals.java. Using fallback presentation compiler.
2026.05.09 11:52:03 INFO  no build target found for /home/prerit/Projects-Code/My-Learning/DSA-Pepcoding/Basics/Conditionals.java. Using fallback presentation compiler.
2026.05.09 11:52:03 INFO  no build target found for /home/prerit/Projects-Code/My-Learning/DSA-Pepcoding/Basics/Conditionals.java. Using fallback presentation compiler.
2026.05.09 11:52:03 INFO  no build target found for /home/prerit/Projects-Code/My-Learning/DSA-Pepcoding/Basics/Conditionals.java. Using fallback presentation compiler.
2026.05.09 11:52:04 INFO  no build target found for /home/prerit/Projects-Code/My-Learning/DSA-Pepcoding/Basics/Conditionals.java. Using fallback presentation compiler.
2026.05.09 11:52:04 WARN  Running javac-semanticdb failed for file:///home/prerit/Projects-Code/My-Learning/DSA-Pepcoding/Basics/Conditionals.java. Output:

2026.05.09 11:52:05 INFO  no build target found for /home/prerit/Projects-Code/My-Learning/DSA-Pepcoding/Basics/Conditionals.java. Using fallback presentation compiler.
2026.05.09 11:52:05 WARN  no build target for: /home/prerit/Projects-Code/My-Learning/DSA-Pepcoding/Basics/Conditionals.java
2026.05.09 11:52:05 INFO  no build target found for /home/prerit/Projects-Code/My-Learning/DSA-Pepcoding/Basics/Conditionals.java. Using fallback presentation compiler.
2026.05.09 11:52:06 INFO  no build target found for /home/prerit/Projects-Code/My-Learning/DSA-Pepcoding/Basics/Conditionals.java. Using fallback presentation compiler.
2026.05.09 11:52:05 WARN  Running javac-semanticdb failed for file:///home/prerit/Projects-Code/My-Learning/DSA-Pepcoding/Basics/Conditionals.java. Output:

2026.05.09 11:52:06 INFO  no build target found for /home/prerit/Projects-Code/My-Learning/DSA-Pepcoding/Basics/Conditionals.java. Using fallback presentation compiler.
2026.05.09 11:52:06 INFO  no build target found for /home/prerit/Projects-Code/My-Learning/DSA-Pepcoding/Basics/Conditionals.java. Using fallback presentation compiler.
2026.05.09 11:52:06 WARN  Running javac-semanticdb failed for file:///home/prerit/Projects-Code/My-Learning/DSA-Pepcoding/Basics/Conditionals.java. Output:

2026.05.09 11:52:07 INFO  no build target found for /home/prerit/Projects-Code/My-Learning/DSA-Pepcoding/Basics/Conditionals.java. Using fallback presentation compiler.
2026.05.09 11:52:07 INFO  no build target found for /home/prerit/Projects-Code/My-Learning/DSA-Pepcoding/Basics/Conditionals.java. Using fallback presentation compiler.
2026.05.09 11:52:07 INFO  no build target found for /home/prerit/Projects-Code/My-Learning/DSA-Pepcoding/Basics/Conditionals.java. Using fallback presentation compiler.
2026.05.09 11:52:08 INFO  no build target found for /home/prerit/Projects-Code/My-Learning/DSA-Pepcoding/Basics/Conditionals.java. Using fallback presentation compiler.
2026.05.09 11:52:08 INFO  no build target found for /home/prerit/Projects-Code/My-Learning/DSA-Pepcoding/Basics/Conditionals.java. Using fallback presentation compiler.
2026.05.09 11:52:08 INFO  no build target found for /home/prerit/Projects-Code/My-Learning/DSA-Pepcoding/Basics/Conditionals.java. Using fallback presentation compiler.
2026.05.09 11:52:08 INFO  no build target found for /home/prerit/Projects-Code/My-Learning/DSA-Pepcoding/Basics/Conditionals.java. Using fallback presentation compiler.
2026.05.09 11:52:09 WARN  no build target for: /home/prerit/Projects-Code/My-Learning/DSA-Pepcoding/Basics/Conditionals.java
2026.05.09 11:52:09 WARN  Running javac-semanticdb failed for file:///home/prerit/Projects-Code/My-Learning/DSA-Pepcoding/Basics/Conditionals.java. Output:

2026.05.09 11:52:09 INFO  no build target found for /home/prerit/Projects-Code/My-Learning/DSA-Pepcoding/Basics/Conditionals.java. Using fallback presentation compiler.
May 09, 2026 11:52:10 AM org.eclipse.lsp4j.jsonrpc.RemoteEndpoint handleCancellation
WARNING: Unmatched cancel notification for request id 432
2026.05.09 11:52:10 INFO  no build target found for /home/prerit/Projects-Code/My-Learning/DSA-Pepcoding/Basics/Conditionals.java. Using fallback presentation compiler.
2026.05.09 11:52:10 WARN  Running javac-semanticdb failed for file:///home/prerit/Projects-Code/My-Learning/DSA-Pepcoding/Basics/Conditionals.java. Output:

2026.05.09 11:52:09 INFO  no build target found for /home/prerit/Projects-Code/My-Learning/DSA-Pepcoding/Basics/Conditionals.java. Using fallback presentation compiler.
2026.05.09 11:52:10 INFO  no build target found for /home/prerit/Projects-Code/My-Learning/DSA-Pepcoding/Basics/Conditionals.java. Using fallback presentation compiler.
2026.05.09 11:52:10 INFO  no build target found for /home/prerit/Projects-Code/My-Learning/DSA-Pepcoding/Basics/Conditionals.java. Using fallback presentation compiler.
2026.05.09 11:52:10 WARN  Running javac-semanticdb failed for file:///home/prerit/Projects-Code/My-Learning/DSA-Pepcoding/Basics/Conditionals.java. Output:

2026.05.09 11:52:11 INFO  no build target found for /home/prerit/Projects-Code/My-Learning/DSA-Pepcoding/Basics/Conditionals.java. Using fallback presentation compiler.
2026.05.09 11:52:12 INFO  no build target found for /home/prerit/Projects-Code/My-Learning/DSA-Pepcoding/Basics/Conditionals.java. Using fallback presentation compiler.
2026.05.09 11:52:12 INFO  no build target found for /home/prerit/Projects-Code/My-Learning/DSA-Pepcoding/Basics/Conditionals.java. Using fallback presentation compiler.
2026.05.09 11:52:12 WARN  Running javac-semanticdb failed for file:///home/prerit/Projects-Code/My-Learning/DSA-Pepcoding/Basics/Conditionals.java. Output:

2026.05.09 11:52:12 INFO  no build target found for /home/prerit/Projects-Code/My-Learning/DSA-Pepcoding/Basics/Conditionals.java. Using fallback presentation compiler.
2026.05.09 11:52:12 INFO  no build target found for /home/prerit/Projects-Code/My-Learning/DSA-Pepcoding/Basics/Conditionals.java. Using fallback presentation compiler.
2026.05.09 11:52:12 INFO  no build target found for /home/prerit/Projects-Code/My-Learning/DSA-Pepcoding/Basics/Conditionals.java. Using fallback presentation compiler.
2026.05.09 11:52:12 INFO  no build target found for /home/prerit/Projects-Code/My-Learning/DSA-Pepcoding/Basics/Conditionals.java. Using fallback presentation compiler.
2026.05.09 11:52:13 INFO  no build target found for /home/prerit/Projects-Code/My-Learning/DSA-Pepcoding/Basics/Conditionals.java. Using fallback presentation compiler.
2026.05.09 11:52:13 WARN  Running javac-semanticdb failed for file:///home/prerit/Projects-Code/My-Learning/DSA-Pepcoding/Basics/Conditionals.java. Output:

2026.05.09 11:52:13 INFO  no build target found for /home/prerit/Projects-Code/My-Learning/DSA-Pepcoding/Basics/Conditionals.java. Using fallback presentation compiler.
2026.05.09 11:52:13 WARN  Running javac-semanticdb failed for file:///home/prerit/Projects-Code/My-Learning/DSA-Pepcoding/Basics/Conditionals.java. Output:

2026.05.09 11:52:13 INFO  no build target found for /home/prerit/Projects-Code/My-Learning/DSA-Pepcoding/Basics/Conditionals.java. Using fallback presentation compiler.
2026.05.09 11:52:14 INFO  no build target found for /home/prerit/Projects-Code/My-Learning/DSA-Pepcoding/Basics/Conditionals.java. Using fallback presentation compiler.
2026.05.09 11:52:14 WARN  no build target for: /home/prerit/Projects-Code/My-Learning/DSA-Pepcoding/Basics/Conditionals.java
2026.05.09 11:52:14 INFO  no build target found for /home/prerit/Projects-Code/My-Learning/DSA-Pepcoding/Basics/Conditionals.java. Using fallback presentation compiler.
2026.05.09 11:52:14 INFO  no build target found for /home/prerit/Projects-Code/My-Learning/DSA-Pepcoding/Basics/Conditionals.java. Using fallback presentation compiler.
2026.05.09 11:52:16 INFO  no build target found for /home/prerit/Projects-Code/My-Learning/DSA-Pepcoding/Basics/Conditionals.java. Using fallback presentation compiler.
2026.05.09 11:52:16 INFO  no build target found for /home/prerit/Projects-Code/My-Learning/DSA-Pepcoding/Basics/Conditionals.java. Using fallback presentation compiler.
2026.05.09 11:52:16 INFO  no build target found for /home/prerit/Projects-Code/My-Learning/DSA-Pepcoding/Basics/Conditionals.java. Using fallback presentation compiler.
2026.05.09 11:52:16 INFO  no build target found for /home/prerit/Projects-Code/My-Learning/DSA-Pepcoding/Basics/Conditionals.java. Using fallback presentation compiler.
2026.05.09 11:52:17 INFO  no build target found for /home/prerit/Projects-Code/My-Learning/DSA-Pepcoding/Basics/Conditionals.java. Using fallback presentation compiler.
2026.05.09 11:52:17 INFO  no build target found for /home/prerit/Projects-Code/My-Learning/DSA-Pepcoding/Basics/Conditionals.java. Using fallback presentation compiler.
2026.05.09 11:52:17 INFO  no build target found for /home/prerit/Projects-Code/My-Learning/DSA-Pepcoding/Basics/Conditionals.java. Using fallback presentation compiler.
2026.05.09 11:52:17 INFO  no build target found for /home/prerit/Projects-Code/My-Learning/DSA-Pepcoding/Basics/Conditionals.java. Using fallback presentation compiler.
2026.05.09 11:52:18 INFO  no build target found for /home/prerit/Projects-Code/My-Learning/DSA-Pepcoding/Basics/Conditionals.java. Using fallback presentation compiler.
2026.05.09 11:52:19 INFO  time: code lens generation in 1.29s
2026.05.09 11:52:20 INFO  no build target found for /home/prerit/Projects-Code/My-Learning/DSA-Pepcoding/Basics/Conditionals.java. Using fallback presentation compiler.
2026.05.09 11:52:20 WARN  no build target for: /home/prerit/Projects-Code/My-Learning/DSA-Pepcoding/Basics/Conditionals.java
2026.05.09 11:52:20 INFO  no build target found for /home/prerit/Projects-Code/My-Learning/DSA-Pepcoding/Basics/Conditionals.java. Using fallback presentation compiler.
2026.05.09 11:52:20 INFO  no build target found for /home/prerit/Projects-Code/My-Learning/DSA-Pepcoding/Basics/Conditionals.java. Using fallback presentation compiler.
2026.05.09 11:52:20 INFO  no build target found for /home/prerit/Projects-Code/My-Learning/DSA-Pepcoding/Basics/Conditionals.java. Using fallback presentation compiler.
2026.05.09 11:52:21 INFO  no build target found for /home/prerit/Projects-Code/My-Learning/DSA-Pepcoding/Basics/Conditionals.java. Using fallback presentation compiler.
2026.05.09 11:52:21 INFO  no build target found for /home/prerit/Projects-Code/My-Learning/DSA-Pepcoding/Basics/Conditionals.java. Using fallback presentation compiler.
2026.05.09 11:52:21 WARN  Running javac-semanticdb failed for file:///home/prerit/Projects-Code/My-Learning/DSA-Pepcoding/Basics/Conditionals.java. Output:

2026.05.09 11:52:21 INFO  no build target found for /home/prerit/Projects-Code/My-Learning/DSA-Pepcoding/Basics/Conditionals.java. Using fallback presentation compiler.
2026.05.09 11:52:21 WARN  no build target for: /home/prerit/Projects-Code/My-Learning/DSA-Pepcoding/Basics/Conditionals.java
2026.05.09 11:52:21 INFO  no build target found for /home/prerit/Projects-Code/My-Learning/DSA-Pepcoding/Basics/Conditionals.java. Using fallback presentation compiler.
2026.05.09 11:52:23 INFO  no build target found for /home/prerit/Projects-Code/My-Learning/DSA-Pepcoding/Basics/Conditionals.java. Using fallback presentation compiler.
2026.05.09 11:52:23 INFO  no build target found for /home/prerit/Projects-Code/My-Learning/DSA-Pepcoding/Basics/Conditionals.java. Using fallback presentation compiler.
2026.05.09 11:52:23 INFO  no build target found for /home/prerit/Projects-Code/My-Learning/DSA-Pepcoding/Basics/Conditionals.java. Using fallback presentation compiler.
2026.05.09 11:52:24 INFO  no build target found for /home/prerit/Projects-Code/My-Learning/DSA-Pepcoding/Basics/Conditionals.java. Using fallback presentation compiler.
2026.05.09 11:52:24 INFO  no build target found for /home/prerit/Projects-Code/My-Learning/DSA-Pepcoding/Basics/Conditionals.java. Using fallback presentation compiler.
2026.05.09 11:52:28 INFO  no build target found for /home/prerit/Projects-Code/My-Learning/DSA-Pepcoding/Basics/Conditionals.java. Using fallback presentation compiler.
2026.05.09 11:52:28 INFO  no build target found for /home/prerit/Projects-Code/My-Learning/DSA-Pepcoding/Basics/Conditionals.java. Using fallback presentation compiler.
2026.05.09 11:52:28 INFO  no build target found for /home/prerit/Projects-Code/My-Learning/DSA-Pepcoding/Basics/Conditionals.java. Using fallback presentation compiler.
2026.05.09 11:52:28 INFO  no build target found for /home/prerit/Projects-Code/My-Learning/DSA-Pepcoding/Basics/Conditionals.java. Using fallback presentation compiler.
2026.05.09 11:52:29 INFO  no build target found for /home/prerit/Projects-Code/My-Learning/DSA-Pepcoding/Basics/Conditionals.java. Using fallback presentation compiler.
May 09, 2026 11:52:29 AM org.eclipse.lsp4j.jsonrpc.RemoteEndpoint handleCancellation
WARNING: Unmatched cancel notification for request id 511
2026.05.09 11:52:28 INFO  no build target found for /home/prerit/Projects-Code/My-Learning/DSA-Pepcoding/Basics/Conditionals.java. Using fallback presentation compiler.
2026.05.09 11:52:28 INFO  no build target found for /home/prerit/Projects-Code/My-Learning/DSA-Pepcoding/Basics/Conditionals.java. Using fallback presentation compiler.
2026.05.09 11:52:28 INFO  no build target found for /home/prerit/Projects-Code/My-Learning/DSA-Pepcoding/Basics/Conditionals.java. Using fallback presentation compiler.
2026.05.09 11:52:29 INFO  no build target found for /home/prerit/Projects-Code/My-Learning/DSA-Pepcoding/Basics/Conditionals.java. Using fallback presentation compiler.
2026.05.09 11:52:29 INFO  no build target found for /home/prerit/Projects-Code/My-Learning/DSA-Pepcoding/Basics/Conditionals.java. Using fallback presentation compiler.
2026.05.09 11:52:30 INFO  no build target found for /home/prerit/Projects-Code/My-Learning/DSA-Pepcoding/Basics/Conditionals.java. Using fallback presentation compiler.
2026.05.09 11:52:29 INFO  no build target found for /home/prerit/Projects-Code/My-Learning/DSA-Pepcoding/Basics/Conditionals.java. Using fallback presentation compiler.
2026.05.09 11:52:29 INFO  no build target found for /home/prerit/Projects-Code/My-Learning/DSA-Pepcoding/Basics/Conditionals.java. Using fallback presentation compiler.
2026.05.09 11:52:31 WARN  no build target for: /home/prerit/Projects-Code/My-Learning/DSA-Pepcoding/Basics/Conditionals.java
2026.05.09 11:52:31 INFO  no build target found for /home/prerit/Projects-Code/My-Learning/DSA-Pepcoding/Basics/Conditionals.java. Using fallback presentation compiler.
2026.05.09 11:52:31 INFO  no build target found for /home/prerit/Projects-Code/My-Learning/DSA-Pepcoding/Basics/Conditionals.java. Using fallback presentation compiler.
2026.05.09 11:52:31 INFO  no build target found for /home/prerit/Projects-Code/My-Learning/DSA-Pepcoding/Basics/Conditionals.java. Using fallback presentation compiler.
2026.05.09 11:52:31 INFO  no build target found for /home/prerit/Projects-Code/My-Learning/DSA-Pepcoding/Basics/Conditionals.java. Using fallback presentation compiler.
2026.05.09 11:52:31 INFO  no build target found for /home/prerit/Projects-Code/My-Learning/DSA-Pepcoding/Basics/Conditionals.java. Using fallback presentation compiler.
2026.05.09 11:52:32 INFO  time: code lens generation in 1.76s
2026.05.09 11:52:31 INFO  no build target found for /home/prerit/Projects-Code/My-Learning/DSA-Pepcoding/Basics/Conditionals.java. Using fallback presentation compiler.
2026.05.09 11:52:31 INFO  no build target found for /home/prerit/Projects-Code/My-Learning/DSA-Pepcoding/Basics/Conditionals.java. Using fallback presentation compiler.
2026.05.09 11:52:32 INFO  no build target found for /home/prerit/Projects-Code/My-Learning/DSA-Pepcoding/Basics/Conditionals.java. Using fallback presentation compiler.
2026.05.09 11:52:32 INFO  no build target found for /home/prerit/Projects-Code/My-Learning/DSA-Pepcoding/Basics/Conditionals.java. Using fallback presentation compiler.
2026.05.09 11:52:32 INFO  no build target found for /home/prerit/Projects-Code/My-Learning/DSA-Pepcoding/Basics/Conditionals.java. Using fallback presentation compiler.
2026.05.09 11:52:32 INFO  no build target found for /home/prerit/Projects-Code/My-Learning/DSA-Pepcoding/Basics/Conditionals.java. Using fallback presentation compiler.
May 09, 2026 11:52:32 AM org.eclipse.lsp4j.jsonrpc.RemoteEndpoint handleCancellation
WARNING: Unmatched cancel notification for request id 532
2026.05.09 11:52:32 INFO  no build target found for /home/prerit/Projects-Code/My-Learning/DSA-Pepcoding/Basics/Conditionals.java. Using fallback presentation compiler.
2026.05.09 11:52:33 INFO  no build target found for /home/prerit/Projects-Code/My-Learning/DSA-Pepcoding/Basics/Conditionals.java. Using fallback presentation compiler.
2026.05.09 11:52:33 INFO  no build target found for /home/prerit/Projects-Code/My-Learning/DSA-Pepcoding/Basics/Conditionals.java. Using fallback presentation compiler.
2026.05.09 11:52:33 WARN  no build target for: /home/prerit/Projects-Code/My-Learning/DSA-Pepcoding/Basics/Conditionals.java
2026.05.09 11:52:34 INFO  no build target found for /home/prerit/Projects-Code/My-Learning/DSA-Pepcoding/Basics/Conditionals.java. Using fallback presentation compiler.
2026.05.09 11:52:34 INFO  no build target found for /home/prerit/Projects-Code/My-Learning/DSA-Pepcoding/Basics/Conditionals.java. Using fallback presentation compiler.
2026.05.09 11:52:35 INFO  no build target found for /home/prerit/Projects-Code/My-Learning/DSA-Pepcoding/Basics/Conditionals.java. Using fallback presentation compiler.
2026.05.09 11:52:37 INFO  no build target found for /home/prerit/Projects-Code/My-Learning/DSA-Pepcoding/Basics/Conditionals.java. Using fallback presentation compiler.
2026.05.09 11:52:37 INFO  no build target found for /home/prerit/Projects-Code/My-Learning/DSA-Pepcoding/Basics/Conditionals.java. Using fallback presentation compiler.
2026.05.09 11:52:39 INFO  no build target found for /home/prerit/Projects-Code/My-Learning/DSA-Pepcoding/Basics/Conditionals.java. Using fallback presentation compiler.
2026.05.09 11:55:32 INFO  no build target found for /home/prerit/Projects-Code/My-Learning/DSA-Pepcoding/Basics/Conditionals.java. Using fallback presentation compiler.
2026.05.09 11:55:33 INFO  no build target found for /home/prerit/Projects-Code/My-Learning/DSA-Pepcoding/Basics/Conditionals.java. Using fallback presentation compiler.
2026.05.09 11:55:33 INFO  no build target found for /home/prerit/Projects-Code/My-Learning/DSA-Pepcoding/Basics/Conditionals.java. Using fallback presentation compiler.
2026.05.09 11:55:34 INFO  no build target found for /home/prerit/Projects-Code/My-Learning/DSA-Pepcoding/Basics/Conditionals.java. Using fallback presentation compiler.
2026.05.09 11:55:35 WARN  no build target for: /home/prerit/Projects-Code/My-Learning/DSA-Pepcoding/Basics/Conditionals.java
2026.05.09 11:55:35 INFO  no build target found for /home/prerit/Projects-Code/My-Learning/DSA-Pepcoding/Basics/Conditionals.java. Using fallback presentation compiler.
2026.05.09 11:55:35 INFO  no build target found for /home/prerit/Projects-Code/My-Learning/DSA-Pepcoding/Basics/Conditionals.java. Using fallback presentation compiler.
2026.05.09 11:55:35 INFO  no build target found for /home/prerit/Projects-Code/My-Learning/DSA-Pepcoding/Basics/Conditionals.java. Using fallback presentation compiler.
2026.05.09 11:55:35 INFO  no build target found for /home/prerit/Projects-Code/My-Learning/DSA-Pepcoding/Basics/Conditionals.java. Using fallback presentation compiler.
2026.05.09 11:55:35 INFO  no build target found for /home/prerit/Projects-Code/My-Learning/DSA-Pepcoding/Basics/Conditionals.java. Using fallback presentation compiler.
2026.05.09 11:55:35 INFO  no build target found for /home/prerit/Projects-Code/My-Learning/DSA-Pepcoding/Basics/Conditionals.java. Using fallback presentation compiler.
2026.05.09 11:55:37 INFO  no build target found for /home/prerit/Projects-Code/My-Learning/DSA-Pepcoding/Basics/Conditionals.java. Using fallback presentation compiler.
2026.05.09 11:55:37 INFO  no build target found for /home/prerit/Projects-Code/My-Learning/DSA-Pepcoding/Basics/Conditionals.java. Using fallback presentation compiler.
2026.05.09 11:55:37 INFO  no build target found for /home/prerit/Projects-Code/My-Learning/DSA-Pepcoding/Basics/Conditionals.java. Using fallback presentation compiler.
2026.05.09 11:55:37 INFO  no build target found for /home/prerit/Projects-Code/My-Learning/DSA-Pepcoding/Basics/Conditionals.java. Using fallback presentation compiler.
2026.05.09 11:55:38 INFO  no build target found for /home/prerit/Projects-Code/My-Learning/DSA-Pepcoding/Basics/Conditionals.java. Using fallback presentation compiler.
2026.05.09 11:55:38 INFO  no build target found for /home/prerit/Projects-Code/My-Learning/DSA-Pepcoding/Basics/Conditionals.java. Using fallback presentation compiler.
2026.05.09 11:55:38 INFO  no build target found for /home/prerit/Projects-Code/My-Learning/DSA-Pepcoding/Basics/Conditionals.java. Using fallback presentation compiler.
2026.05.09 11:55:38 INFO  no build target found for /home/prerit/Projects-Code/My-Learning/DSA-Pepcoding/Basics/Conditionals.java. Using fallback presentation compiler.
2026.05.09 11:55:38 INFO  no build target found for /home/prerit/Projects-Code/My-Learning/DSA-Pepcoding/Basics/Conditionals.java. Using fallback presentation compiler.
2026.05.09 11:55:39 INFO  no build target found for /home/prerit/Projects-Code/My-Learning/DSA-Pepcoding/Basics/Conditionals.java. Using fallback presentation compiler.
2026.05.09 11:55:39 WARN  no build target for: /home/prerit/Projects-Code/My-Learning/DSA-Pepcoding/Basics/Conditionals.java
2026.05.09 11:55:39 INFO  no build target found for /home/prerit/Projects-Code/My-Learning/DSA-Pepcoding/Basics/Conditionals.java. Using fallback presentation compiler.
2026.05.09 11:55:39 WARN  Running javac-semanticdb failed for file:///home/prerit/Projects-Code/My-Learning/DSA-Pepcoding/Basics/Conditionals.java. Output:

2026.05.09 11:55:40 INFO  no build target found for /home/prerit/Projects-Code/My-Learning/DSA-Pepcoding/Basics/Conditionals.java. Using fallback presentation compiler.
2026.05.09 11:55:40 INFO  no build target found for /home/prerit/Projects-Code/My-Learning/DSA-Pepcoding/Basics/Conditionals.java. Using fallback presentation compiler.
2026.05.09 11:55:41 INFO  no build target found for /home/prerit/Projects-Code/My-Learning/DSA-Pepcoding/Basics/Conditionals.java. Using fallback presentation compiler.
2026.05.09 11:57:20 INFO  no build target found for /home/prerit/Projects-Code/My-Learning/DSA-Pepcoding/Basics/Conditionals.java. Using fallback presentation compiler.
2026.05.09 11:57:24 INFO  no build target found for /home/prerit/Projects-Code/My-Learning/DSA-Pepcoding/Basics/Conditionals.java. Using fallback presentation compiler.
2026.05.09 11:57:24 INFO  no build target found for /home/prerit/Projects-Code/My-Learning/DSA-Pepcoding/Basics/Conditionals.java. Using fallback presentation compiler.
2026.05.09 11:57:24 INFO  no build target found for /home/prerit/Projects-Code/My-Learning/DSA-Pepcoding/Basics/Conditionals.java. Using fallback presentation compiler.
2026.05.09 11:57:25 INFO  no build target found for /home/prerit/Projects-Code/My-Learning/DSA-Pepcoding/Basics/Conditionals.java. Using fallback presentation compiler.
2026.05.09 11:57:25 INFO  no build target found for /home/prerit/Projects-Code/My-Learning/DSA-Pepcoding/Basics/Conditionals.java. Using fallback presentation compiler.
2026.05.09 11:57:25 INFO  no build target found for /home/prerit/Projects-Code/My-Learning/DSA-Pepcoding/Basics/Conditionals.java. Using fallback presentation compiler.
2026.05.09 11:57:25 INFO  no build target found for /home/prerit/Projects-Code/My-Learning/DSA-Pepcoding/Basics/Conditionals.java. Using fallback presentation compiler.
2026.05.09 11:57:26 WARN  Running javac-semanticdb failed for file:///home/prerit/Projects-Code/My-Learning/DSA-Pepcoding/Basics/Conditionals.java. Output:

2026.05.09 11:57:27 INFO  no build target found for /home/prerit/Projects-Code/My-Learning/DSA-Pepcoding/Basics/Conditionals.java. Using fallback presentation compiler.
2026.05.09 11:57:27 WARN  no build target for: /home/prerit/Projects-Code/My-Learning/DSA-Pepcoding/Basics/Conditionals.java
2026.05.09 11:57:28 INFO  no build target found for /home/prerit/Projects-Code/My-Learning/DSA-Pepcoding/Basics/Conditionals.java. Using fallback presentation compiler.
2026.05.09 11:57:28 INFO  no build target found for /home/prerit/Projects-Code/My-Learning/DSA-Pepcoding/Basics/Conditionals.java. Using fallback presentation compiler.
2026.05.09 11:57:28 INFO  no build target found for /home/prerit/Projects-Code/My-Learning/DSA-Pepcoding/Basics/Conditionals.java. Using fallback presentation compiler.
2026.05.09 11:57:28 INFO  no build target found for /home/prerit/Projects-Code/My-Learning/DSA-Pepcoding/Basics/Conditionals.java. Using fallback presentation compiler.
2026.05.09 11:57:29 INFO  no build target found for /home/prerit/Projects-Code/My-Learning/DSA-Pepcoding/Basics/Conditionals.java. Using fallback presentation compiler.
May 09, 2026 11:57:29 AM org.eclipse.lsp4j.jsonrpc.RemoteEndpoint handleCancellation
WARNING: Unmatched cancel notification for request id 596
May 09, 2026 11:57:29 AM org.eclipse.lsp4j.jsonrpc.RemoteEndpoint handleCancellation
WARNING: Unmatched cancel notification for request id 597
2026.05.09 11:57:28 INFO  no build target found for /home/prerit/Projects-Code/My-Learning/DSA-Pepcoding/Basics/Conditionals.java. Using fallback presentation compiler.
2026.05.09 11:57:28 INFO  no build target found for /home/prerit/Projects-Code/My-Learning/DSA-Pepcoding/Basics/Conditionals.java. Using fallback presentation compiler.
2026.05.09 11:57:29 INFO  no build target found for /home/prerit/Projects-Code/My-Learning/DSA-Pepcoding/Basics/Conditionals.java. Using fallback presentation compiler.
2026.05.09 11:57:29 INFO  no build target found for /home/prerit/Projects-Code/My-Learning/DSA-Pepcoding/Basics/Conditionals.java. Using fallback presentation compiler.
2026.05.09 11:57:30 INFO  time: code lens generation in 1.11s
2026.05.09 11:57:29 INFO  no build target found for /home/prerit/Projects-Code/My-Learning/DSA-Pepcoding/Basics/Conditionals.java. Using fallback presentation compiler.
2026.05.09 11:57:29 INFO  no build target found for /home/prerit/Projects-Code/My-Learning/DSA-Pepcoding/Basics/Conditionals.java. Using fallback presentation compiler.
2026.05.09 11:57:30 INFO  no build target found for /home/prerit/Projects-Code/My-Learning/DSA-Pepcoding/Basics/Conditionals.java. Using fallback presentation compiler.
2026.05.09 11:57:30 INFO  no build target found for /home/prerit/Projects-Code/My-Learning/DSA-Pepcoding/Basics/Conditionals.java. Using fallback presentation compiler.
2026.05.09 11:57:30 INFO  no build target found for /home/prerit/Projects-Code/My-Learning/DSA-Pepcoding/Basics/Conditionals.java. Using fallback presentation compiler.
2026.05.09 11:57:30 INFO  no build target found for /home/prerit/Projects-Code/My-Learning/DSA-Pepcoding/Basics/Conditionals.java. Using fallback presentation compiler.
2026.05.09 11:57:30 INFO  no build target found for /home/prerit/Projects-Code/My-Learning/DSA-Pepcoding/Basics/Conditionals.java. Using fallback presentation compiler.
2026.05.09 11:57:30 INFO  time: code lens generation in 1.42s
2026.05.09 11:57:30 INFO  no build target found for /home/prerit/Projects-Code/My-Learning/DSA-Pepcoding/Basics/Conditionals.java. Using fallback presentation compiler.
2026.05.09 11:57:30 INFO  no build target found for /home/prerit/Projects-Code/My-Learning/DSA-Pepcoding/Basics/Conditionals.java. Using fallback presentation compiler.
2026.05.09 11:57:31 INFO  no build target found for /home/prerit/Projects-Code/My-Learning/DSA-Pepcoding/Basics/Conditionals.java. Using fallback presentation compiler.
2026.05.09 11:57:31 WARN  no build target for: /home/prerit/Projects-Code/My-Learning/DSA-Pepcoding/Basics/Conditionals.java
2026.05.09 11:57:31 INFO  no build target found for /home/prerit/Projects-Code/My-Learning/DSA-Pepcoding/Basics/Conditionals.java. Using fallback presentation compiler.
2026.05.09 11:57:31 INFO  no build target found for /home/prerit/Projects-Code/My-Learning/DSA-Pepcoding/Basics/Conditionals.java. Using fallback presentation compiler.
2026.05.09 11:57:31 INFO  no build target found for /home/prerit/Projects-Code/My-Learning/DSA-Pepcoding/Basics/Conditionals.java. Using fallback presentation compiler.
2026.05.09 11:57:31 INFO  no build target found for /home/prerit/Projects-Code/My-Learning/DSA-Pepcoding/Basics/Conditionals.java. Using fallback presentation compiler.
May 09, 2026 11:57:31 AM org.eclipse.lsp4j.jsonrpc.RemoteEndpoint handleCancellation
WARNING: Unmatched cancel notification for request id 625
2026.05.09 11:57:31 INFO  no build target found for /home/prerit/Projects-Code/My-Learning/DSA-Pepcoding/Basics/Conditionals.java. Using fallback presentation compiler.
2026.05.09 11:57:31 INFO  no build target found for /home/prerit/Projects-Code/My-Learning/DSA-Pepcoding/Basics/Conditionals.java. Using fallback presentation compiler.
May 09, 2026 11:57:31 AM org.eclipse.lsp4j.jsonrpc.RemoteEndpoint handleCancellation
WARNING: Unmatched cancel notification for request id 626
2026.05.09 11:57:31 INFO  no build target found for /home/prerit/Projects-Code/My-Learning/DSA-Pepcoding/Basics/Conditionals.java. Using fallback presentation compiler.
2026.05.09 11:57:31 INFO  no build target found for /home/prerit/Projects-Code/My-Learning/DSA-Pepcoding/Basics/Conditionals.java. Using fallback presentation compiler.
2026.05.09 11:57:31 INFO  no build target found for /home/prerit/Projects-Code/My-Learning/DSA-Pepcoding/Basics/Conditionals.java. Using fallback presentation compiler.
2026.05.09 11:57:31 INFO  no build target found for /home/prerit/Projects-Code/My-Learning/DSA-Pepcoding/Basics/Conditionals.java. Using fallback presentation compiler.
2026.05.09 11:57:31 INFO  no build target found for /home/prerit/Projects-Code/My-Learning/DSA-Pepcoding/Basics/Conditionals.java. Using fallback presentation compiler.
2026.05.09 11:57:32 INFO  no build target found for /home/prerit/Projects-Code/My-Learning/DSA-Pepcoding/Basics/Conditionals.java. Using fallback presentation compiler.
2026.05.09 11:57:31 INFO  no build target found for /home/prerit/Projects-Code/My-Learning/DSA-Pepcoding/Basics/Conditionals.java. Using fallback presentation compiler.
2026.05.09 11:57:32 INFO  no build target found for /home/prerit/Projects-Code/My-Learning/DSA-Pepcoding/Basics/Conditionals.java. Using fallback presentation compiler.
2026.05.09 11:57:32 INFO  no build target found for /home/prerit/Projects-Code/My-Learning/DSA-Pepcoding/Basics/Conditionals.java. Using fallback presentation compiler.
2026.05.09 11:57:32 INFO  no build target found for /home/prerit/Projects-Code/My-Learning/DSA-Pepcoding/Basics/Conditionals.java. Using fallback presentation compiler.
2026.05.09 11:57:32 WARN  no build target for: /home/prerit/Projects-Code/My-Learning/DSA-Pepcoding/Basics/Conditionals.java
2026.05.09 11:57:32 INFO  no build target found for /home/prerit/Projects-Code/My-Learning/DSA-Pepcoding/Basics/Conditionals.java. Using fallback presentation compiler.
2026.05.09 11:57:32 INFO  no build target found for /home/prerit/Projects-Code/My-Learning/DSA-Pepcoding/Basics/Conditionals.java. Using fallback presentation compiler.
2026.05.09 11:57:32 INFO  no build target found for /home/prerit/Projects-Code/My-Learning/DSA-Pepcoding/Basics/Conditionals.java. Using fallback presentation compiler.
2026.05.09 11:57:34 INFO  no build target found for /home/prerit/Projects-Code/My-Learning/DSA-Pepcoding/Basics/Conditionals.java. Using fallback presentation compiler.
2026.05.09 11:57:34 INFO  no build target found for /home/prerit/Projects-Code/My-Learning/DSA-Pepcoding/Basics/Conditionals.java. Using fallback presentation compiler.
2026.05.09 11:57:34 INFO  no build target found for /home/prerit/Projects-Code/My-Learning/DSA-Pepcoding/Basics/Conditionals.java. Using fallback presentation compiler.
2026.05.09 11:57:34 INFO  no build target found for /home/prerit/Projects-Code/My-Learning/DSA-Pepcoding/Basics/Conditionals.java. Using fallback presentation compiler.
2026.05.09 11:57:35 INFO  no build target found for /home/prerit/Projects-Code/My-Learning/DSA-Pepcoding/Basics/Conditionals.java. Using fallback presentation compiler.
2026.05.09 11:57:35 WARN  no build target for: /home/prerit/Projects-Code/My-Learning/DSA-Pepcoding/Basics/Conditionals.java
2026.05.09 11:57:35 INFO  no build target found for /home/prerit/Projects-Code/My-Learning/DSA-Pepcoding/Basics/Conditionals.java. Using fallback presentation compiler.
2026.05.09 11:57:35 INFO  no build target found for /home/prerit/Projects-Code/My-Learning/DSA-Pepcoding/Basics/Conditionals.java. Using fallback presentation compiler.
2026.05.09 11:57:35 INFO  no build target found for /home/prerit/Projects-Code/My-Learning/DSA-Pepcoding/Basics/Conditionals.java. Using fallback presentation compiler.
2026.05.09 11:57:35 INFO  no build target found for /home/prerit/Projects-Code/My-Learning/DSA-Pepcoding/Basics/Conditionals.java. Using fallback presentation compiler.
2026.05.09 11:57:36 INFO  no build target found for /home/prerit/Projects-Code/My-Learning/DSA-Pepcoding/Basics/Conditionals.java. Using fallback presentation compiler.
2026.05.09 11:57:36 INFO  no build target found for /home/prerit/Projects-Code/My-Learning/DSA-Pepcoding/Basics/Conditionals.java. Using fallback presentation compiler.
2026.05.09 11:57:37 INFO  no build target found for /home/prerit/Projects-Code/My-Learning/DSA-Pepcoding/Basics/Conditionals.java. Using fallback presentation compiler.
2026.05.09 11:57:37 INFO  no build target found for /home/prerit/Projects-Code/My-Learning/DSA-Pepcoding/Basics/Conditionals.java. Using fallback presentation compiler.
2026.05.09 11:57:37 INFO  no build target found for /home/prerit/Projects-Code/My-Learning/DSA-Pepcoding/Basics/Conditionals.java. Using fallback presentation compiler.
2026.05.09 11:57:38 INFO  no build target found for /home/prerit/Projects-Code/My-Learning/DSA-Pepcoding/Basics/Conditionals.java. Using fallback presentation compiler.
2026.05.09 11:57:38 INFO  no build target found for /home/prerit/Projects-Code/My-Learning/DSA-Pepcoding/Basics/Conditionals.java. Using fallback presentation compiler.
2026.05.09 11:57:38 INFO  no build target found for /home/prerit/Projects-Code/My-Learning/DSA-Pepcoding/Basics/Conditionals.java. Using fallback presentation compiler.
2026.05.09 11:58:53 INFO  no build target found for /home/prerit/Projects-Code/My-Learning/DSA-Pepcoding/Basics/Conditionals.java. Using fallback presentation compiler.
2026.05.09 11:58:57 INFO  no build target found for /home/prerit/Projects-Code/My-Learning/DSA-Pepcoding/Basics/Conditionals.java. Using fallback presentation compiler.
2026.05.09 11:58:57 INFO  no build target found for /home/prerit/Projects-Code/My-Learning/DSA-Pepcoding/Basics/Conditionals.java. Using fallback presentation compiler.
2026.05.09 11:58:57 INFO  no build target found for /home/prerit/Projects-Code/My-Learning/DSA-Pepcoding/Basics/Conditionals.java. Using fallback presentation compiler.
2026.05.09 11:58:58 INFO  no build target found for /home/prerit/Projects-Code/My-Learning/DSA-Pepcoding/Basics/Conditionals.java. Using fallback presentation compiler.
2026.05.09 11:58:59 INFO  no build target found for /home/prerit/Projects-Code/My-Learning/DSA-Pepcoding/Basics/Conditionals.java. Using fallback presentation compiler.
2026.05.09 11:58:59 INFO  no build target found for /home/prerit/Projects-Code/My-Learning/DSA-Pepcoding/Basics/Conditionals.java. Using fallback presentation compiler.
2026.05.09 11:58:59 INFO  no build target found for /home/prerit/Projects-Code/My-Learning/DSA-Pepcoding/Basics/Conditionals.java. Using fallback presentation compiler.
2026.05.09 11:58:59 INFO  no build target found for /home/prerit/Projects-Code/My-Learning/DSA-Pepcoding/Basics/Conditionals.java. Using fallback presentation compiler.
2026.05.09 11:58:59 INFO  no build target found for /home/prerit/Projects-Code/My-Learning/DSA-Pepcoding/Basics/Conditionals.java. Using fallback presentation compiler.
2026.05.09 11:58:59 INFO  no build target found for /home/prerit/Projects-Code/My-Learning/DSA-Pepcoding/Basics/Conditionals.java. Using fallback presentation compiler.
2026.05.09 11:59:00 INFO  no build target found for /home/prerit/Projects-Code/My-Learning/DSA-Pepcoding/Basics/Conditionals.java. Using fallback presentation compiler.
2026.05.09 11:59:00 WARN  no build target for: /home/prerit/Projects-Code/My-Learning/DSA-Pepcoding/Basics/Conditionals.java
2026.05.09 11:59:00 WARN  Running javac-semanticdb failed for file:///home/prerit/Projects-Code/My-Learning/DSA-Pepcoding/Basics/Conditionals.java. Output:

2026.05.09 11:59:00 INFO  no build target found for /home/prerit/Projects-Code/My-Learning/DSA-Pepcoding/Basics/Conditionals.java. Using fallback presentation compiler.
2026.05.09 11:59:00 INFO  no build target found for /home/prerit/Projects-Code/My-Learning/DSA-Pepcoding/Basics/Conditionals.java. Using fallback presentation compiler.
2026.05.09 11:59:00 INFO  no build target found for /home/prerit/Projects-Code/My-Learning/DSA-Pepcoding/Basics/Conditionals.java. Using fallback presentation compiler.
2026.05.09 11:59:00 INFO  no build target found for /home/prerit/Projects-Code/My-Learning/DSA-Pepcoding/Basics/Conditionals.java. Using fallback presentation compiler.
2026.05.09 11:59:01 INFO  no build target found for /home/prerit/Projects-Code/My-Learning/DSA-Pepcoding/Basics/Conditionals.java. Using fallback presentation compiler.
2026.05.09 11:59:02 INFO  no build target found for /home/prerit/Projects-Code/My-Learning/DSA-Pepcoding/Basics/Conditionals.java. Using fallback presentation compiler.
2026.05.09 11:59:02 WARN  no build target for: /home/prerit/Projects-Code/My-Learning/DSA-Pepcoding/Basics/Conditionals.java
2026.05.09 11:59:02 INFO  no build target found for /home/prerit/Projects-Code/My-Learning/DSA-Pepcoding/Basics/Conditionals.java. Using fallback presentation compiler.
2026.05.09 11:59:02 INFO  no build target found for /home/prerit/Projects-Code/My-Learning/DSA-Pepcoding/Basics/Conditionals.java. Using fallback presentation compiler.
2026.05.09 11:59:02 INFO  no build target found for /home/prerit/Projects-Code/My-Learning/DSA-Pepcoding/Basics/Conditionals.java. Using fallback presentation compiler.
2026.05.09 11:59:03 INFO  no build target found for /home/prerit/Projects-Code/My-Learning/DSA-Pepcoding/Basics/Conditionals.java. Using fallback presentation compiler.
2026.05.09 11:59:03 INFO  no build target found for /home/prerit/Projects-Code/My-Learning/DSA-Pepcoding/Basics/Conditionals.java. Using fallback presentation compiler.
2026.05.09 11:59:03 INFO  no build target found for /home/prerit/Projects-Code/My-Learning/DSA-Pepcoding/Basics/Conditionals.java. Using fallback presentation compiler.
2026.05.09 11:59:04 WARN  no build target for: /home/prerit/Projects-Code/My-Learning/DSA-Pepcoding/Basics/Conditionals.java
2026.05.09 11:59:03 INFO  no build target found for /home/prerit/Projects-Code/My-Learning/DSA-Pepcoding/Basics/Conditionals.java. Using fallback presentation compiler.
2026.05.09 11:59:05 INFO  no build target found for /home/prerit/Projects-Code/My-Learning/DSA-Pepcoding/Basics/Conditionals.java. Using fallback presentation compiler.
2026.05.09 11:59:05 INFO  no build target found for /home/prerit/Projects-Code/My-Learning/DSA-Pepcoding/Basics/Conditionals.java. Using fallback presentation compiler.
2026.05.09 11:59:06 INFO  no build target found for /home/prerit/Projects-Code/My-Learning/DSA-Pepcoding/Basics/Conditionals.java. Using fallback presentation compiler.
2026.05.09 11:59:06 INFO  no build target found for /home/prerit/Projects-Code/My-Learning/DSA-Pepcoding/Basics/Conditionals.java. Using fallback presentation compiler.
2026.05.09 11:59:10 INFO  no build target found for /home/prerit/Projects-Code/My-Learning/DSA-Pepcoding/Basics/Conditionals.java. Using fallback presentation compiler.
2026.05.09 11:59:10 INFO  no build target found for /home/prerit/Projects-Code/My-Learning/DSA-Pepcoding/Basics/Conditionals.java. Using fallback presentation compiler.
2026.05.09 11:59:10 INFO  no build target found for /home/prerit/Projects-Code/My-Learning/DSA-Pepcoding/Basics/Conditionals.java. Using fallback presentation compiler.
2026.05.09 11:59:10 INFO  no build target found for /home/prerit/Projects-Code/My-Learning/DSA-Pepcoding/Basics/Conditionals.java. Using fallback presentation compiler.
2026.05.09 11:59:10 INFO  no build target found for /home/prerit/Projects-Code/My-Learning/DSA-Pepcoding/Basics/Conditionals.java. Using fallback presentation compiler.
2026.05.09 11:59:10 INFO  no build target found for /home/prerit/Projects-Code/My-Learning/DSA-Pepcoding/Basics/Conditionals.java. Using fallback presentation compiler.
2026.05.09 11:59:10 INFO  no build target found for /home/prerit/Projects-Code/My-Learning/DSA-Pepcoding/Basics/Conditionals.java. Using fallback presentation compiler.
2026.05.09 11:59:10 INFO  no build target found for /home/prerit/Projects-Code/My-Learning/DSA-Pepcoding/Basics/Conditionals.java. Using fallback presentation compiler.
2026.05.09 11:59:10 INFO  no build target found for /home/prerit/Projects-Code/My-Learning/DSA-Pepcoding/Basics/Conditionals.java. Using fallback presentation compiler.
2026.05.09 11:59:10 INFO  no build target found for /home/prerit/Projects-Code/My-Learning/DSA-Pepcoding/Basics/Conditionals.java. Using fallback presentation compiler.
2026.05.09 11:59:10 INFO  no build target found for /home/prerit/Projects-Code/My-Learning/DSA-Pepcoding/Basics/Conditionals.java. Using fallback presentation compiler.
2026.05.09 11:59:10 INFO  no build target found for /home/prerit/Projects-Code/My-Learning/DSA-Pepcoding/Basics/Conditionals.java. Using fallback presentation compiler.
May 09, 2026 11:59:10 AM org.eclipse.lsp4j.jsonrpc.RemoteEndpoint handleCancellation
WARNING: Unmatched cancel notification for request id 726
2026.05.09 11:59:10 INFO  no build target found for /home/prerit/Projects-Code/My-Learning/DSA-Pepcoding/Basics/Conditionals.java. Using fallback presentation compiler.
2026.05.09 11:59:10 INFO  no build target found for /home/prerit/Projects-Code/My-Learning/DSA-Pepcoding/Basics/Conditionals.java. Using fallback presentation compiler.
2026.05.09 11:59:10 INFO  no build target found for /home/prerit/Projects-Code/My-Learning/DSA-Pepcoding/Basics/Conditionals.java. Using fallback presentation compiler.
2026.05.09 11:59:10 INFO  no build target found for /home/prerit/Projects-Code/My-Learning/DSA-Pepcoding/Basics/Conditionals.java. Using fallback presentation compiler.
2026.05.09 11:59:11 INFO  no build target found for /home/prerit/Projects-Code/My-Learning/DSA-Pepcoding/Basics/Conditionals.java. Using fallback presentation compiler.
2026.05.09 11:59:11 INFO  no build target found for /home/prerit/Projects-Code/My-Learning/DSA-Pepcoding/Basics/Conditionals.java. Using fallback presentation compiler.
2026.05.09 11:59:11 INFO  no build target found for /home/prerit/Projects-Code/My-Learning/DSA-Pepcoding/Basics/Conditionals.java. Using fallback presentation compiler.
2026.05.09 11:59:11 INFO  no build target found for /home/prerit/Projects-Code/My-Learning/DSA-Pepcoding/Basics/Conditionals.java. Using fallback presentation compiler.
2026.05.09 11:59:11 INFO  no build target found for /home/prerit/Projects-Code/My-Learning/DSA-Pepcoding/Basics/Conditionals.java. Using fallback presentation compiler.
2026.05.09 11:59:11 INFO  no build target found for /home/prerit/Projects-Code/My-Learning/DSA-Pepcoding/Basics/Conditionals.java. Using fallback presentation compiler.
2026.05.09 11:59:11 INFO  no build target found for /home/prerit/Projects-Code/My-Learning/DSA-Pepcoding/Basics/Conditionals.java. Using fallback presentation compiler.
2026.05.09 11:59:11 INFO  no build target found for /home/prerit/Projects-Code/My-Learning/DSA-Pepcoding/Basics/Conditionals.java. Using fallback presentation compiler.
2026.05.09 11:59:11 INFO  no build target found for /home/prerit/Projects-Code/My-Learning/DSA-Pepcoding/Basics/Conditionals.java. Using fallback presentation compiler.
2026.05.09 11:59:11 INFO  no build target found for /home/prerit/Projects-Code/My-Learning/DSA-Pepcoding/Basics/Conditionals.java. Using fallback presentation compiler.
2026.05.09 11:59:11 INFO  no build target found for /home/prerit/Projects-Code/My-Learning/DSA-Pepcoding/Basics/Conditionals.java. Using fallback presentation compiler.
2026.05.09 11:59:11 INFO  no build target found for /home/prerit/Projects-Code/My-Learning/DSA-Pepcoding/Basics/Conditionals.java. Using fallback presentation compiler.
2026.05.09 11:59:11 INFO  no build target found for /home/prerit/Projects-Code/My-Learning/DSA-Pepcoding/Basics/Conditionals.java. Using fallback presentation compiler.
2026.05.09 11:59:11 INFO  no build target found for /home/prerit/Projects-Code/My-Learning/DSA-Pepcoding/Basics/Conditionals.java. Using fallback presentation compiler.
2026.05.09 11:59:11 INFO  no build target found for /home/prerit/Projects-Code/My-Learning/DSA-Pepcoding/Basics/Conditionals.java. Using fallback presentation compiler.
2026.05.09 11:59:12 INFO  no build target found for /home/prerit/Projects-Code/My-Learning/DSA-Pepcoding/Basics/Conditionals.java. Using fallback presentation compiler.
2026.05.09 11:59:12 INFO  no build target found for /home/prerit/Projects-Code/My-Learning/DSA-Pepcoding/Basics/Conditionals.java. Using fallback presentation compiler.
2026.05.09 11:59:12 INFO  no build target found for /home/prerit/Projects-Code/My-Learning/DSA-Pepcoding/Basics/Conditionals.java. Using fallback presentation compiler.
2026.05.09 11:59:12 INFO  no build target found for /home/prerit/Projects-Code/My-Learning/DSA-Pepcoding/Basics/Conditionals.java. Using fallback presentation compiler.
2026.05.09 11:59:12 INFO  no build target found for /home/prerit/Projects-Code/My-Learning/DSA-Pepcoding/Basics/Conditionals.java. Using fallback presentation compiler.
2026.05.09 11:59:12 INFO  no build target found for /home/prerit/Projects-Code/My-Learning/DSA-Pepcoding/Basics/Conditionals.java. Using fallback presentation compiler.
2026.05.09 11:59:12 INFO  no build target found for /home/prerit/Projects-Code/My-Learning/DSA-Pepcoding/Basics/Conditionals.java. Using fallback presentation compiler.
2026.05.09 11:59:12 INFO  no build target found for /home/prerit/Projects-Code/My-Learning/DSA-Pepcoding/Basics/Conditionals.java. Using fallback presentation compiler.
2026.05.09 11:59:12 INFO  no build target found for /home/prerit/Projects-Code/My-Learning/DSA-Pepcoding/Basics/Conditionals.java. Using fallback presentation compiler.
2026.05.09 11:59:12 INFO  no build target found for /home/prerit/Projects-Code/My-Learning/DSA-Pepcoding/Basics/Conditionals.java. Using fallback presentation compiler.
2026.05.09 11:59:12 INFO  no build target found for /home/prerit/Projects-Code/My-Learning/DSA-Pepcoding/Basics/Conditionals.java. Using fallback presentation compiler.
2026.05.09 11:59:12 INFO  no build target found for /home/prerit/Projects-Code/My-Learning/DSA-Pepcoding/Basics/Conditionals.java. Using fallback presentation compiler.
2026.05.09 11:59:12 INFO  no build target found for /home/prerit/Projects-Code/My-Learning/DSA-Pepcoding/Basics/Conditionals.java. Using fallback presentation compiler.
2026.05.09 11:59:12 INFO  no build target found for /home/prerit/Projects-Code/My-Learning/DSA-Pepcoding/Basics/Conditionals.java. Using fallback presentation compiler.
May 09, 2026 11:59:13 AM org.eclipse.lsp4j.jsonrpc.RemoteEndpoint handleCancellation
WARNING: Unmatched cancel notification for request id 755
2026.05.09 11:59:13 INFO  no build target found for /home/prerit/Projects-Code/My-Learning/DSA-Pepcoding/Basics/Conditionals.java. Using fallback presentation compiler.
2026.05.09 11:59:13 INFO  no build target found for /home/prerit/Projects-Code/My-Learning/DSA-Pepcoding/Basics/Conditionals.java. Using fallback presentation compiler.
2026.05.09 11:59:13 INFO  no build target found for /home/prerit/Projects-Code/My-Learning/DSA-Pepcoding/Basics/Conditionals.java. Using fallback presentation compiler.
2026.05.09 11:59:13 INFO  no build target found for /home/prerit/Projects-Code/My-Learning/DSA-Pepcoding/Basics/Conditionals.java. Using fallback presentation compiler.
2026.05.09 11:59:13 INFO  no build target found for /home/prerit/Projects-Code/My-Learning/DSA-Pepcoding/Basics/Conditionals.java. Using fallback presentation compiler.
2026.05.09 11:59:13 INFO  no build target found for /home/prerit/Projects-Code/My-Learning/DSA-Pepcoding/Basics/Conditionals.java. Using fallback presentation compiler.
2026.05.09 11:59:13 INFO  no build target found for /home/prerit/Projects-Code/My-Learning/DSA-Pepcoding/Basics/Conditionals.java. Using fallback presentation compiler.
2026.05.09 11:59:13 INFO  no build target found for /home/prerit/Projects-Code/My-Learning/DSA-Pepcoding/Basics/Conditionals.java. Using fallback presentation compiler.
2026.05.09 11:59:13 INFO  no build target found for /home/prerit/Projects-Code/My-Learning/DSA-Pepcoding/Basics/Conditionals.java. Using fallback presentation compiler.
2026.05.09 11:59:13 INFO  no build target found for /home/prerit/Projects-Code/My-Learning/DSA-Pepcoding/Basics/Conditionals.java. Using fallback presentation compiler.
2026.05.09 11:59:13 INFO  no build target found for /home/prerit/Projects-Code/My-Learning/DSA-Pepcoding/Basics/Conditionals.java. Using fallback presentation compiler.
2026.05.09 11:59:13 INFO  no build target found for /home/prerit/Projects-Code/My-Learning/DSA-Pepcoding/Basics/Conditionals.java. Using fallback presentation compiler.
2026.05.09 11:59:13 INFO  no build target found for /home/prerit/Projects-Code/My-Learning/DSA-Pepcoding/Basics/Conditionals.java. Using fallback presentation compiler.
2026.05.09 11:59:14 INFO  no build target found for /home/prerit/Projects-Code/My-Learning/DSA-Pepcoding/Basics/Conditionals.java. Using fallback presentation compiler.
2026.05.09 11:59:14 INFO  no build target found for /home/prerit/Projects-Code/My-Learning/DSA-Pepcoding/Basics/Conditionals.java. Using fallback presentation compiler.
2026.05.09 11:59:14 INFO  no build target found for /home/prerit/Projects-Code/My-Learning/DSA-Pepcoding/Basics/Conditionals.java. Using fallback presentation compiler.
2026.05.09 11:59:14 INFO  no build target found for /home/prerit/Projects-Code/My-Learning/DSA-Pepcoding/Basics/Conditionals.java. Using fallback presentation compiler.
2026.05.09 11:59:14 INFO  no build target found for /home/prerit/Projects-Code/My-Learning/DSA-Pepcoding/Basics/Conditionals.java. Using fallback presentation compiler.
2026.05.09 11:59:14 INFO  no build target found for /home/prerit/Projects-Code/My-Learning/DSA-Pepcoding/Basics/Conditionals.java. Using fallback presentation compiler.
2026.05.09 11:59:14 INFO  no build target found for /home/prerit/Projects-Code/My-Learning/DSA-Pepcoding/Basics/Conditionals.java. Using fallback presentation compiler.
2026.05.09 11:59:14 INFO  no build target found for /home/prerit/Projects-Code/My-Learning/DSA-Pepcoding/Basics/Conditionals.java. Using fallback presentation compiler.
2026.05.09 11:59:14 INFO  no build target found for /home/prerit/Projects-Code/My-Learning/DSA-Pepcoding/Basics/Conditionals.java. Using fallback presentation compiler.
2026.05.09 11:59:14 INFO  no build target found for /home/prerit/Projects-Code/My-Learning/DSA-Pepcoding/Basics/Conditionals.java. Using fallback presentation compiler.
2026.05.09 11:59:14 INFO  no build target found for /home/prerit/Projects-Code/My-Learning/DSA-Pepcoding/Basics/Conditionals.java. Using fallback presentation compiler.
2026.05.09 11:59:14 INFO  no build target found for /home/prerit/Projects-Code/My-Learning/DSA-Pepcoding/Basics/Conditionals.java. Using fallback presentation compiler.
2026.05.09 11:59:14 INFO  no build target found for /home/prerit/Projects-Code/My-Learning/DSA-Pepcoding/Basics/Conditionals.java. Using fallback presentation compiler.
2026.05.09 11:59:15 INFO  no build target found for /home/prerit/Projects-Code/My-Learning/DSA-Pepcoding/Basics/Conditionals.java. Using fallback presentation compiler.
2026.05.09 11:59:14 INFO  no build target found for /home/prerit/Projects-Code/My-Learning/DSA-Pepcoding/Basics/Conditionals.java. Using fallback presentation compiler.
2026.05.09 11:59:14 INFO  no build target found for /home/prerit/Projects-Code/My-Learning/DSA-Pepcoding/Basics/Conditionals.java. Using fallback presentation compiler.
2026.05.09 11:59:15 INFO  no build target found for /home/prerit/Projects-Code/My-Learning/DSA-Pepcoding/Basics/Conditionals.java. Using fallback presentation compiler.
2026.05.09 11:59:15 INFO  no build target found for /home/prerit/Projects-Code/My-Learning/DSA-Pepcoding/Basics/Conditionals.java. Using fallback presentation compiler.
2026.05.09 11:59:15 INFO  no build target found for /home/prerit/Projects-Code/My-Learning/DSA-Pepcoding/Basics/Conditionals.java. Using fallback presentation compiler.
2026.05.09 11:59:15 INFO  no build target found for /home/prerit/Projects-Code/My-Learning/DSA-Pepcoding/Basics/Conditionals.java. Using fallback presentation compiler.
2026.05.09 11:59:15 INFO  no build target found for /home/prerit/Projects-Code/My-Learning/DSA-Pepcoding/Basics/Conditionals.java. Using fallback presentation compiler.
2026.05.09 11:59:15 INFO  no build target found for /home/prerit/Projects-Code/My-Learning/DSA-Pepcoding/Basics/Conditionals.java. Using fallback presentation compiler.
2026.05.09 11:59:15 INFO  no build target found for /home/prerit/Projects-Code/My-Learning/DSA-Pepcoding/Basics/Conditionals.java. Using fallback presentation compiler.
2026.05.09 11:59:15 INFO  no build target found for /home/prerit/Projects-Code/My-Learning/DSA-Pepcoding/Basics/Conditionals.java. Using fallback presentation compiler.
2026.05.09 11:59:16 WARN  no build target for: /home/prerit/Projects-Code/My-Learning/DSA-Pepcoding/Basics/Conditionals.java
2026.05.09 11:59:16 INFO  no build target found for /home/prerit/Projects-Code/My-Learning/DSA-Pepcoding/Basics/Conditionals.java. Using fallback presentation compiler.
2026.05.09 11:59:16 INFO  no build target found for /home/prerit/Projects-Code/My-Learning/DSA-Pepcoding/Basics/Conditionals.java. Using fallback presentation compiler.
2026.05.09 11:59:16 INFO  no build target found for /home/prerit/Projects-Code/My-Learning/DSA-Pepcoding/Basics/Conditionals.java. Using fallback presentation compiler.
2026.05.09 11:59:16 INFO  no build target found for /home/prerit/Projects-Code/My-Learning/DSA-Pepcoding/Basics/Conditionals.java. Using fallback presentation compiler.
2026.05.09 11:59:16 INFO  no build target found for /home/prerit/Projects-Code/My-Learning/DSA-Pepcoding/Basics/Conditionals.java. Using fallback presentation compiler.
2026.05.09 11:59:16 INFO  no build target found for /home/prerit/Projects-Code/My-Learning/DSA-Pepcoding/Basics/Conditionals.java. Using fallback presentation compiler.
2026.05.09 11:59:16 INFO  no build target found for /home/prerit/Projects-Code/My-Learning/DSA-Pepcoding/Basics/Conditionals.java. Using fallback presentation compiler.
2026.05.09 11:59:16 INFO  no build target found for /home/prerit/Projects-Code/My-Learning/DSA-Pepcoding/Basics/Conditionals.java. Using fallback presentation compiler.
2026.05.09 11:59:16 INFO  no build target found for /home/prerit/Projects-Code/My-Learning/DSA-Pepcoding/Basics/Conditionals.java. Using fallback presentation compiler.
2026.05.09 11:59:16 INFO  no build target found for /home/prerit/Projects-Code/My-Learning/DSA-Pepcoding/Basics/Conditionals.java. Using fallback presentation compiler.
2026.05.09 11:59:17 INFO  no build target found for /home/prerit/Projects-Code/My-Learning/DSA-Pepcoding/Basics/Conditionals.java. Using fallback presentation compiler.
2026.05.09 11:59:16 INFO  no build target found for /home/prerit/Projects-Code/My-Learning/DSA-Pepcoding/Basics/Conditionals.java. Using fallback presentation compiler.
2026.05.09 11:59:16 INFO  no build target found for /home/prerit/Projects-Code/My-Learning/DSA-Pepcoding/Basics/Conditionals.java. Using fallback presentation compiler.
2026.05.09 11:59:16 INFO  no build target found for /home/prerit/Projects-Code/My-Learning/DSA-Pepcoding/Basics/Conditionals.java. Using fallback presentation compiler.
2026.05.09 11:59:16 INFO  no build target found for /home/prerit/Projects-Code/My-Learning/DSA-Pepcoding/Basics/Conditionals.java. Using fallback presentation compiler.
2026.05.09 11:59:18 INFO  no build target found for /home/prerit/Projects-Code/My-Learning/DSA-Pepcoding/Basics/Conditionals.java. Using fallback presentation compiler.
2026.05.09 11:59:18 INFO  no build target found for /home/prerit/Projects-Code/My-Learning/DSA-Pepcoding/Basics/Conditionals.java. Using fallback presentation compiler.
2026.05.09 11:59:18 INFO  no build target found for /home/prerit/Projects-Code/My-Learning/DSA-Pepcoding/Basics/Conditionals.java. Using fallback presentation compiler.
2026.05.09 11:59:18 INFO  no build target found for /home/prerit/Projects-Code/My-Learning/DSA-Pepcoding/Basics/Conditionals.java. Using fallback presentation compiler.
2026.05.09 11:59:18 INFO  no build target found for /home/prerit/Projects-Code/My-Learning/DSA-Pepcoding/Basics/Conditionals.java. Using fallback presentation compiler.
2026.05.09 11:59:18 INFO  no build target found for /home/prerit/Projects-Code/My-Learning/DSA-Pepcoding/Basics/Conditionals.java. Using fallback presentation compiler.
2026.05.09 11:59:18 INFO  no build target found for /home/prerit/Projects-Code/My-Learning/DSA-Pepcoding/Basics/Conditionals.java. Using fallback presentation compiler.
2026.05.09 11:59:18 INFO  no build target found for /home/prerit/Projects-Code/My-Learning/DSA-Pepcoding/Basics/Conditionals.java. Using fallback presentation compiler.
2026.05.09 11:59:19 WARN  no build target for: /home/prerit/Projects-Code/My-Learning/DSA-Pepcoding/Basics/Conditionals.java
2026.05.09 11:59:19 INFO  no build target found for /home/prerit/Projects-Code/My-Learning/DSA-Pepcoding/Basics/Conditionals.java. Using fallback presentation compiler.
2026.05.09 11:59:20 INFO  no build target found for /home/prerit/Projects-Code/My-Learning/DSA-Pepcoding/Basics/Conditionals.java. Using fallback presentation compiler.
2026.05.09 11:59:20 INFO  no build target found for /home/prerit/Projects-Code/My-Learning/DSA-Pepcoding/Basics/Conditionals.java. Using fallback presentation compiler.
2026.05.09 11:59:22 INFO  no build target found for /home/prerit/Projects-Code/My-Learning/DSA-Pepcoding/Basics/Conditionals.java. Using fallback presentation compiler.
2026.05.09 11:59:34 INFO  no build target found for /home/prerit/Projects-Code/My-Learning/DSA-Pepcoding/Basics/Conditionals.java. Using fallback presentation compiler.
2026.05.09 11:59:52 INFO  no build target found for /home/prerit/Projects-Code/My-Learning/DSA-Pepcoding/Basics/Conditionals.java. Using fallback presentation compiler.
2026.05.09 11:59:54 INFO  no build target found for /home/prerit/Projects-Code/My-Learning/DSA-Pepcoding/Basics/Conditionals.java. Using fallback presentation compiler.
2026.05.09 11:59:54 INFO  no build target found for /home/prerit/Projects-Code/My-Learning/DSA-Pepcoding/Basics/Conditionals.java. Using fallback presentation compiler.
2026.05.09 11:59:56 INFO  no build target found for /home/prerit/Projects-Code/My-Learning/DSA-Pepcoding/Basics/Conditionals.java. Using fallback presentation compiler.
2026.05.09 11:59:56 INFO  no build target found for /home/prerit/Projects-Code/My-Learning/DSA-Pepcoding/Basics/Conditionals.java. Using fallback presentation compiler.
2026.05.09 11:59:57 INFO  no build target found for /home/prerit/Projects-Code/My-Learning/DSA-Pepcoding/Basics/Conditionals.java. Using fallback presentation compiler.
2026.05.09 11:59:57 INFO  no build target found for /home/prerit/Projects-Code/My-Learning/DSA-Pepcoding/Basics/Conditionals.java. Using fallback presentation compiler.
2026.05.09 11:59:57 INFO  no build target found for /home/prerit/Projects-Code/My-Learning/DSA-Pepcoding/Basics/Conditionals.java. Using fallback presentation compiler.
2026.05.09 11:59:58 INFO  no build target found for /home/prerit/Projects-Code/My-Learning/DSA-Pepcoding/Basics/Conditionals.java. Using fallback presentation compiler.
2026.05.09 11:59:58 INFO  no build target found for /home/prerit/Projects-Code/My-Learning/DSA-Pepcoding/Basics/Conditionals.java. Using fallback presentation compiler.
2026.05.09 11:59:59 INFO  no build target found for /home/prerit/Projects-Code/My-Learning/DSA-Pepcoding/Basics/Conditionals.java. Using fallback presentation compiler.
2026.05.09 11:59:58 INFO  no build target found for /home/prerit/Projects-Code/My-Learning/DSA-Pepcoding/Basics/Conditionals.java. Using fallback presentation compiler.
2026.05.09 11:59:58 INFO  no build target found for /home/prerit/Projects-Code/My-Learning/DSA-Pepcoding/Basics/Conditionals.java. Using fallback presentation compiler.
2026.05.09 11:59:59 INFO  no build target found for /home/prerit/Projects-Code/My-Learning/DSA-Pepcoding/Basics/Conditionals.java. Using fallback presentation compiler.
2026.05.09 11:59:58 INFO  no build target found for /home/prerit/Projects-Code/My-Learning/DSA-Pepcoding/Basics/Conditionals.java. Using fallback presentation compiler.
2026.05.09 11:59:59 INFO  no build target found for /home/prerit/Projects-Code/My-Learning/DSA-Pepcoding/Basics/Conditionals.java. Using fallback presentation compiler.
2026.05.09 11:59:59 INFO  no build target found for /home/prerit/Projects-Code/My-Learning/DSA-Pepcoding/Basics/Conditionals.java. Using fallback presentation compiler.
2026.05.09 12:00:00 INFO  no build target found for /home/prerit/Projects-Code/My-Learning/DSA-Pepcoding/Basics/Conditionals.java. Using fallback presentation compiler.
2026.05.09 11:59:59 INFO  no build target found for /home/prerit/Projects-Code/My-Learning/DSA-Pepcoding/Basics/Conditionals.java. Using fallback presentation compiler.
2026.05.09 11:59:59 INFO  no build target found for /home/prerit/Projects-Code/My-Learning/DSA-Pepcoding/Basics/Conditionals.java. Using fallback presentation compiler.
2026.05.09 12:00:00 WARN  no build target for: /home/prerit/Projects-Code/My-Learning/DSA-Pepcoding/Basics/Conditionals.java
2026.05.09 12:00:01 INFO  no build target found for /home/prerit/Projects-Code/My-Learning/DSA-Pepcoding/Basics/Conditionals.java. Using fallback presentation compiler.
2026.05.09 12:00:01 INFO  no build target found for /home/prerit/Projects-Code/My-Learning/DSA-Pepcoding/Basics/Conditionals.java. Using fallback presentation compiler.
2026.05.09 12:00:01 INFO  no build target found for /home/prerit/Projects-Code/My-Learning/DSA-Pepcoding/Basics/Conditionals.java. Using fallback presentation compiler.
2026.05.09 12:00:03 INFO  no build target found for /home/prerit/Projects-Code/My-Learning/DSA-Pepcoding/Basics/Conditionals.java. Using fallback presentation compiler.
2026.05.09 12:00:03 INFO  no build target found for /home/prerit/Projects-Code/My-Learning/DSA-Pepcoding/Basics/Conditionals.java. Using fallback presentation compiler.
2026.05.09 12:00:11 INFO  no build target found for /home/prerit/Projects-Code/My-Learning/DSA-Pepcoding/Basics/Conditionals.java. Using fallback presentation compiler.
2026.05.09 12:00:11 INFO  no build target found for /home/prerit/Projects-Code/My-Learning/DSA-Pepcoding/Basics/Conditionals.java. Using fallback presentation compiler.
2026.05.09 12:00:11 INFO  no build target found for /home/prerit/Projects-Code/My-Learning/DSA-Pepcoding/Basics/Conditionals.java. Using fallback presentation compiler.
2026.05.09 12:00:12 INFO  no build target found for /home/prerit/Projects-Code/My-Learning/DSA-Pepcoding/Basics/Conditionals.java. Using fallback presentation compiler.
2026.05.09 12:00:12 INFO  no build target found for /home/prerit/Projects-Code/My-Learning/DSA-Pepcoding/Basics/Conditionals.java. Using fallback presentation compiler.
2026.05.09 12:00:12 INFO  no build target found for /home/prerit/Projects-Code/My-Learning/DSA-Pepcoding/Basics/Conditionals.java. Using fallback presentation compiler.
2026.05.09 12:00:12 INFO  no build target found for /home/prerit/Projects-Code/My-Learning/DSA-Pepcoding/Basics/Conditionals.java. Using fallback presentation compiler.
2026.05.09 12:00:12 INFO  no build target found for /home/prerit/Projects-Code/My-Learning/DSA-Pepcoding/Basics/Conditionals.java. Using fallback presentation compiler.
2026.05.09 12:00:13 WARN  no build target for: /home/prerit/Projects-Code/My-Learning/DSA-Pepcoding/Basics/Conditionals.java
2026.05.09 12:00:13 INFO  no build target found for /home/prerit/Projects-Code/My-Learning/DSA-Pepcoding/Basics/Conditionals.java. Using fallback presentation compiler.
2026.05.09 12:00:39 INFO  no build target found for /home/prerit/Projects-Code/My-Learning/DSA-Pepcoding/Basics/Conditionals.java. Using fallback presentation compiler.
2026.05.09 12:00:43 INFO  no build target found for /home/prerit/Projects-Code/My-Learning/DSA-Pepcoding/Basics/Conditionals.java. Using fallback presentation compiler.
2026.05.10 15:01:01 INFO  Started: Metals version 1.6.7 in folders '/home/prerit/Projects-Code/My-Learning/DSA-Pepcoding' for client Visual Studio Code 1.119.0.
2026.05.10 15:01:01 INFO  time: initialize in 0.18s
2026.05.10 15:01:03 INFO  Memory monitor started
2026.05.10 15:01:14 WARN  Using H2 2.4.240 which is newer than the version Flyway has been verified with. The latest verified version of H2 is 2.3.232.
2026.05.10 15:01:16 INFO  no build target found for /home/prerit/Projects-Code/My-Learning/DSA-Pepcoding/Basics/Conditionals.java. Using fallback presentation compiler.
2026.05.10 15:01:19 INFO  no build target found for /home/prerit/Projects-Code/My-Learning/DSA-Pepcoding/Basics/Conditionals.java. Using fallback presentation compiler.
2026.05.10 15:01:19 INFO  no build target found for /home/prerit/Projects-Code/My-Learning/DSA-Pepcoding/Basics/Conditionals.java. Using fallback presentation compiler.
May 10, 2026 3:01:20 PM org.eclipse.lsp4j.jsonrpc.RemoteEndpoint handleCancellation
WARNING: Unmatched cancel notification for request id 2
2026.05.10 15:01:21 WARN  no build tool detected in workspace '/home/prerit/Projects-Code/My-Learning/DSA-Pepcoding'. The most common cause for this problem is that the editor was opened in the wrong working directory, for example if you use sbt then the workspace directory should contain build.sbt. 
2026.05.10 15:01:21 WARN  Build server is not auto-connectable.
2026.05.10 15:01:21 WARN  no build target for: /home/prerit/Projects-Code/My-Learning/DSA-Pepcoding/Basics/Conditionals.java
2026.05.10 15:01:22 INFO  no build target found for /home/prerit/Projects-Code/My-Learning/DSA-Pepcoding/Basics/Conditionals.java. Using fallback presentation compiler.
May 10, 2026 3:02:44 PM org.eclipse.lsp4j.jsonrpc.services.GenericEndpoint notify
INFO: Unsupported notification method: $/setTrace
2026.05.10 15:02:45 INFO  no build target found for /home/prerit/Projects-Code/My-Learning/DSA-Pepcoding/Basics/Conditionals.java. Using fallback presentation compiler.
May 10, 2026 3:03:16 PM org.eclipse.lsp4j.jsonrpc.services.GenericEndpoint notify
INFO: Unsupported notification method: $/setTrace
2026.05.10 15:03:23 INFO  no build target found for /home/prerit/Projects-Code/My-Learning/DSA-Pepcoding/Basics/Conditionals.java. Using fallback presentation compiler.
2026.05.10 15:04:27 INFO  no build target found for /home/prerit/Projects-Code/My-Learning/DSA-Pepcoding/Basics/Conditionals.java. Using fallback presentation compiler.
2026.05.10 15:04:30 INFO  no build target found for /home/prerit/Projects-Code/My-Learning/DSA-Pepcoding/Basics/Conditionals.java. Using fallback presentation compiler.
2026.05.10 15:24:56 INFO  no build target found for /home/prerit/Projects-Code/My-Learning/DSA-Pepcoding/Basics/Conditionals.java. Using fallback presentation compiler.
2026.05.10 15:24:58 INFO  Shutting down server
2026.05.10 15:24:58 INFO  Memory monitor stopped
2026.05.10 15:24:58 INFO  shutting down Metals
2026.05.10 15:24:58 INFO  Exiting server
2026.05.10 15:26:35 INFO  Started: Metals version 1.6.7 in folders '/home/prerit/Projects-Code/My-Learning/DSA-Pepcoding' for client Visual Studio Code 1.119.0.
2026.05.10 15:26:35 INFO  Memory monitor started
2026.05.10 15:26:38 WARN  Using H2 2.4.240 which is newer than the version Flyway has been verified with. The latest verified version of H2 is 2.3.232.
2026.05.10 15:26:38 INFO  no build target found for /home/prerit/Projects-Code/My-Learning/DSA-Pepcoding/Basics/Conditionals.java. Using fallback presentation compiler.
2026.05.10 15:26:40 WARN  no build tool detected in workspace '/home/prerit/Projects-Code/My-Learning/DSA-Pepcoding'. The most common cause for this problem is that the editor was opened in the wrong working directory, for example if you use sbt then the workspace directory should contain build.sbt. 
2026.05.10 15:26:40 WARN  Build server is not auto-connectable.
2026.05.10 15:26:41 WARN  no build target for: /home/prerit/Projects-Code/My-Learning/DSA-Pepcoding/Basics/Conditionals.java
2026.05.10 15:26:45 INFO  time: code lens generation in 4.31s
2026.05.10 15:26:55 INFO  no build target found for /home/prerit/Projects-Code/My-Learning/DSA-Pepcoding/Basics/Conditionals.java. Using fallback presentation compiler.
2026.05.10 15:42:43 INFO  no build target found for /home/prerit/Projects-Code/My-Learning/DSA-Pepcoding/Basics/Conditionals.java. Using fallback presentation compiler.
2026.05.10 15:43:03 WARN  no build target for: /home/prerit/Projects-Code/My-Learning/DSA-Pepcoding/Basics/GradingSystem.java
2026.05.10 15:43:03 WARN  Running javac-semanticdb failed for file:///home/prerit/Projects-Code/My-Learning/DSA-Pepcoding/Basics/GradingSystem.java. Output:

2026.05.10 15:43:03 INFO  no build target found for /home/prerit/Projects-Code/My-Learning/DSA-Pepcoding/Basics/GradingSystem.java. Using fallback presentation compiler.
2026.05.10 15:43:05 INFO  no build target found for /home/prerit/Projects-Code/My-Learning/DSA-Pepcoding/Basics/GradingSystem.java. Using fallback presentation compiler.
2026.05.10 15:43:05 INFO  no build target found for /home/prerit/Projects-Code/My-Learning/DSA-Pepcoding/Basics/GradingSystem.java. Using fallback presentation compiler.
2026.05.10 15:43:05 INFO  no build target found for /home/prerit/Projects-Code/My-Learning/DSA-Pepcoding/Basics/GradingSystem.java. Using fallback presentation compiler.
May 10, 2026 3:43:05 PM org.eclipse.lsp4j.jsonrpc.RemoteEndpoint handleCancellation
WARNING: Unmatched cancel notification for request id 14
May 10, 2026 3:43:05 PM org.eclipse.lsp4j.jsonrpc.RemoteEndpoint handleCancellation
WARNING: Unmatched cancel notification for request id 17
2026.05.10 15:43:05 INFO  no build target found for /home/prerit/Projects-Code/My-Learning/DSA-Pepcoding/Basics/GradingSystem.java. Using fallback presentation compiler.
2026.05.10 15:43:06 WARN  no build target for: /home/prerit/Projects-Code/My-Learning/DSA-Pepcoding/Basics/GradingSystem.java
2026.05.10 15:43:06 INFO  no build target found for /home/prerit/Projects-Code/My-Learning/DSA-Pepcoding/Basics/Conditionals.java. Using fallback presentation compiler.
2026.05.10 15:43:07 INFO  no build target found for /home/prerit/Projects-Code/My-Learning/DSA-Pepcoding/Basics/GradingSystem.java. Using fallback presentation compiler.
2026.05.10 15:43:08 INFO  no build target found for /home/prerit/Projects-Code/My-Learning/DSA-Pepcoding/Basics/GradingSystem.java. Using fallback presentation compiler.
2026.05.10 15:43:07 INFO  no build target found for /home/prerit/Projects-Code/My-Learning/DSA-Pepcoding/Basics/GradingSystem.java. Using fallback presentation compiler.
2026.05.10 15:43:07 INFO  no build target found for /home/prerit/Projects-Code/My-Learning/DSA-Pepcoding/Basics/GradingSystem.java. Using fallback presentation compiler.
2026.05.10 15:43:10 INFO  no build target found for /home/prerit/Projects-Code/My-Learning/DSA-Pepcoding/Basics/GradingSystem.java. Using fallback presentation compiler.
May 10, 2026 3:43:10 PM org.eclipse.lsp4j.jsonrpc.RemoteEndpoint handleCancellation
WARNING: Unmatched cancel notification for request id 24
2026.05.10 15:43:10 INFO  no build target found for /home/prerit/Projects-Code/My-Learning/DSA-Pepcoding/Basics/GradingSystem.java. Using fallback presentation compiler.
2026.05.10 15:43:10 INFO  no build target found for /home/prerit/Projects-Code/My-Learning/DSA-Pepcoding/Basics/GradingSystem.java. Using fallback presentation compiler.
2026.05.10 15:43:10 INFO  no build target found for /home/prerit/Projects-Code/My-Learning/DSA-Pepcoding/Basics/GradingSystem.java. Using fallback presentation compiler.
2026.05.10 15:43:10 INFO  no build target found for /home/prerit/Projects-Code/My-Learning/DSA-Pepcoding/Basics/GradingSystem.java. Using fallback presentation compiler.
2026.05.10 15:43:11 WARN  no build target for: /home/prerit/Projects-Code/My-Learning/DSA-Pepcoding/Basics/GradingSystem.java
2026.05.10 15:43:12 WARN  Running javac-semanticdb failed for file:///home/prerit/Projects-Code/My-Learning/DSA-Pepcoding/Basics/GradingSystem.java. Output:

2026.05.10 15:43:12 INFO  Created report: Optional[file:///home/prerit/Projects-Code/My-Learning/DSA-Pepcoding/Basics/GradingSystem.java]
2026.05.10 15:43:12 INFO  QDox parse error in file:///home/prerit/Projects-Code/My-Learning/DSA-Pepcoding/Basics/GradingSystem.java (full report at: "/home/prerit/Projects-Code/My-Learning/DSA-Pepcoding/.metals/.reports/metals-full/2026-05-10/r_qdox-error_15-43-12-113.md")
2026.05.10 15:43:12 INFO  no build target found for /home/prerit/Projects-Code/My-Learning/DSA-Pepcoding/Basics/GradingSystem.java. Using fallback presentation compiler.
2026.05.10 15:43:12 INFO  no build target found for /home/prerit/Projects-Code/My-Learning/DSA-Pepcoding/Basics/GradingSystem.java. Using fallback presentation compiler.
2026.05.10 15:43:12 INFO  no build target found for /home/prerit/Projects-Code/My-Learning/DSA-Pepcoding/Basics/GradingSystem.java. Using fallback presentation compiler.
2026.05.10 15:43:13 INFO  no build target found for /home/prerit/Projects-Code/My-Learning/DSA-Pepcoding/Basics/GradingSystem.java. Using fallback presentation compiler.
2026.05.10 15:43:14 INFO  no build target found for /home/prerit/Projects-Code/My-Learning/DSA-Pepcoding/Basics/GradingSystem.java. Using fallback presentation compiler.
2026.05.10 15:43:13 INFO  no build target found for /home/prerit/Projects-Code/My-Learning/DSA-Pepcoding/Basics/GradingSystem.java. Using fallback presentation compiler.
2026.05.10 15:43:15 INFO  no build target found for /home/prerit/Projects-Code/My-Learning/DSA-Pepcoding/Basics/GradingSystem.java. Using fallback presentation compiler.
2026.05.10 15:43:17 INFO  no build target found for /home/prerit/Projects-Code/My-Learning/DSA-Pepcoding/Basics/GradingSystem.java. Using fallback presentation compiler.
2026.05.10 15:43:17 INFO  no build target found for /home/prerit/Projects-Code/My-Learning/DSA-Pepcoding/Basics/GradingSystem.java. Using fallback presentation compiler.
2026.05.10 15:43:17 WARN  Running javac-semanticdb failed for file:///home/prerit/Projects-Code/My-Learning/DSA-Pepcoding/Basics/GradingSystem.java. Output:

2026.05.10 15:43:17 INFO  no build target found for /home/prerit/Projects-Code/My-Learning/DSA-Pepcoding/Basics/GradingSystem.java. Using fallback presentation compiler.
2026.05.10 15:43:17 INFO  no build target found for /home/prerit/Projects-Code/My-Learning/DSA-Pepcoding/Basics/GradingSystem.java. Using fallback presentation compiler.
2026.05.10 15:43:18 INFO  no build target found for /home/prerit/Projects-Code/My-Learning/DSA-Pepcoding/Basics/GradingSystem.java. Using fallback presentation compiler.
2026.05.10 15:43:18 INFO  QDox parse error in file:///home/prerit/Projects-Code/My-Learning/DSA-Pepcoding/Basics/GradingSystem.java (full report at: "/home/prerit/Projects-Code/My-Learning/DSA-Pepcoding/.metals/.reports/metals-full/2026-05-10/r_qdox-error_15-43-12-113.md")
2026.05.10 15:43:17 WARN  no build target for: /home/prerit/Projects-Code/My-Learning/DSA-Pepcoding/Basics/GradingSystem.java
2026.05.10 15:43:18 INFO  no build target found for /home/prerit/Projects-Code/My-Learning/DSA-Pepcoding/Basics/GradingSystem.java. Using fallback presentation compiler.
2026.05.10 15:43:18 INFO  no build target found for /home/prerit/Projects-Code/My-Learning/DSA-Pepcoding/Basics/GradingSystem.java. Using fallback presentation compiler.
2026.05.10 15:43:18 INFO  no build target found for /home/prerit/Projects-Code/My-Learning/DSA-Pepcoding/Basics/GradingSystem.java. Using fallback presentation compiler.
2026.05.10 15:43:18 INFO  no build target found for /home/prerit/Projects-Code/My-Learning/DSA-Pepcoding/Basics/GradingSystem.java. Using fallback presentation compiler.
2026.05.10 15:43:18 INFO  no build target found for /home/prerit/Projects-Code/My-Learning/DSA-Pepcoding/Basics/GradingSystem.java. Using fallback presentation compiler.
2026.05.10 15:43:18 INFO  no build target found for /home/prerit/Projects-Code/My-Learning/DSA-Pepcoding/Basics/GradingSystem.java. Using fallback presentation compiler.
2026.05.10 15:43:19 WARN  Running javac-semanticdb failed for file:///home/prerit/Projects-Code/My-Learning/DSA-Pepcoding/Basics/GradingSystem.java. Output:

2026.05.10 15:43:20 INFO  no build target found for /home/prerit/Projects-Code/My-Learning/DSA-Pepcoding/Basics/GradingSystem.java. Using fallback presentation compiler.
2026.05.10 15:43:20 INFO  no build target found for /home/prerit/Projects-Code/My-Learning/DSA-Pepcoding/Basics/GradingSystem.java. Using fallback presentation compiler.
2026.05.10 15:43:19 WARN  no build target for: /home/prerit/Projects-Code/My-Learning/DSA-Pepcoding/Basics/GradingSystem.java
2026.05.10 15:43:20 INFO  QDox parse error in file:///home/prerit/Projects-Code/My-Learning/DSA-Pepcoding/Basics/GradingSystem.java (full report at: "/home/prerit/Projects-Code/My-Learning/DSA-Pepcoding/.metals/.reports/metals-full/2026-05-10/r_qdox-error_15-43-12-113.md")
2026.05.10 15:43:20 INFO  no build target found for /home/prerit/Projects-Code/My-Learning/DSA-Pepcoding/Basics/GradingSystem.java. Using fallback presentation compiler.
2026.05.10 15:43:20 INFO  no build target found for /home/prerit/Projects-Code/My-Learning/DSA-Pepcoding/Basics/GradingSystem.java. Using fallback presentation compiler.
2026.05.10 15:43:20 INFO  no build target found for /home/prerit/Projects-Code/My-Learning/DSA-Pepcoding/Basics/GradingSystem.java. Using fallback presentation compiler.
2026.05.10 15:43:21 WARN  Running javac-semanticdb failed for file:///home/prerit/Projects-Code/My-Learning/DSA-Pepcoding/Basics/GradingSystem.java. Output:

2026.05.10 15:43:21 INFO  no build target found for /home/prerit/Projects-Code/My-Learning/DSA-Pepcoding/Basics/GradingSystem.java. Using fallback presentation compiler.
2026.05.10 15:43:21 WARN  no build target for: /home/prerit/Projects-Code/My-Learning/DSA-Pepcoding/Basics/GradingSystem.java
2026.05.10 15:43:21 INFO  no build target found for /home/prerit/Projects-Code/My-Learning/DSA-Pepcoding/Basics/GradingSystem.java. Using fallback presentation compiler.
2026.05.10 15:43:27 INFO  no build target found for /home/prerit/Projects-Code/My-Learning/DSA-Pepcoding/Basics/GradingSystem.java. Using fallback presentation compiler.
2026.05.10 15:43:27 INFO  no build target found for /home/prerit/Projects-Code/My-Learning/DSA-Pepcoding/Basics/GradingSystem.java. Using fallback presentation compiler.
2026.05.10 15:43:27 INFO  no build target found for /home/prerit/Projects-Code/My-Learning/DSA-Pepcoding/Basics/GradingSystem.java. Using fallback presentation compiler.
2026.05.10 15:43:27 INFO  no build target found for /home/prerit/Projects-Code/My-Learning/DSA-Pepcoding/Basics/GradingSystem.java. Using fallback presentation compiler.
2026.05.10 15:43:29 INFO  no build target found for /home/prerit/Projects-Code/My-Learning/DSA-Pepcoding/Basics/GradingSystem.java. Using fallback presentation compiler.
2026.05.10 15:43:29 INFO  no build target found for /home/prerit/Projects-Code/My-Learning/DSA-Pepcoding/Basics/GradingSystem.java. Using fallback presentation compiler.
2026.05.10 15:43:29 INFO  no build target found for /home/prerit/Projects-Code/My-Learning/DSA-Pepcoding/Basics/GradingSystem.java. Using fallback presentation compiler.
2026.05.10 15:43:29 INFO  no build target found for /home/prerit/Projects-Code/My-Learning/DSA-Pepcoding/Basics/GradingSystem.java. Using fallback presentation compiler.
2026.05.10 15:43:29 INFO  no build target found for /home/prerit/Projects-Code/My-Learning/DSA-Pepcoding/Basics/GradingSystem.java. Using fallback presentation compiler.
2026.05.10 15:43:29 INFO  no build target found for /home/prerit/Projects-Code/My-Learning/DSA-Pepcoding/Basics/GradingSystem.java. Using fallback presentation compiler.
2026.05.10 15:43:29 INFO  no build target found for /home/prerit/Projects-Code/My-Learning/DSA-Pepcoding/Basics/GradingSystem.java. Using fallback presentation compiler.
2026.05.10 15:43:29 INFO  no build target found for /home/prerit/Projects-Code/My-Learning/DSA-Pepcoding/Basics/GradingSystem.java. Using fallback presentation compiler.
2026.05.10 15:43:29 INFO  no build target found for /home/prerit/Projects-Code/My-Learning/DSA-Pepcoding/Basics/GradingSystem.java. Using fallback presentation compiler.
2026.05.10 15:43:30 INFO  no build target found for /home/prerit/Projects-Code/My-Learning/DSA-Pepcoding/Basics/GradingSystem.java. Using fallback presentation compiler.
2026.05.10 15:43:30 INFO  no build target found for /home/prerit/Projects-Code/My-Learning/DSA-Pepcoding/Basics/GradingSystem.java. Using fallback presentation compiler.
2026.05.10 15:43:30 INFO  no build target found for /home/prerit/Projects-Code/My-Learning/DSA-Pepcoding/Basics/GradingSystem.java. Using fallback presentation compiler.
2026.05.10 15:43:30 INFO  no build target found for /home/prerit/Projects-Code/My-Learning/DSA-Pepcoding/Basics/GradingSystem.java. Using fallback presentation compiler.
2026.05.10 15:43:30 INFO  no build target found for /home/prerit/Projects-Code/My-Learning/DSA-Pepcoding/Basics/GradingSystem.java. Using fallback presentation compiler.
2026.05.10 15:43:30 INFO  no build target found for /home/prerit/Projects-Code/My-Learning/DSA-Pepcoding/Basics/GradingSystem.java. Using fallback presentation compiler.
2026.05.10 15:43:30 INFO  no build target found for /home/prerit/Projects-Code/My-Learning/DSA-Pepcoding/Basics/GradingSystem.java. Using fallback presentation compiler.
2026.05.10 15:43:31 INFO  no build target found for /home/prerit/Projects-Code/My-Learning/DSA-Pepcoding/Basics/GradingSystem.java. Using fallback presentation compiler.
2026.05.10 15:43:31 INFO  no build target found for /home/prerit/Projects-Code/My-Learning/DSA-Pepcoding/Basics/GradingSystem.java. Using fallback presentation compiler.
2026.05.10 15:43:31 INFO  no build target found for /home/prerit/Projects-Code/My-Learning/DSA-Pepcoding/Basics/GradingSystem.java. Using fallback presentation compiler.
2026.05.10 15:43:31 INFO  no build target found for /home/prerit/Projects-Code/My-Learning/DSA-Pepcoding/Basics/GradingSystem.java. Using fallback presentation compiler.
2026.05.10 15:43:31 INFO  no build target found for /home/prerit/Projects-Code/My-Learning/DSA-Pepcoding/Basics/GradingSystem.java. Using fallback presentation compiler.
2026.05.10 15:43:32 INFO  no build target found for /home/prerit/Projects-Code/My-Learning/DSA-Pepcoding/Basics/GradingSystem.java. Using fallback presentation compiler.
2026.05.10 15:43:33 INFO  no build target found for /home/prerit/Projects-Code/My-Learning/DSA-Pepcoding/Basics/GradingSystem.java. Using fallback presentation compiler.
2026.05.10 15:43:33 INFO  no build target found for /home/prerit/Projects-Code/My-Learning/DSA-Pepcoding/Basics/GradingSystem.java. Using fallback presentation compiler.
2026.05.10 15:43:33 INFO  no build target found for /home/prerit/Projects-Code/My-Learning/DSA-Pepcoding/Basics/GradingSystem.java. Using fallback presentation compiler.
2026.05.10 15:43:33 INFO  no build target found for /home/prerit/Projects-Code/My-Learning/DSA-Pepcoding/Basics/GradingSystem.java. Using fallback presentation compiler.
2026.05.10 15:43:33 INFO  no build target found for /home/prerit/Projects-Code/My-Learning/DSA-Pepcoding/Basics/GradingSystem.java. Using fallback presentation compiler.
May 10, 2026 3:43:33 PM org.eclipse.lsp4j.jsonrpc.RemoteEndpoint handleCancellation
WARNING: Unmatched cancel notification for request id 94
2026.05.10 15:43:34 INFO  no build target found for /home/prerit/Projects-Code/My-Learning/DSA-Pepcoding/Basics/GradingSystem.java. Using fallback presentation compiler.
2026.05.10 15:43:34 INFO  no build target found for /home/prerit/Projects-Code/My-Learning/DSA-Pepcoding/Basics/GradingSystem.java. Using fallback presentation compiler.
2026.05.10 15:43:34 INFO  no build target found for /home/prerit/Projects-Code/My-Learning/DSA-Pepcoding/Basics/GradingSystem.java. Using fallback presentation compiler.
2026.05.10 15:43:34 INFO  no build target found for /home/prerit/Projects-Code/My-Learning/DSA-Pepcoding/Basics/GradingSystem.java. Using fallback presentation compiler.
2026.05.10 15:43:34 INFO  no build target found for /home/prerit/Projects-Code/My-Learning/DSA-Pepcoding/Basics/GradingSystem.java. Using fallback presentation compiler.
2026.05.10 15:43:34 INFO  no build target found for /home/prerit/Projects-Code/My-Learning/DSA-Pepcoding/Basics/GradingSystem.java. Using fallback presentation compiler.
2026.05.10 15:43:34 INFO  no build target found for /home/prerit/Projects-Code/My-Learning/DSA-Pepcoding/Basics/GradingSystem.java. Using fallback presentation compiler.
2026.05.10 15:43:34 INFO  no build target found for /home/prerit/Projects-Code/My-Learning/DSA-Pepcoding/Basics/GradingSystem.java. Using fallback presentation compiler.
2026.05.10 15:43:34 INFO  no build target found for /home/prerit/Projects-Code/My-Learning/DSA-Pepcoding/Basics/GradingSystem.java. Using fallback presentation compiler.
2026.05.10 15:43:34 INFO  no build target found for /home/prerit/Projects-Code/My-Learning/DSA-Pepcoding/Basics/GradingSystem.java. Using fallback presentation compiler.
2026.05.10 15:43:35 INFO  no build target found for /home/prerit/Projects-Code/My-Learning/DSA-Pepcoding/Basics/GradingSystem.java. Using fallback presentation compiler.
2026.05.10 15:43:35 INFO  no build target found for /home/prerit/Projects-Code/My-Learning/DSA-Pepcoding/Basics/GradingSystem.java. Using fallback presentation compiler.
2026.05.10 15:43:35 INFO  no build target found for /home/prerit/Projects-Code/My-Learning/DSA-Pepcoding/Basics/GradingSystem.java. Using fallback presentation compiler.
2026.05.10 15:43:35 INFO  no build target found for /home/prerit/Projects-Code/My-Learning/DSA-Pepcoding/Basics/GradingSystem.java. Using fallback presentation compiler.
May 10, 2026 3:43:36 PM org.eclipse.lsp4j.jsonrpc.RemoteEndpoint handleCancellation
WARNING: Unmatched cancel notification for request id 109
2026.05.10 15:43:36 INFO  no build target found for /home/prerit/Projects-Code/My-Learning/DSA-Pepcoding/Basics/GradingSystem.java. Using fallback presentation compiler.
2026.05.10 15:43:36 INFO  no build target found for /home/prerit/Projects-Code/My-Learning/DSA-Pepcoding/Basics/GradingSystem.java. Using fallback presentation compiler.
2026.05.10 15:43:36 INFO  no build target found for /home/prerit/Projects-Code/My-Learning/DSA-Pepcoding/Basics/GradingSystem.java. Using fallback presentation compiler.
2026.05.10 15:43:36 WARN  no build target for: /home/prerit/Projects-Code/My-Learning/DSA-Pepcoding/Basics/GradingSystem.java
May 10, 2026 3:43:36 PM org.eclipse.lsp4j.jsonrpc.RemoteEndpoint handleCancellation
WARNING: Unmatched cancel notification for request id 118
2026.05.10 15:43:36 INFO  no build target found for /home/prerit/Projects-Code/My-Learning/DSA-Pepcoding/Basics/GradingSystem.java. Using fallback presentation compiler.
2026.05.10 15:43:37 WARN  Running javac-semanticdb failed for file:///home/prerit/Projects-Code/My-Learning/DSA-Pepcoding/Basics/GradingSystem.java. Output:

2026.05.10 15:43:37 INFO  no build target found for /home/prerit/Projects-Code/My-Learning/DSA-Pepcoding/Basics/GradingSystem.java. Using fallback presentation compiler.
2026.05.10 15:43:38 INFO  no build target found for /home/prerit/Projects-Code/My-Learning/DSA-Pepcoding/Basics/GradingSystem.java. Using fallback presentation compiler.
2026.05.10 15:43:38 INFO  no build target found for /home/prerit/Projects-Code/My-Learning/DSA-Pepcoding/Basics/GradingSystem.java. Using fallback presentation compiler.
2026.05.10 15:43:38 INFO  no build target found for /home/prerit/Projects-Code/My-Learning/DSA-Pepcoding/Basics/GradingSystem.java. Using fallback presentation compiler.
2026.05.10 15:43:38 INFO  no build target found for /home/prerit/Projects-Code/My-Learning/DSA-Pepcoding/Basics/GradingSystem.java. Using fallback presentation compiler.
2026.05.10 15:43:38 INFO  no build target found for /home/prerit/Projects-Code/My-Learning/DSA-Pepcoding/Basics/GradingSystem.java. Using fallback presentation compiler.
2026.05.10 15:43:38 INFO  no build target found for /home/prerit/Projects-Code/My-Learning/DSA-Pepcoding/Basics/GradingSystem.java. Using fallback presentation compiler.
2026.05.10 15:43:38 INFO  no build target found for /home/prerit/Projects-Code/My-Learning/DSA-Pepcoding/Basics/GradingSystem.java. Using fallback presentation compiler.
2026.05.10 15:43:38 INFO  no build target found for /home/prerit/Projects-Code/My-Learning/DSA-Pepcoding/Basics/GradingSystem.java. Using fallback presentation compiler.
2026.05.10 15:43:38 INFO  no build target found for /home/prerit/Projects-Code/My-Learning/DSA-Pepcoding/Basics/GradingSystem.java. Using fallback presentation compiler.
2026.05.10 15:43:38 INFO  no build target found for /home/prerit/Projects-Code/My-Learning/DSA-Pepcoding/Basics/GradingSystem.java. Using fallback presentation compiler.
2026.05.10 15:43:39 INFO  no build target found for /home/prerit/Projects-Code/My-Learning/DSA-Pepcoding/Basics/GradingSystem.java. Using fallback presentation compiler.
2026.05.10 15:43:39 INFO  no build target found for /home/prerit/Projects-Code/My-Learning/DSA-Pepcoding/Basics/GradingSystem.java. Using fallback presentation compiler.
2026.05.10 15:43:39 INFO  no build target found for /home/prerit/Projects-Code/My-Learning/DSA-Pepcoding/Basics/GradingSystem.java. Using fallback presentation compiler.
2026.05.10 15:43:39 INFO  no build target found for /home/prerit/Projects-Code/My-Learning/DSA-Pepcoding/Basics/GradingSystem.java. Using fallback presentation compiler.
2026.05.10 15:43:39 INFO  no build target found for /home/prerit/Projects-Code/My-Learning/DSA-Pepcoding/Basics/GradingSystem.java. Using fallback presentation compiler.
2026.05.10 15:43:39 INFO  no build target found for /home/prerit/Projects-Code/My-Learning/DSA-Pepcoding/Basics/GradingSystem.java. Using fallback presentation compiler.
2026.05.10 15:43:40 WARN  Running javac-semanticdb failed for file:///home/prerit/Projects-Code/My-Learning/DSA-Pepcoding/Basics/GradingSystem.java. Output:

2026.05.10 15:43:40 INFO  no build target found for /home/prerit/Projects-Code/My-Learning/DSA-Pepcoding/Basics/GradingSystem.java. Using fallback presentation compiler.
2026.05.10 15:43:40 INFO  no build target found for /home/prerit/Projects-Code/My-Learning/DSA-Pepcoding/Basics/GradingSystem.java. Using fallback presentation compiler.
2026.05.10 15:43:41 INFO  no build target found for /home/prerit/Projects-Code/My-Learning/DSA-Pepcoding/Basics/GradingSystem.java. Using fallback presentation compiler.
2026.05.10 15:43:40 INFO  no build target found for /home/prerit/Projects-Code/My-Learning/DSA-Pepcoding/Basics/GradingSystem.java. Using fallback presentation compiler.
2026.05.10 15:43:41 INFO  no build target found for /home/prerit/Projects-Code/My-Learning/DSA-Pepcoding/Basics/GradingSystem.java. Using fallback presentation compiler.
2026.05.10 15:43:42 WARN  no build target for: /home/prerit/Projects-Code/My-Learning/DSA-Pepcoding/Basics/GradingSystem.java
2026.05.10 15:43:41 INFO  no build target found for /home/prerit/Projects-Code/My-Learning/DSA-Pepcoding/Basics/GradingSystem.java. Using fallback presentation compiler.
2026.05.10 15:43:43 INFO  no build target found for /home/prerit/Projects-Code/My-Learning/DSA-Pepcoding/Basics/GradingSystem.java. Using fallback presentation compiler.
2026.05.10 15:43:44 INFO  no build target found for /home/prerit/Projects-Code/My-Learning/DSA-Pepcoding/Basics/GradingSystem.java. Using fallback presentation compiler.
2026.05.10 15:43:44 INFO  no build target found for /home/prerit/Projects-Code/My-Learning/DSA-Pepcoding/Basics/GradingSystem.java. Using fallback presentation compiler.
2026.05.10 15:43:44 INFO  no build target found for /home/prerit/Projects-Code/My-Learning/DSA-Pepcoding/Basics/GradingSystem.java. Using fallback presentation compiler.
2026.05.10 15:43:44 INFO  no build target found for /home/prerit/Projects-Code/My-Learning/DSA-Pepcoding/Basics/GradingSystem.java. Using fallback presentation compiler.
2026.05.10 15:43:45 WARN  Running javac-semanticdb failed for file:///home/prerit/Projects-Code/My-Learning/DSA-Pepcoding/Basics/GradingSystem.java. Output:

2026.05.10 15:43:45 INFO  no build target found for /home/prerit/Projects-Code/My-Learning/DSA-Pepcoding/Basics/GradingSystem.java. Using fallback presentation compiler.
2026.05.10 15:43:44 INFO  no build target found for /home/prerit/Projects-Code/My-Learning/DSA-Pepcoding/Basics/GradingSystem.java. Using fallback presentation compiler.
2026.05.10 15:43:45 INFO  no build target found for /home/prerit/Projects-Code/My-Learning/DSA-Pepcoding/Basics/GradingSystem.java. Using fallback presentation compiler.
2026.05.10 15:43:45 INFO  no build target found for /home/prerit/Projects-Code/My-Learning/DSA-Pepcoding/Basics/GradingSystem.java. Using fallback presentation compiler.
2026.05.10 15:43:46 INFO  no build target found for /home/prerit/Projects-Code/My-Learning/DSA-Pepcoding/Basics/GradingSystem.java. Using fallback presentation compiler.
2026.05.10 15:43:46 WARN  Running javac-semanticdb failed for file:///home/prerit/Projects-Code/My-Learning/DSA-Pepcoding/Basics/GradingSystem.java. Output:

2026.05.10 15:43:45 INFO  no build target found for /home/prerit/Projects-Code/My-Learning/DSA-Pepcoding/Basics/GradingSystem.java. Using fallback presentation compiler.
2026.05.10 15:43:46 WARN  no build target for: /home/prerit/Projects-Code/My-Learning/DSA-Pepcoding/Basics/GradingSystem.java
2026.05.10 15:43:46 INFO  no build target found for /home/prerit/Projects-Code/My-Learning/DSA-Pepcoding/Basics/GradingSystem.java. Using fallback presentation compiler.
2026.05.10 15:43:46 INFO  no build target found for /home/prerit/Projects-Code/My-Learning/DSA-Pepcoding/Basics/GradingSystem.java. Using fallback presentation compiler.
2026.05.10 15:43:47 INFO  no build target found for /home/prerit/Projects-Code/My-Learning/DSA-Pepcoding/Basics/GradingSystem.java. Using fallback presentation compiler.
2026.05.10 15:43:46 INFO  no build target found for /home/prerit/Projects-Code/My-Learning/DSA-Pepcoding/Basics/GradingSystem.java. Using fallback presentation compiler.
2026.05.10 15:43:47 INFO  no build target found for /home/prerit/Projects-Code/My-Learning/DSA-Pepcoding/Basics/GradingSystem.java. Using fallback presentation compiler.
2026.05.10 15:43:48 INFO  no build target found for /home/prerit/Projects-Code/My-Learning/DSA-Pepcoding/Basics/GradingSystem.java. Using fallback presentation compiler.
2026.05.10 15:43:48 INFO  no build target found for /home/prerit/Projects-Code/My-Learning/DSA-Pepcoding/Basics/GradingSystem.java. Using fallback presentation compiler.
May 10, 2026 3:43:48 PM org.eclipse.lsp4j.jsonrpc.RemoteEndpoint handleCancellation
WARNING: Unmatched cancel notification for request id 187
2026.05.10 15:43:48 INFO  no build target found for /home/prerit/Projects-Code/My-Learning/DSA-Pepcoding/Basics/GradingSystem.java. Using fallback presentation compiler.
2026.05.10 15:43:48 INFO  no build target found for /home/prerit/Projects-Code/My-Learning/DSA-Pepcoding/Basics/GradingSystem.java. Using fallback presentation compiler.
2026.05.10 15:43:48 INFO  no build target found for /home/prerit/Projects-Code/My-Learning/DSA-Pepcoding/Basics/GradingSystem.java. Using fallback presentation compiler.
2026.05.10 15:43:48 INFO  no build target found for /home/prerit/Projects-Code/My-Learning/DSA-Pepcoding/Basics/GradingSystem.java. Using fallback presentation compiler.
2026.05.10 15:43:48 INFO  no build target found for /home/prerit/Projects-Code/My-Learning/DSA-Pepcoding/Basics/GradingSystem.java. Using fallback presentation compiler.
2026.05.10 15:43:48 INFO  no build target found for /home/prerit/Projects-Code/My-Learning/DSA-Pepcoding/Basics/GradingSystem.java. Using fallback presentation compiler.
2026.05.10 15:43:48 INFO  no build target found for /home/prerit/Projects-Code/My-Learning/DSA-Pepcoding/Basics/GradingSystem.java. Using fallback presentation compiler.
2026.05.10 15:43:49 INFO  no build target found for /home/prerit/Projects-Code/My-Learning/DSA-Pepcoding/Basics/GradingSystem.java. Using fallback presentation compiler.
2026.05.10 15:43:49 INFO  no build target found for /home/prerit/Projects-Code/My-Learning/DSA-Pepcoding/Basics/GradingSystem.java. Using fallback presentation compiler.
2026.05.10 15:43:49 INFO  no build target found for /home/prerit/Projects-Code/My-Learning/DSA-Pepcoding/Basics/GradingSystem.java. Using fallback presentation compiler.
2026.05.10 15:43:49 INFO  no build target found for /home/prerit/Projects-Code/My-Learning/DSA-Pepcoding/Basics/GradingSystem.java. Using fallback presentation compiler.
2026.05.10 15:43:49 INFO  no build target found for /home/prerit/Projects-Code/My-Learning/DSA-Pepcoding/Basics/GradingSystem.java. Using fallback presentation compiler.
2026.05.10 15:43:49 INFO  no build target found for /home/prerit/Projects-Code/My-Learning/DSA-Pepcoding/Basics/GradingSystem.java. Using fallback presentation compiler.
2026.05.10 15:43:49 INFO  no build target found for /home/prerit/Projects-Code/My-Learning/DSA-Pepcoding/Basics/GradingSystem.java. Using fallback presentation compiler.
2026.05.10 15:43:50 INFO  no build target found for /home/prerit/Projects-Code/My-Learning/DSA-Pepcoding/Basics/GradingSystem.java. Using fallback presentation compiler.
2026.05.10 15:43:51 INFO  no build target found for /home/prerit/Projects-Code/My-Learning/DSA-Pepcoding/Basics/GradingSystem.java. Using fallback presentation compiler.
2026.05.10 15:43:52 WARN  no build target for: /home/prerit/Projects-Code/My-Learning/DSA-Pepcoding/Basics/GradingSystem.java
2026.05.10 15:43:52 INFO  no build target found for /home/prerit/Projects-Code/My-Learning/DSA-Pepcoding/Basics/GradingSystem.java. Using fallback presentation compiler.
2026.05.10 15:43:52 INFO  no build target found for /home/prerit/Projects-Code/My-Learning/DSA-Pepcoding/Basics/GradingSystem.java. Using fallback presentation compiler.
2026.05.10 15:43:53 INFO  no build target found for /home/prerit/Projects-Code/My-Learning/DSA-Pepcoding/Basics/GradingSystem.java. Using fallback presentation compiler.
2026.05.10 15:43:53 INFO  no build target found for /home/prerit/Projects-Code/My-Learning/DSA-Pepcoding/Basics/GradingSystem.java. Using fallback presentation compiler.
2026.05.10 15:43:53 INFO  no build target found for /home/prerit/Projects-Code/My-Learning/DSA-Pepcoding/Basics/GradingSystem.java. Using fallback presentation compiler.
2026.05.10 15:43:53 INFO  no build target found for /home/prerit/Projects-Code/My-Learning/DSA-Pepcoding/Basics/GradingSystem.java. Using fallback presentation compiler.
2026.05.10 15:43:53 INFO  no build target found for /home/prerit/Projects-Code/My-Learning/DSA-Pepcoding/Basics/GradingSystem.java. Using fallback presentation compiler.
2026.05.10 15:43:53 INFO  no build target found for /home/prerit/Projects-Code/My-Learning/DSA-Pepcoding/Basics/GradingSystem.java. Using fallback presentation compiler.
2026.05.10 15:43:55 INFO  no build target found for /home/prerit/Projects-Code/My-Learning/DSA-Pepcoding/Basics/GradingSystem.java. Using fallback presentation compiler.
2026.05.10 15:43:55 WARN  no build target for: /home/prerit/Projects-Code/My-Learning/DSA-Pepcoding/Basics/GradingSystem.java
2026.05.10 15:43:55 INFO  no build target found for /home/prerit/Projects-Code/My-Learning/DSA-Pepcoding/Basics/GradingSystem.java. Using fallback presentation compiler.
2026.05.10 15:43:55 INFO  no build target found for /home/prerit/Projects-Code/My-Learning/DSA-Pepcoding/Basics/GradingSystem.java. Using fallback presentation compiler.
2026.05.10 15:43:55 INFO  no build target found for /home/prerit/Projects-Code/My-Learning/DSA-Pepcoding/Basics/GradingSystem.java. Using fallback presentation compiler.
2026.05.10 15:43:55 INFO  no build target found for /home/prerit/Projects-Code/My-Learning/DSA-Pepcoding/Basics/GradingSystem.java. Using fallback presentation compiler.
2026.05.10 15:43:55 INFO  no build target found for /home/prerit/Projects-Code/My-Learning/DSA-Pepcoding/Basics/GradingSystem.java. Using fallback presentation compiler.
2026.05.10 15:43:55 WARN  Running javac-semanticdb failed for file:///home/prerit/Projects-Code/My-Learning/DSA-Pepcoding/Basics/GradingSystem.java. Output:

2026.05.10 15:43:56 INFO  no build target found for /home/prerit/Projects-Code/My-Learning/DSA-Pepcoding/Basics/GradingSystem.java. Using fallback presentation compiler.
2026.05.10 15:43:56 WARN  no build target for: /home/prerit/Projects-Code/My-Learning/DSA-Pepcoding/Basics/GradingSystem.java
2026.05.10 15:43:56 INFO  no build target found for /home/prerit/Projects-Code/My-Learning/DSA-Pepcoding/Basics/GradingSystem.java. Using fallback presentation compiler.
2026.05.10 15:43:56 INFO  no build target found for /home/prerit/Projects-Code/My-Learning/DSA-Pepcoding/Basics/GradingSystem.java. Using fallback presentation compiler.
2026.05.10 15:43:56 INFO  no build target found for /home/prerit/Projects-Code/My-Learning/DSA-Pepcoding/Basics/GradingSystem.java. Using fallback presentation compiler.
2026.05.10 15:43:56 INFO  no build target found for /home/prerit/Projects-Code/My-Learning/DSA-Pepcoding/Basics/GradingSystem.java. Using fallback presentation compiler.
2026.05.10 15:43:57 INFO  no build target found for /home/prerit/Projects-Code/My-Learning/DSA-Pepcoding/Basics/GradingSystem.java. Using fallback presentation compiler.
2026.05.10 15:43:57 INFO  no build target found for /home/prerit/Projects-Code/My-Learning/DSA-Pepcoding/Basics/GradingSystem.java. Using fallback presentation compiler.
2026.05.10 15:43:57 INFO  no build target found for /home/prerit/Projects-Code/My-Learning/DSA-Pepcoding/Basics/GradingSystem.java. Using fallback presentation compiler.
2026.05.10 15:43:57 INFO  no build target found for /home/prerit/Projects-Code/My-Learning/DSA-Pepcoding/Basics/GradingSystem.java. Using fallback presentation compiler.
2026.05.10 15:43:57 INFO  no build target found for /home/prerit/Projects-Code/My-Learning/DSA-Pepcoding/Basics/GradingSystem.java. Using fallback presentation compiler.
2026.05.10 15:43:57 INFO  no build target found for /home/prerit/Projects-Code/My-Learning/DSA-Pepcoding/Basics/GradingSystem.java. Using fallback presentation compiler.
2026.05.10 15:43:58 INFO  no build target found for /home/prerit/Projects-Code/My-Learning/DSA-Pepcoding/Basics/GradingSystem.java. Using fallback presentation compiler.
2026.05.10 15:43:57 INFO  no build target found for /home/prerit/Projects-Code/My-Learning/DSA-Pepcoding/Basics/GradingSystem.java. Using fallback presentation compiler.
2026.05.10 15:43:57 INFO  no build target found for /home/prerit/Projects-Code/My-Learning/DSA-Pepcoding/Basics/GradingSystem.java. Using fallback presentation compiler.
2026.05.10 15:43:57 INFO  no build target found for /home/prerit/Projects-Code/My-Learning/DSA-Pepcoding/Basics/GradingSystem.java. Using fallback presentation compiler.
2026.05.10 15:43:58 INFO  no build target found for /home/prerit/Projects-Code/My-Learning/DSA-Pepcoding/Basics/GradingSystem.java. Using fallback presentation compiler.
2026.05.10 15:43:58 INFO  no build target found for /home/prerit/Projects-Code/My-Learning/DSA-Pepcoding/Basics/GradingSystem.java. Using fallback presentation compiler.
2026.05.10 15:43:58 INFO  no build target found for /home/prerit/Projects-Code/My-Learning/DSA-Pepcoding/Basics/GradingSystem.java. Using fallback presentation compiler.
2026.05.10 15:43:58 INFO  no build target found for /home/prerit/Projects-Code/My-Learning/DSA-Pepcoding/Basics/GradingSystem.java. Using fallback presentation compiler.
2026.05.10 15:43:58 INFO  no build target found for /home/prerit/Projects-Code/My-Learning/DSA-Pepcoding/Basics/GradingSystem.java. Using fallback presentation compiler.
2026.05.10 15:43:58 INFO  no build target found for /home/prerit/Projects-Code/My-Learning/DSA-Pepcoding/Basics/GradingSystem.java. Using fallback presentation compiler.
2026.05.10 15:43:58 INFO  no build target found for /home/prerit/Projects-Code/My-Learning/DSA-Pepcoding/Basics/GradingSystem.java. Using fallback presentation compiler.
2026.05.10 15:43:58 INFO  no build target found for /home/prerit/Projects-Code/My-Learning/DSA-Pepcoding/Basics/GradingSystem.java. Using fallback presentation compiler.
2026.05.10 15:43:58 INFO  no build target found for /home/prerit/Projects-Code/My-Learning/DSA-Pepcoding/Basics/GradingSystem.java. Using fallback presentation compiler.
2026.05.10 15:43:59 INFO  no build target found for /home/prerit/Projects-Code/My-Learning/DSA-Pepcoding/Basics/GradingSystem.java. Using fallback presentation compiler.
2026.05.10 15:43:58 INFO  no build target found for /home/prerit/Projects-Code/My-Learning/DSA-Pepcoding/Basics/GradingSystem.java. Using fallback presentation compiler.
May 10, 2026 3:43:59 PM org.eclipse.lsp4j.jsonrpc.RemoteEndpoint handleCancellation
WARNING: Unmatched cancel notification for request id 262
2026.05.10 15:43:59 INFO  no build target found for /home/prerit/Projects-Code/My-Learning/DSA-Pepcoding/Basics/GradingSystem.java. Using fallback presentation compiler.
2026.05.10 15:43:59 INFO  no build target found for /home/prerit/Projects-Code/My-Learning/DSA-Pepcoding/Basics/GradingSystem.java. Using fallback presentation compiler.
2026.05.10 15:43:59 INFO  no build target found for /home/prerit/Projects-Code/My-Learning/DSA-Pepcoding/Basics/GradingSystem.java. Using fallback presentation compiler.
2026.05.10 15:43:59 INFO  no build target found for /home/prerit/Projects-Code/My-Learning/DSA-Pepcoding/Basics/GradingSystem.java. Using fallback presentation compiler.
2026.05.10 15:43:59 INFO  no build target found for /home/prerit/Projects-Code/My-Learning/DSA-Pepcoding/Basics/GradingSystem.java. Using fallback presentation compiler.
2026.05.10 15:43:59 INFO  no build target found for /home/prerit/Projects-Code/My-Learning/DSA-Pepcoding/Basics/GradingSystem.java. Using fallback presentation compiler.
2026.05.10 15:43:59 INFO  no build target found for /home/prerit/Projects-Code/My-Learning/DSA-Pepcoding/Basics/GradingSystem.java. Using fallback presentation compiler.
2026.05.10 15:43:59 INFO  no build target found for /home/prerit/Projects-Code/My-Learning/DSA-Pepcoding/Basics/GradingSystem.java. Using fallback presentation compiler.
2026.05.10 15:44:00 INFO  no build target found for /home/prerit/Projects-Code/My-Learning/DSA-Pepcoding/Basics/GradingSystem.java. Using fallback presentation compiler.
2026.05.10 15:43:59 INFO  no build target found for /home/prerit/Projects-Code/My-Learning/DSA-Pepcoding/Basics/GradingSystem.java. Using fallback presentation compiler.
2026.05.10 15:44:01 INFO  no build target found for /home/prerit/Projects-Code/My-Learning/DSA-Pepcoding/Basics/GradingSystem.java. Using fallback presentation compiler.
2026.05.10 15:44:01 INFO  no build target found for /home/prerit/Projects-Code/My-Learning/DSA-Pepcoding/Basics/GradingSystem.java. Using fallback presentation compiler.
2026.05.10 15:44:00 INFO  no build target found for /home/prerit/Projects-Code/My-Learning/DSA-Pepcoding/Basics/GradingSystem.java. Using fallback presentation compiler.
2026.05.10 15:44:01 INFO  no build target found for /home/prerit/Projects-Code/My-Learning/DSA-Pepcoding/Basics/GradingSystem.java. Using fallback presentation compiler.
2026.05.10 15:44:01 INFO  no build target found for /home/prerit/Projects-Code/My-Learning/DSA-Pepcoding/Basics/GradingSystem.java. Using fallback presentation compiler.
2026.05.10 15:44:01 INFO  no build target found for /home/prerit/Projects-Code/My-Learning/DSA-Pepcoding/Basics/GradingSystem.java. Using fallback presentation compiler.
2026.05.10 15:44:01 INFO  no build target found for /home/prerit/Projects-Code/My-Learning/DSA-Pepcoding/Basics/GradingSystem.java. Using fallback presentation compiler.
2026.05.10 15:44:01 INFO  no build target found for /home/prerit/Projects-Code/My-Learning/DSA-Pepcoding/Basics/GradingSystem.java. Using fallback presentation compiler.
2026.05.10 15:44:01 INFO  no build target found for /home/prerit/Projects-Code/My-Learning/DSA-Pepcoding/Basics/GradingSystem.java. Using fallback presentation compiler.
2026.05.10 15:44:01 INFO  no build target found for /home/prerit/Projects-Code/My-Learning/DSA-Pepcoding/Basics/GradingSystem.java. Using fallback presentation compiler.
2026.05.10 15:44:01 INFO  no build target found for /home/prerit/Projects-Code/My-Learning/DSA-Pepcoding/Basics/GradingSystem.java. Using fallback presentation compiler.
2026.05.10 15:44:01 INFO  no build target found for /home/prerit/Projects-Code/My-Learning/DSA-Pepcoding/Basics/GradingSystem.java. Using fallback presentation compiler.
2026.05.10 15:44:01 INFO  no build target found for /home/prerit/Projects-Code/My-Learning/DSA-Pepcoding/Basics/GradingSystem.java. Using fallback presentation compiler.
2026.05.10 15:44:02 INFO  no build target found for /home/prerit/Projects-Code/My-Learning/DSA-Pepcoding/Basics/GradingSystem.java. Using fallback presentation compiler.
May 10, 2026 3:44:02 PM org.eclipse.lsp4j.jsonrpc.RemoteEndpoint handleCancellation
WARNING: Unmatched cancel notification for request id 284
2026.05.10 15:44:02 INFO  no build target found for /home/prerit/Projects-Code/My-Learning/DSA-Pepcoding/Basics/GradingSystem.java. Using fallback presentation compiler.
2026.05.10 15:44:02 INFO  no build target found for /home/prerit/Projects-Code/My-Learning/DSA-Pepcoding/Basics/GradingSystem.java. Using fallback presentation compiler.
2026.05.10 15:44:02 INFO  no build target found for /home/prerit/Projects-Code/My-Learning/DSA-Pepcoding/Basics/GradingSystem.java. Using fallback presentation compiler.
2026.05.10 15:44:02 INFO  no build target found for /home/prerit/Projects-Code/My-Learning/DSA-Pepcoding/Basics/GradingSystem.java. Using fallback presentation compiler.
2026.05.10 15:44:02 INFO  no build target found for /home/prerit/Projects-Code/My-Learning/DSA-Pepcoding/Basics/GradingSystem.java. Using fallback presentation compiler.
2026.05.10 15:44:02 INFO  no build target found for /home/prerit/Projects-Code/My-Learning/DSA-Pepcoding/Basics/GradingSystem.java. Using fallback presentation compiler.
2026.05.10 15:44:03 INFO  no build target found for /home/prerit/Projects-Code/My-Learning/DSA-Pepcoding/Basics/GradingSystem.java. Using fallback presentation compiler.
2026.05.10 15:44:03 INFO  no build target found for /home/prerit/Projects-Code/My-Learning/DSA-Pepcoding/Basics/GradingSystem.java. Using fallback presentation compiler.
2026.05.10 15:44:03 INFO  no build target found for /home/prerit/Projects-Code/My-Learning/DSA-Pepcoding/Basics/GradingSystem.java. Using fallback presentation compiler.
2026.05.10 15:44:03 INFO  no build target found for /home/prerit/Projects-Code/My-Learning/DSA-Pepcoding/Basics/GradingSystem.java. Using fallback presentation compiler.
2026.05.10 15:44:03 INFO  no build target found for /home/prerit/Projects-Code/My-Learning/DSA-Pepcoding/Basics/GradingSystem.java. Using fallback presentation compiler.
2026.05.10 15:44:03 INFO  no build target found for /home/prerit/Projects-Code/My-Learning/DSA-Pepcoding/Basics/GradingSystem.java. Using fallback presentation compiler.
2026.05.10 15:44:03 INFO  no build target found for /home/prerit/Projects-Code/My-Learning/DSA-Pepcoding/Basics/GradingSystem.java. Using fallback presentation compiler.
2026.05.10 15:44:03 INFO  no build target found for /home/prerit/Projects-Code/My-Learning/DSA-Pepcoding/Basics/GradingSystem.java. Using fallback presentation compiler.
2026.05.10 15:44:03 INFO  no build target found for /home/prerit/Projects-Code/My-Learning/DSA-Pepcoding/Basics/GradingSystem.java. Using fallback presentation compiler.
2026.05.10 15:44:04 INFO  no build target found for /home/prerit/Projects-Code/My-Learning/DSA-Pepcoding/Basics/GradingSystem.java. Using fallback presentation compiler.
2026.05.10 15:44:04 INFO  no build target found for /home/prerit/Projects-Code/My-Learning/DSA-Pepcoding/Basics/GradingSystem.java. Using fallback presentation compiler.
2026.05.10 15:44:05 WARN  no build target for: /home/prerit/Projects-Code/My-Learning/DSA-Pepcoding/Basics/GradingSystem.java
2026.05.10 15:44:04 INFO  no build target found for /home/prerit/Projects-Code/My-Learning/DSA-Pepcoding/Basics/GradingSystem.java. Using fallback presentation compiler.
2026.05.10 15:44:05 INFO  no build target found for /home/prerit/Projects-Code/My-Learning/DSA-Pepcoding/Basics/GradingSystem.java. Using fallback presentation compiler.
2026.05.10 15:44:06 WARN  no build target for: /home/prerit/Projects-Code/My-Learning/DSA-Pepcoding/Basics/GradingSystem.java
2026.05.10 15:44:06 INFO  no build target found for /home/prerit/Projects-Code/My-Learning/DSA-Pepcoding/Basics/GradingSystem.java. Using fallback presentation compiler.
2026.05.10 15:44:06 INFO  no build target found for /home/prerit/Projects-Code/My-Learning/DSA-Pepcoding/Basics/GradingSystem.java. Using fallback presentation compiler.
2026.05.10 15:44:07 WARN  no build target for: /home/prerit/Projects-Code/My-Learning/DSA-Pepcoding/Basics/GradingSystem.java
2026.05.10 15:44:07 INFO  no build target found for /home/prerit/Projects-Code/My-Learning/DSA-Pepcoding/Basics/GradingSystem.java. Using fallback presentation compiler.
2026.05.10 15:44:08 INFO  no build target found for /home/prerit/Projects-Code/My-Learning/DSA-Pepcoding/Basics/GradingSystem.java. Using fallback presentation compiler.
2026.05.10 15:44:08 INFO  no build target found for /home/prerit/Projects-Code/My-Learning/DSA-Pepcoding/Basics/GradingSystem.java. Using fallback presentation compiler.
2026.05.10 15:44:08 INFO  no build target found for /home/prerit/Projects-Code/My-Learning/DSA-Pepcoding/Basics/GradingSystem.java. Using fallback presentation compiler.
2026.05.10 15:44:08 INFO  no build target found for /home/prerit/Projects-Code/My-Learning/DSA-Pepcoding/Basics/GradingSystem.java. Using fallback presentation compiler.
2026.05.10 15:44:09 INFO  no build target found for /home/prerit/Projects-Code/My-Learning/DSA-Pepcoding/Basics/GradingSystem.java. Using fallback presentation compiler.
2026.05.10 15:44:09 INFO  no build target found for /home/prerit/Projects-Code/My-Learning/DSA-Pepcoding/Basics/GradingSystem.java. Using fallback presentation compiler.
2026.05.10 15:44:09 INFO  no build target found for /home/prerit/Projects-Code/My-Learning/DSA-Pepcoding/Basics/GradingSystem.java. Using fallback presentation compiler.
2026.05.10 15:44:09 INFO  no build target found for /home/prerit/Projects-Code/My-Learning/DSA-Pepcoding/Basics/GradingSystem.java. Using fallback presentation compiler.
2026.05.10 15:44:10 INFO  no build target found for /home/prerit/Projects-Code/My-Learning/DSA-Pepcoding/Basics/GradingSystem.java. Using fallback presentation compiler.
2026.05.10 15:44:10 INFO  no build target found for /home/prerit/Projects-Code/My-Learning/DSA-Pepcoding/Basics/GradingSystem.java. Using fallback presentation compiler.
2026.05.10 15:44:10 INFO  no build target found for /home/prerit/Projects-Code/My-Learning/DSA-Pepcoding/Basics/GradingSystem.java. Using fallback presentation compiler.
2026.05.10 15:44:11 WARN  no build target for: /home/prerit/Projects-Code/My-Learning/DSA-Pepcoding/Basics/GradingSystem.java
2026.05.10 15:44:11 WARN  Running javac-semanticdb failed for file:///home/prerit/Projects-Code/My-Learning/DSA-Pepcoding/Basics/GradingSystem.java. Output:

2026.05.10 15:44:11 INFO  no build target found for /home/prerit/Projects-Code/My-Learning/DSA-Pepcoding/Basics/GradingSystem.java. Using fallback presentation compiler.
2026.05.10 15:44:11 INFO  no build target found for /home/prerit/Projects-Code/My-Learning/DSA-Pepcoding/Basics/GradingSystem.java. Using fallback presentation compiler.
2026.05.10 15:44:11 INFO  no build target found for /home/prerit/Projects-Code/My-Learning/DSA-Pepcoding/Basics/GradingSystem.java. Using fallback presentation compiler.
2026.05.10 15:44:11 INFO  no build target found for /home/prerit/Projects-Code/My-Learning/DSA-Pepcoding/Basics/GradingSystem.java. Using fallback presentation compiler.
2026.05.10 15:44:11 INFO  no build target found for /home/prerit/Projects-Code/My-Learning/DSA-Pepcoding/Basics/GradingSystem.java. Using fallback presentation compiler.
2026.05.10 15:44:13 INFO  no build target found for /home/prerit/Projects-Code/My-Learning/DSA-Pepcoding/Basics/GradingSystem.java. Using fallback presentation compiler.
2026.05.10 15:44:13 WARN  Running javac-semanticdb failed for file:///home/prerit/Projects-Code/My-Learning/DSA-Pepcoding/Basics/GradingSystem.java. Output:

2026.05.10 15:44:13 INFO  no build target found for /home/prerit/Projects-Code/My-Learning/DSA-Pepcoding/Basics/GradingSystem.java. Using fallback presentation compiler.
2026.05.10 15:44:13 INFO  no build target found for /home/prerit/Projects-Code/My-Learning/DSA-Pepcoding/Basics/GradingSystem.java. Using fallback presentation compiler.
2026.05.10 15:44:14 INFO  no build target found for /home/prerit/Projects-Code/My-Learning/DSA-Pepcoding/Basics/GradingSystem.java. Using fallback presentation compiler.
2026.05.10 15:44:14 INFO  no build target found for /home/prerit/Projects-Code/My-Learning/DSA-Pepcoding/Basics/GradingSystem.java. Using fallback presentation compiler.
2026.05.10 15:44:14 WARN  no build target for: /home/prerit/Projects-Code/My-Learning/DSA-Pepcoding/Basics/GradingSystem.java
2026.05.10 15:44:14 WARN  Running javac-semanticdb failed for file:///home/prerit/Projects-Code/My-Learning/DSA-Pepcoding/Basics/GradingSystem.java. Output:

2026.05.10 15:44:14 INFO  no build target found for /home/prerit/Projects-Code/My-Learning/DSA-Pepcoding/Basics/GradingSystem.java. Using fallback presentation compiler.
2026.05.10 15:44:14 INFO  no build target found for /home/prerit/Projects-Code/My-Learning/DSA-Pepcoding/Basics/GradingSystem.java. Using fallback presentation compiler.
2026.05.10 15:44:14 INFO  no build target found for /home/prerit/Projects-Code/My-Learning/DSA-Pepcoding/Basics/GradingSystem.java. Using fallback presentation compiler.
2026.05.10 15:44:15 INFO  no build target found for /home/prerit/Projects-Code/My-Learning/DSA-Pepcoding/Basics/GradingSystem.java. Using fallback presentation compiler.
2026.05.10 15:44:15 INFO  no build target found for /home/prerit/Projects-Code/My-Learning/DSA-Pepcoding/Basics/GradingSystem.java. Using fallback presentation compiler.
2026.05.10 15:44:15 INFO  no build target found for /home/prerit/Projects-Code/My-Learning/DSA-Pepcoding/Basics/GradingSystem.java. Using fallback presentation compiler.
2026.05.10 15:44:15 INFO  no build target found for /home/prerit/Projects-Code/My-Learning/DSA-Pepcoding/Basics/GradingSystem.java. Using fallback presentation compiler.
2026.05.10 15:44:16 WARN  Running javac-semanticdb failed for file:///home/prerit/Projects-Code/My-Learning/DSA-Pepcoding/Basics/GradingSystem.java. Output:

2026.05.10 15:44:17 INFO  no build target found for /home/prerit/Projects-Code/My-Learning/DSA-Pepcoding/Basics/GradingSystem.java. Using fallback presentation compiler.
2026.05.10 15:44:17 WARN  no build target for: /home/prerit/Projects-Code/My-Learning/DSA-Pepcoding/Basics/GradingSystem.java
2026.05.10 15:44:17 INFO  no build target found for /home/prerit/Projects-Code/My-Learning/DSA-Pepcoding/Basics/GradingSystem.java. Using fallback presentation compiler.
2026.05.10 15:44:17 WARN  Running javac-semanticdb failed for file:///home/prerit/Projects-Code/My-Learning/DSA-Pepcoding/Basics/GradingSystem.java. Output:

2026.05.10 15:44:16 INFO  no build target found for /home/prerit/Projects-Code/My-Learning/DSA-Pepcoding/Basics/GradingSystem.java. Using fallback presentation compiler.
2026.05.10 15:44:18 INFO  no build target found for /home/prerit/Projects-Code/My-Learning/DSA-Pepcoding/Basics/GradingSystem.java. Using fallback presentation compiler.
2026.05.10 15:44:18 INFO  no build target found for /home/prerit/Projects-Code/My-Learning/DSA-Pepcoding/Basics/GradingSystem.java. Using fallback presentation compiler.
2026.05.10 15:44:18 INFO  no build target found for /home/prerit/Projects-Code/My-Learning/DSA-Pepcoding/Basics/GradingSystem.java. Using fallback presentation compiler.
2026.05.10 15:44:19 INFO  no build target found for /home/prerit/Projects-Code/My-Learning/DSA-Pepcoding/Basics/GradingSystem.java. Using fallback presentation compiler.
2026.05.10 15:44:19 INFO  no build target found for /home/prerit/Projects-Code/My-Learning/DSA-Pepcoding/Basics/GradingSystem.java. Using fallback presentation compiler.
2026.05.10 15:44:20 WARN  Running javac-semanticdb failed for file:///home/prerit/Projects-Code/My-Learning/DSA-Pepcoding/Basics/GradingSystem.java. Output:

2026.05.10 15:44:20 INFO  no build target found for /home/prerit/Projects-Code/My-Learning/DSA-Pepcoding/Basics/GradingSystem.java. Using fallback presentation compiler.
2026.05.10 15:44:19 INFO  no build target found for /home/prerit/Projects-Code/My-Learning/DSA-Pepcoding/Basics/GradingSystem.java. Using fallback presentation compiler.
2026.05.10 15:44:20 WARN  no build target for: /home/prerit/Projects-Code/My-Learning/DSA-Pepcoding/Basics/GradingSystem.java
2026.05.10 15:44:20 INFO  no build target found for /home/prerit/Projects-Code/My-Learning/DSA-Pepcoding/Basics/GradingSystem.java. Using fallback presentation compiler.
2026.05.10 15:44:21 INFO  no build target found for /home/prerit/Projects-Code/My-Learning/DSA-Pepcoding/Basics/GradingSystem.java. Using fallback presentation compiler.
2026.05.10 15:44:21 INFO  no build target found for /home/prerit/Projects-Code/My-Learning/DSA-Pepcoding/Basics/GradingSystem.java. Using fallback presentation compiler.
2026.05.10 15:44:21 INFO  no build target found for /home/prerit/Projects-Code/My-Learning/DSA-Pepcoding/Basics/GradingSystem.java. Using fallback presentation compiler.
2026.05.10 15:44:22 INFO  no build target found for /home/prerit/Projects-Code/My-Learning/DSA-Pepcoding/Basics/GradingSystem.java. Using fallback presentation compiler.
2026.05.10 15:44:22 INFO  no build target found for /home/prerit/Projects-Code/My-Learning/DSA-Pepcoding/Basics/GradingSystem.java. Using fallback presentation compiler.
2026.05.10 15:44:23 WARN  no build target for: /home/prerit/Projects-Code/My-Learning/DSA-Pepcoding/Basics/GradingSystem.java
2026.05.10 15:44:23 INFO  no build target found for /home/prerit/Projects-Code/My-Learning/DSA-Pepcoding/Basics/GradingSystem.java. Using fallback presentation compiler.
2026.05.10 15:44:24 INFO  no build target found for /home/prerit/Projects-Code/My-Learning/DSA-Pepcoding/Basics/GradingSystem.java. Using fallback presentation compiler.
2026.05.10 15:44:24 INFO  no build target found for /home/prerit/Projects-Code/My-Learning/DSA-Pepcoding/Basics/GradingSystem.java. Using fallback presentation compiler.
2026.05.10 15:44:24 INFO  no build target found for /home/prerit/Projects-Code/My-Learning/DSA-Pepcoding/Basics/GradingSystem.java. Using fallback presentation compiler.
2026.05.10 15:44:24 INFO  no build target found for /home/prerit/Projects-Code/My-Learning/DSA-Pepcoding/Basics/GradingSystem.java. Using fallback presentation compiler.
2026.05.10 15:44:25 INFO  no build target found for /home/prerit/Projects-Code/My-Learning/DSA-Pepcoding/Basics/GradingSystem.java. Using fallback presentation compiler.
2026.05.10 15:44:24 INFO  no build target found for /home/prerit/Projects-Code/My-Learning/DSA-Pepcoding/Basics/GradingSystem.java. Using fallback presentation compiler.
2026.05.10 15:44:24 INFO  no build target found for /home/prerit/Projects-Code/My-Learning/DSA-Pepcoding/Basics/GradingSystem.java. Using fallback presentation compiler.
2026.05.10 15:44:24 INFO  no build target found for /home/prerit/Projects-Code/My-Learning/DSA-Pepcoding/Basics/GradingSystem.java. Using fallback presentation compiler.
2026.05.10 15:44:26 INFO  no build target found for /home/prerit/Projects-Code/My-Learning/DSA-Pepcoding/Basics/GradingSystem.java. Using fallback presentation compiler.
2026.05.10 15:44:26 WARN  no build target for: /home/prerit/Projects-Code/My-Learning/DSA-Pepcoding/Basics/GradingSystem.java
2026.05.10 15:44:26 INFO  no build target found for /home/prerit/Projects-Code/My-Learning/DSA-Pepcoding/Basics/GradingSystem.java. Using fallback presentation compiler.
May 10, 2026 3:44:27 PM org.eclipse.lsp4j.jsonrpc.RemoteEndpoint handleCancellation
WARNING: Unmatched cancel notification for request id 423
2026.05.10 15:44:26 INFO  no build target found for /home/prerit/Projects-Code/My-Learning/DSA-Pepcoding/Basics/GradingSystem.java. Using fallback presentation compiler.
2026.05.10 15:44:26 INFO  no build target found for /home/prerit/Projects-Code/My-Learning/DSA-Pepcoding/Basics/GradingSystem.java. Using fallback presentation compiler.
May 10, 2026 3:44:27 PM org.eclipse.lsp4j.jsonrpc.RemoteEndpoint handleCancellation
WARNING: Unmatched cancel notification for request id 424
2026.05.10 15:44:27 INFO  no build target found for /home/prerit/Projects-Code/My-Learning/DSA-Pepcoding/Basics/GradingSystem.java. Using fallback presentation compiler.
2026.05.10 15:44:27 INFO  no build target found for /home/prerit/Projects-Code/My-Learning/DSA-Pepcoding/Basics/GradingSystem.java. Using fallback presentation compiler.
2026.05.10 15:44:27 INFO  no build target found for /home/prerit/Projects-Code/My-Learning/DSA-Pepcoding/Basics/GradingSystem.java. Using fallback presentation compiler.
2026.05.10 15:44:29 INFO  no build target found for /home/prerit/Projects-Code/My-Learning/DSA-Pepcoding/Basics/GradingSystem.java. Using fallback presentation compiler.
2026.05.10 15:44:29 INFO  no build target found for /home/prerit/Projects-Code/My-Learning/DSA-Pepcoding/Basics/GradingSystem.java. Using fallback presentation compiler.
2026.05.10 15:44:29 INFO  no build target found for /home/prerit/Projects-Code/My-Learning/DSA-Pepcoding/Basics/GradingSystem.java. Using fallback presentation compiler.
2026.05.10 15:44:29 INFO  no build target found for /home/prerit/Projects-Code/My-Learning/DSA-Pepcoding/Basics/GradingSystem.java. Using fallback presentation compiler.
2026.05.10 15:44:30 INFO  no build target found for /home/prerit/Projects-Code/My-Learning/DSA-Pepcoding/Basics/GradingSystem.java. Using fallback presentation compiler.
2026.05.10 15:44:29 INFO  no build target found for /home/prerit/Projects-Code/My-Learning/DSA-Pepcoding/Basics/GradingSystem.java. Using fallback presentation compiler.
May 10, 2026 3:44:30 PM org.eclipse.lsp4j.jsonrpc.RemoteEndpoint handleCancellation
WARNING: Unmatched cancel notification for request id 431
2026.05.10 15:44:30 WARN  Running javac-semanticdb failed for file:///home/prerit/Projects-Code/My-Learning/DSA-Pepcoding/Basics/GradingSystem.java. Output:

2026.05.10 15:44:31 INFO  no build target found for /home/prerit/Projects-Code/My-Learning/DSA-Pepcoding/Basics/GradingSystem.java. Using fallback presentation compiler.
2026.05.10 15:44:31 INFO  no build target found for /home/prerit/Projects-Code/My-Learning/DSA-Pepcoding/Basics/GradingSystem.java. Using fallback presentation compiler.
2026.05.10 15:44:31 INFO  no build target found for /home/prerit/Projects-Code/My-Learning/DSA-Pepcoding/Basics/GradingSystem.java. Using fallback presentation compiler.
2026.05.10 15:44:31 WARN  Running javac-semanticdb failed for file:///home/prerit/Projects-Code/My-Learning/DSA-Pepcoding/Basics/GradingSystem.java. Output:

2026.05.10 15:44:31 INFO  no build target found for /home/prerit/Projects-Code/My-Learning/DSA-Pepcoding/Basics/GradingSystem.java. Using fallback presentation compiler.
2026.05.10 15:44:31 INFO  no build target found for /home/prerit/Projects-Code/My-Learning/DSA-Pepcoding/Basics/GradingSystem.java. Using fallback presentation compiler.
2026.05.10 15:44:31 INFO  no build target found for /home/prerit/Projects-Code/My-Learning/DSA-Pepcoding/Basics/GradingSystem.java. Using fallback presentation compiler.
2026.05.10 15:44:32 INFO  no build target found for /home/prerit/Projects-Code/My-Learning/DSA-Pepcoding/Basics/GradingSystem.java. Using fallback presentation compiler.
2026.05.10 15:44:32 INFO  no build target found for /home/prerit/Projects-Code/My-Learning/DSA-Pepcoding/Basics/GradingSystem.java. Using fallback presentation compiler.
2026.05.10 15:44:32 INFO  no build target found for /home/prerit/Projects-Code/My-Learning/DSA-Pepcoding/Basics/GradingSystem.java. Using fallback presentation compiler.
2026.05.10 15:44:32 INFO  no build target found for /home/prerit/Projects-Code/My-Learning/DSA-Pepcoding/Basics/GradingSystem.java. Using fallback presentation compiler.
2026.05.10 15:44:32 INFO  no build target found for /home/prerit/Projects-Code/My-Learning/DSA-Pepcoding/Basics/GradingSystem.java. Using fallback presentation compiler.
2026.05.10 15:44:32 WARN  Running javac-semanticdb failed for file:///home/prerit/Projects-Code/My-Learning/DSA-Pepcoding/Basics/GradingSystem.java. Output:

2026.05.10 15:44:32 INFO  no build target found for /home/prerit/Projects-Code/My-Learning/DSA-Pepcoding/Basics/GradingSystem.java. Using fallback presentation compiler.
2026.05.10 15:44:32 INFO  no build target found for /home/prerit/Projects-Code/My-Learning/DSA-Pepcoding/Basics/GradingSystem.java. Using fallback presentation compiler.
2026.05.10 15:44:33 INFO  no build target found for /home/prerit/Projects-Code/My-Learning/DSA-Pepcoding/Basics/GradingSystem.java. Using fallback presentation compiler.
2026.05.10 15:44:33 WARN  Running javac-semanticdb failed for file:///home/prerit/Projects-Code/My-Learning/DSA-Pepcoding/Basics/GradingSystem.java. Output:

2026.05.10 15:44:33 INFO  no build target found for /home/prerit/Projects-Code/My-Learning/DSA-Pepcoding/Basics/GradingSystem.java. Using fallback presentation compiler.
2026.05.10 15:44:33 INFO  no build target found for /home/prerit/Projects-Code/My-Learning/DSA-Pepcoding/Basics/GradingSystem.java. Using fallback presentation compiler.
2026.05.10 15:44:33 WARN  no build target for: /home/prerit/Projects-Code/My-Learning/DSA-Pepcoding/Basics/GradingSystem.java
2026.05.10 15:44:33 INFO  no build target found for /home/prerit/Projects-Code/My-Learning/DSA-Pepcoding/Basics/GradingSystem.java. Using fallback presentation compiler.
2026.05.10 15:44:34 INFO  no build target found for /home/prerit/Projects-Code/My-Learning/DSA-Pepcoding/Basics/GradingSystem.java. Using fallback presentation compiler.
2026.05.10 15:44:34 INFO  no build target found for /home/prerit/Projects-Code/My-Learning/DSA-Pepcoding/Basics/GradingSystem.java. Using fallback presentation compiler.
2026.05.10 15:44:34 INFO  no build target found for /home/prerit/Projects-Code/My-Learning/DSA-Pepcoding/Basics/GradingSystem.java. Using fallback presentation compiler.
2026.05.10 15:44:35 WARN  Running javac-semanticdb failed for file:///home/prerit/Projects-Code/My-Learning/DSA-Pepcoding/Basics/GradingSystem.java. Output:

2026.05.10 15:44:35 INFO  no build target found for /home/prerit/Projects-Code/My-Learning/DSA-Pepcoding/Basics/GradingSystem.java. Using fallback presentation compiler.
2026.05.10 15:44:34 INFO  no build target found for /home/prerit/Projects-Code/My-Learning/DSA-Pepcoding/Basics/GradingSystem.java. Using fallback presentation compiler.
2026.05.10 15:44:34 INFO  no build target found for /home/prerit/Projects-Code/My-Learning/DSA-Pepcoding/Basics/GradingSystem.java. Using fallback presentation compiler.
2026.05.10 15:44:35 WARN  no build target for: /home/prerit/Projects-Code/My-Learning/DSA-Pepcoding/Basics/GradingSystem.java
2026.05.10 15:44:35 WARN  Running javac-semanticdb failed for file:///home/prerit/Projects-Code/My-Learning/DSA-Pepcoding/Basics/GradingSystem.java. Output:

2026.05.10 15:44:35 INFO  no build target found for /home/prerit/Projects-Code/My-Learning/DSA-Pepcoding/Basics/GradingSystem.java. Using fallback presentation compiler.
2026.05.10 15:44:36 INFO  no build target found for /home/prerit/Projects-Code/My-Learning/DSA-Pepcoding/Basics/GradingSystem.java. Using fallback presentation compiler.
May 10, 2026 3:44:36 PM org.eclipse.lsp4j.jsonrpc.RemoteEndpoint handleCancellation
WARNING: Unmatched cancel notification for request id 478
2026.05.10 15:44:36 INFO  no build target found for /home/prerit/Projects-Code/My-Learning/DSA-Pepcoding/Basics/GradingSystem.java. Using fallback presentation compiler.
2026.05.10 15:44:36 INFO  no build target found for /home/prerit/Projects-Code/My-Learning/DSA-Pepcoding/Basics/GradingSystem.java. Using fallback presentation compiler.
2026.05.10 15:44:36 INFO  no build target found for /home/prerit/Projects-Code/My-Learning/DSA-Pepcoding/Basics/GradingSystem.java. Using fallback presentation compiler.
2026.05.10 15:44:36 WARN  Running javac-semanticdb failed for file:///home/prerit/Projects-Code/My-Learning/DSA-Pepcoding/Basics/GradingSystem.java. Output:

2026.05.10 15:44:36 INFO  no build target found for /home/prerit/Projects-Code/My-Learning/DSA-Pepcoding/Basics/GradingSystem.java. Using fallback presentation compiler.
2026.05.10 15:44:37 INFO  no build target found for /home/prerit/Projects-Code/My-Learning/DSA-Pepcoding/Basics/GradingSystem.java. Using fallback presentation compiler.
2026.05.10 15:44:37 WARN  no build target for: /home/prerit/Projects-Code/My-Learning/DSA-Pepcoding/Basics/GradingSystem.java
May 10, 2026 3:44:37 PM org.eclipse.lsp4j.jsonrpc.RemoteEndpoint handleCancellation
WARNING: Unmatched cancel notification for request id 488
2026.05.10 15:44:37 INFO  no build target found for /home/prerit/Projects-Code/My-Learning/DSA-Pepcoding/Basics/GradingSystem.java. Using fallback presentation compiler.
2026.05.10 15:44:37 INFO  no build target found for /home/prerit/Projects-Code/My-Learning/DSA-Pepcoding/Basics/GradingSystem.java. Using fallback presentation compiler.
2026.05.10 15:44:37 INFO  no build target found for /home/prerit/Projects-Code/My-Learning/DSA-Pepcoding/Basics/GradingSystem.java. Using fallback presentation compiler.
2026.05.10 15:44:37 WARN  Running javac-semanticdb failed for file:///home/prerit/Projects-Code/My-Learning/DSA-Pepcoding/Basics/GradingSystem.java. Output:

2026.05.10 15:44:38 INFO  no build target found for /home/prerit/Projects-Code/My-Learning/DSA-Pepcoding/Basics/GradingSystem.java. Using fallback presentation compiler.
2026.05.10 15:44:37 INFO  no build target found for /home/prerit/Projects-Code/My-Learning/DSA-Pepcoding/Basics/GradingSystem.java. Using fallback presentation compiler.
2026.05.10 15:44:38 WARN  Running javac-semanticdb failed for file:///home/prerit/Projects-Code/My-Learning/DSA-Pepcoding/Basics/GradingSystem.java. Output:

2026.05.10 15:44:39 WARN  no build target for: /home/prerit/Projects-Code/My-Learning/DSA-Pepcoding/Basics/GradingSystem.java
2026.05.10 15:44:38 INFO  no build target found for /home/prerit/Projects-Code/My-Learning/DSA-Pepcoding/Basics/GradingSystem.java. Using fallback presentation compiler.
2026.05.10 15:44:42 INFO  no build target found for /home/prerit/Projects-Code/My-Learning/DSA-Pepcoding/Basics/GradingSystem.java. Using fallback presentation compiler.
2026.05.10 15:44:42 INFO  no build target found for /home/prerit/Projects-Code/My-Learning/DSA-Pepcoding/Basics/GradingSystem.java. Using fallback presentation compiler.
2026.05.10 15:44:42 INFO  no build target found for /home/prerit/Projects-Code/My-Learning/DSA-Pepcoding/Basics/GradingSystem.java. Using fallback presentation compiler.
2026.05.10 15:44:42 INFO  no build target found for /home/prerit/Projects-Code/My-Learning/DSA-Pepcoding/Basics/GradingSystem.java. Using fallback presentation compiler.
2026.05.10 15:44:42 INFO  no build target found for /home/prerit/Projects-Code/My-Learning/DSA-Pepcoding/Basics/GradingSystem.java. Using fallback presentation compiler.
2026.05.10 15:44:42 INFO  no build target found for /home/prerit/Projects-Code/My-Learning/DSA-Pepcoding/Basics/GradingSystem.java. Using fallback presentation compiler.
2026.05.10 15:44:42 INFO  no build target found for /home/prerit/Projects-Code/My-Learning/DSA-Pepcoding/Basics/GradingSystem.java. Using fallback presentation compiler.
2026.05.10 15:44:43 INFO  no build target found for /home/prerit/Projects-Code/My-Learning/DSA-Pepcoding/Basics/GradingSystem.java. Using fallback presentation compiler.
2026.05.10 15:44:43 WARN  no build target for: /home/prerit/Projects-Code/My-Learning/DSA-Pepcoding/Basics/GradingSystem.java
2026.05.10 15:44:43 INFO  no build target found for /home/prerit/Projects-Code/My-Learning/DSA-Pepcoding/Basics/GradingSystem.java. Using fallback presentation compiler.
2026.05.10 15:44:43 INFO  no build target found for /home/prerit/Projects-Code/My-Learning/DSA-Pepcoding/Basics/GradingSystem.java. Using fallback presentation compiler.
2026.05.10 15:44:44 INFO  no build target found for /home/prerit/Projects-Code/My-Learning/DSA-Pepcoding/Basics/GradingSystem.java. Using fallback presentation compiler.
2026.05.10 15:44:44 INFO  no build target found for /home/prerit/Projects-Code/My-Learning/DSA-Pepcoding/Basics/GradingSystem.java. Using fallback presentation compiler.
2026.05.10 15:44:44 INFO  no build target found for /home/prerit/Projects-Code/My-Learning/DSA-Pepcoding/Basics/GradingSystem.java. Using fallback presentation compiler.
2026.05.10 15:44:44 INFO  no build target found for /home/prerit/Projects-Code/My-Learning/DSA-Pepcoding/Basics/GradingSystem.java. Using fallback presentation compiler.
2026.05.10 15:44:44 WARN  Running javac-semanticdb failed for file:///home/prerit/Projects-Code/My-Learning/DSA-Pepcoding/Basics/GradingSystem.java. Output:

2026.05.10 15:44:44 INFO  no build target found for /home/prerit/Projects-Code/My-Learning/DSA-Pepcoding/Basics/GradingSystem.java. Using fallback presentation compiler.
2026.05.10 15:44:44 WARN  no build target for: /home/prerit/Projects-Code/My-Learning/DSA-Pepcoding/Basics/GradingSystem.java
2026.05.10 15:44:45 INFO  no build target found for /home/prerit/Projects-Code/My-Learning/DSA-Pepcoding/Basics/GradingSystem.java. Using fallback presentation compiler.
2026.05.10 15:44:46 INFO  no build target found for /home/prerit/Projects-Code/My-Learning/DSA-Pepcoding/Basics/GradingSystem.java. Using fallback presentation compiler.
2026.05.10 15:44:46 INFO  no build target found for /home/prerit/Projects-Code/My-Learning/DSA-Pepcoding/Basics/GradingSystem.java. Using fallback presentation compiler.
2026.05.10 15:44:46 INFO  no build target found for /home/prerit/Projects-Code/My-Learning/DSA-Pepcoding/Basics/GradingSystem.java. Using fallback presentation compiler.
2026.05.10 15:44:46 INFO  no build target found for /home/prerit/Projects-Code/My-Learning/DSA-Pepcoding/Basics/GradingSystem.java. Using fallback presentation compiler.
2026.05.10 15:44:47 INFO  no build target found for /home/prerit/Projects-Code/My-Learning/DSA-Pepcoding/Basics/GradingSystem.java. Using fallback presentation compiler.
2026.05.10 15:44:47 INFO  no build target found for /home/prerit/Projects-Code/My-Learning/DSA-Pepcoding/Basics/GradingSystem.java. Using fallback presentation compiler.
2026.05.10 15:44:47 INFO  no build target found for /home/prerit/Projects-Code/My-Learning/DSA-Pepcoding/Basics/GradingSystem.java. Using fallback presentation compiler.
2026.05.10 15:44:47 INFO  no build target found for /home/prerit/Projects-Code/My-Learning/DSA-Pepcoding/Basics/GradingSystem.java. Using fallback presentation compiler.
2026.05.10 15:44:47 INFO  no build target found for /home/prerit/Projects-Code/My-Learning/DSA-Pepcoding/Basics/GradingSystem.java. Using fallback presentation compiler.
2026.05.10 15:44:47 INFO  no build target found for /home/prerit/Projects-Code/My-Learning/DSA-Pepcoding/Basics/GradingSystem.java. Using fallback presentation compiler.
2026.05.10 15:44:47 INFO  no build target found for /home/prerit/Projects-Code/My-Learning/DSA-Pepcoding/Basics/GradingSystem.java. Using fallback presentation compiler.
2026.05.10 15:44:47 INFO  no build target found for /home/prerit/Projects-Code/My-Learning/DSA-Pepcoding/Basics/GradingSystem.java. Using fallback presentation compiler.
2026.05.10 15:44:47 INFO  no build target found for /home/prerit/Projects-Code/My-Learning/DSA-Pepcoding/Basics/GradingSystem.java. Using fallback presentation compiler.
2026.05.10 15:44:47 INFO  no build target found for /home/prerit/Projects-Code/My-Learning/DSA-Pepcoding/Basics/GradingSystem.java. Using fallback presentation compiler.
2026.05.10 15:44:48 INFO  no build target found for /home/prerit/Projects-Code/My-Learning/DSA-Pepcoding/Basics/GradingSystem.java. Using fallback presentation compiler.
2026.05.10 15:44:48 INFO  no build target found for /home/prerit/Projects-Code/My-Learning/DSA-Pepcoding/Basics/GradingSystem.java. Using fallback presentation compiler.
2026.05.10 15:44:48 INFO  no build target found for /home/prerit/Projects-Code/My-Learning/DSA-Pepcoding/Basics/GradingSystem.java. Using fallback presentation compiler.
2026.05.10 15:44:48 INFO  no build target found for /home/prerit/Projects-Code/My-Learning/DSA-Pepcoding/Basics/GradingSystem.java. Using fallback presentation compiler.
2026.05.10 15:44:48 INFO  no build target found for /home/prerit/Projects-Code/My-Learning/DSA-Pepcoding/Basics/GradingSystem.java. Using fallback presentation compiler.
2026.05.10 15:44:48 INFO  no build target found for /home/prerit/Projects-Code/My-Learning/DSA-Pepcoding/Basics/GradingSystem.java. Using fallback presentation compiler.
2026.05.10 15:44:48 INFO  no build target found for /home/prerit/Projects-Code/My-Learning/DSA-Pepcoding/Basics/GradingSystem.java. Using fallback presentation compiler.
2026.05.10 15:44:48 INFO  no build target found for /home/prerit/Projects-Code/My-Learning/DSA-Pepcoding/Basics/GradingSystem.java. Using fallback presentation compiler.
2026.05.10 15:44:49 INFO  no build target found for /home/prerit/Projects-Code/My-Learning/DSA-Pepcoding/Basics/GradingSystem.java. Using fallback presentation compiler.
2026.05.10 15:44:48 INFO  no build target found for /home/prerit/Projects-Code/My-Learning/DSA-Pepcoding/Basics/GradingSystem.java. Using fallback presentation compiler.
2026.05.10 15:44:48 INFO  no build target found for /home/prerit/Projects-Code/My-Learning/DSA-Pepcoding/Basics/GradingSystem.java. Using fallback presentation compiler.
2026.05.10 15:44:48 INFO  no build target found for /home/prerit/Projects-Code/My-Learning/DSA-Pepcoding/Basics/GradingSystem.java. Using fallback presentation compiler.
2026.05.10 15:44:48 INFO  no build target found for /home/prerit/Projects-Code/My-Learning/DSA-Pepcoding/Basics/GradingSystem.java. Using fallback presentation compiler.
2026.05.10 15:44:48 INFO  no build target found for /home/prerit/Projects-Code/My-Learning/DSA-Pepcoding/Basics/GradingSystem.java. Using fallback presentation compiler.
2026.05.10 15:44:49 INFO  no build target found for /home/prerit/Projects-Code/My-Learning/DSA-Pepcoding/Basics/GradingSystem.java. Using fallback presentation compiler.
2026.05.10 15:44:49 INFO  no build target found for /home/prerit/Projects-Code/My-Learning/DSA-Pepcoding/Basics/GradingSystem.java. Using fallback presentation compiler.
2026.05.10 15:44:49 INFO  no build target found for /home/prerit/Projects-Code/My-Learning/DSA-Pepcoding/Basics/GradingSystem.java. Using fallback presentation compiler.
2026.05.10 15:44:49 INFO  no build target found for /home/prerit/Projects-Code/My-Learning/DSA-Pepcoding/Basics/GradingSystem.java. Using fallback presentation compiler.
2026.05.10 15:44:49 INFO  no build target found for /home/prerit/Projects-Code/My-Learning/DSA-Pepcoding/Basics/GradingSystem.java. Using fallback presentation compiler.
2026.05.10 15:44:49 INFO  no build target found for /home/prerit/Projects-Code/My-Learning/DSA-Pepcoding/Basics/GradingSystem.java. Using fallback presentation compiler.
2026.05.10 15:44:49 INFO  no build target found for /home/prerit/Projects-Code/My-Learning/DSA-Pepcoding/Basics/GradingSystem.java. Using fallback presentation compiler.
2026.05.10 15:44:50 WARN  no build target for: /home/prerit/Projects-Code/My-Learning/DSA-Pepcoding/Basics/GradingSystem.java
2026.05.10 15:44:50 INFO  no build target found for /home/prerit/Projects-Code/My-Learning/DSA-Pepcoding/Basics/GradingSystem.java. Using fallback presentation compiler.
2026.05.10 15:44:50 INFO  no build target found for /home/prerit/Projects-Code/My-Learning/DSA-Pepcoding/Basics/GradingSystem.java. Using fallback presentation compiler.
2026.05.10 15:44:50 INFO  no build target found for /home/prerit/Projects-Code/My-Learning/DSA-Pepcoding/Basics/GradingSystem.java. Using fallback presentation compiler.
2026.05.10 15:44:50 INFO  no build target found for /home/prerit/Projects-Code/My-Learning/DSA-Pepcoding/Basics/GradingSystem.java. Using fallback presentation compiler.
2026.05.10 15:44:50 INFO  no build target found for /home/prerit/Projects-Code/My-Learning/DSA-Pepcoding/Basics/GradingSystem.java. Using fallback presentation compiler.
2026.05.10 15:44:52 INFO  no build target found for /home/prerit/Projects-Code/My-Learning/DSA-Pepcoding/Basics/GradingSystem.java. Using fallback presentation compiler.
2026.05.10 15:44:52 INFO  no build target found for /home/prerit/Projects-Code/My-Learning/DSA-Pepcoding/Basics/GradingSystem.java. Using fallback presentation compiler.
2026.05.10 15:44:52 INFO  no build target found for /home/prerit/Projects-Code/My-Learning/DSA-Pepcoding/Basics/GradingSystem.java. Using fallback presentation compiler.
2026.05.10 15:44:52 INFO  no build target found for /home/prerit/Projects-Code/My-Learning/DSA-Pepcoding/Basics/GradingSystem.java. Using fallback presentation compiler.
2026.05.10 15:44:52 INFO  no build target found for /home/prerit/Projects-Code/My-Learning/DSA-Pepcoding/Basics/GradingSystem.java. Using fallback presentation compiler.
2026.05.10 15:44:53 INFO  no build target found for /home/prerit/Projects-Code/My-Learning/DSA-Pepcoding/Basics/GradingSystem.java. Using fallback presentation compiler.
2026.05.10 15:44:52 INFO  no build target found for /home/prerit/Projects-Code/My-Learning/DSA-Pepcoding/Basics/GradingSystem.java. Using fallback presentation compiler.
2026.05.10 15:44:53 INFO  no build target found for /home/prerit/Projects-Code/My-Learning/DSA-Pepcoding/Basics/GradingSystem.java. Using fallback presentation compiler.
2026.05.10 15:44:53 INFO  no build target found for /home/prerit/Projects-Code/My-Learning/DSA-Pepcoding/Basics/GradingSystem.java. Using fallback presentation compiler.
May 10, 2026 3:44:53 PM org.eclipse.lsp4j.jsonrpc.RemoteEndpoint handleCancellation
WARNING: Unmatched cancel notification for request id 593
2026.05.10 15:44:53 INFO  no build target found for /home/prerit/Projects-Code/My-Learning/DSA-Pepcoding/Basics/GradingSystem.java. Using fallback presentation compiler.
2026.05.10 15:44:53 INFO  no build target found for /home/prerit/Projects-Code/My-Learning/DSA-Pepcoding/Basics/GradingSystem.java. Using fallback presentation compiler.
2026.05.10 15:44:53 INFO  no build target found for /home/prerit/Projects-Code/My-Learning/DSA-Pepcoding/Basics/GradingSystem.java. Using fallback presentation compiler.
2026.05.10 15:44:53 INFO  no build target found for /home/prerit/Projects-Code/My-Learning/DSA-Pepcoding/Basics/GradingSystem.java. Using fallback presentation compiler.
2026.05.10 15:44:53 INFO  no build target found for /home/prerit/Projects-Code/My-Learning/DSA-Pepcoding/Basics/GradingSystem.java. Using fallback presentation compiler.
May 10, 2026 3:44:54 PM org.eclipse.lsp4j.jsonrpc.RemoteEndpoint handleCancellation
WARNING: Unmatched cancel notification for request id 597
2026.05.10 15:44:55 INFO  no build target found for /home/prerit/Projects-Code/My-Learning/DSA-Pepcoding/Basics/GradingSystem.java. Using fallback presentation compiler.
2026.05.10 15:44:55 INFO  no build target found for /home/prerit/Projects-Code/My-Learning/DSA-Pepcoding/Basics/GradingSystem.java. Using fallback presentation compiler.
2026.05.10 15:44:55 INFO  no build target found for /home/prerit/Projects-Code/My-Learning/DSA-Pepcoding/Basics/GradingSystem.java. Using fallback presentation compiler.
2026.05.10 15:44:55 INFO  no build target found for /home/prerit/Projects-Code/My-Learning/DSA-Pepcoding/Basics/GradingSystem.java. Using fallback presentation compiler.
2026.05.10 15:44:56 INFO  no build target found for /home/prerit/Projects-Code/My-Learning/DSA-Pepcoding/Basics/GradingSystem.java. Using fallback presentation compiler.
2026.05.10 15:44:55 INFO  no build target found for /home/prerit/Projects-Code/My-Learning/DSA-Pepcoding/Basics/GradingSystem.java. Using fallback presentation compiler.
2026.05.10 15:44:56 WARN  no build target for: /home/prerit/Projects-Code/My-Learning/DSA-Pepcoding/Basics/GradingSystem.java
2026.05.10 15:44:56 INFO  no build target found for /home/prerit/Projects-Code/My-Learning/DSA-Pepcoding/Basics/GradingSystem.java. Using fallback presentation compiler.
2026.05.10 15:44:56 INFO  no build target found for /home/prerit/Projects-Code/My-Learning/DSA-Pepcoding/Basics/GradingSystem.java. Using fallback presentation compiler.
2026.05.10 15:44:56 INFO  no build target found for /home/prerit/Projects-Code/My-Learning/DSA-Pepcoding/Basics/GradingSystem.java. Using fallback presentation compiler.
2026.05.10 15:44:56 INFO  no build target found for /home/prerit/Projects-Code/My-Learning/DSA-Pepcoding/Basics/GradingSystem.java. Using fallback presentation compiler.
2026.05.10 15:44:57 WARN  Running javac-semanticdb failed for file:///home/prerit/Projects-Code/My-Learning/DSA-Pepcoding/Basics/GradingSystem.java. Output:

2026.05.10 15:44:56 INFO  no build target found for /home/prerit/Projects-Code/My-Learning/DSA-Pepcoding/Basics/GradingSystem.java. Using fallback presentation compiler.
2026.05.10 15:44:57 INFO  no build target found for /home/prerit/Projects-Code/My-Learning/DSA-Pepcoding/Basics/GradingSystem.java. Using fallback presentation compiler.
2026.05.10 15:44:57 WARN  no build target for: /home/prerit/Projects-Code/My-Learning/DSA-Pepcoding/Basics/GradingSystem.java
2026.05.10 15:44:57 WARN  Running javac-semanticdb failed for file:///home/prerit/Projects-Code/My-Learning/DSA-Pepcoding/Basics/GradingSystem.java. Output:

2026.05.10 15:44:57 INFO  no build target found for /home/prerit/Projects-Code/My-Learning/DSA-Pepcoding/Basics/GradingSystem.java. Using fallback presentation compiler.
2026.05.10 15:44:57 INFO  no build target found for /home/prerit/Projects-Code/My-Learning/DSA-Pepcoding/Basics/GradingSystem.java. Using fallback presentation compiler.
2026.05.10 15:44:57 INFO  no build target found for /home/prerit/Projects-Code/My-Learning/DSA-Pepcoding/Basics/GradingSystem.java. Using fallback presentation compiler.
2026.05.10 15:44:58 INFO  no build target found for /home/prerit/Projects-Code/My-Learning/DSA-Pepcoding/Basics/GradingSystem.java. Using fallback presentation compiler.
May 10, 2026 3:44:58 PM org.eclipse.lsp4j.jsonrpc.RemoteEndpoint handleCancellation
WARNING: Unmatched cancel notification for request id 625
2026.05.10 15:44:57 INFO  no build target found for /home/prerit/Projects-Code/My-Learning/DSA-Pepcoding/Basics/GradingSystem.java. Using fallback presentation compiler.
2026.05.10 15:44:57 INFO  no build target found for /home/prerit/Projects-Code/My-Learning/DSA-Pepcoding/Basics/GradingSystem.java. Using fallback presentation compiler.
2026.05.10 15:44:58 WARN  Running javac-semanticdb failed for file:///home/prerit/Projects-Code/My-Learning/DSA-Pepcoding/Basics/GradingSystem.java. Output:

2026.05.10 15:44:58 INFO  no build target found for /home/prerit/Projects-Code/My-Learning/DSA-Pepcoding/Basics/GradingSystem.java. Using fallback presentation compiler.
2026.05.10 15:44:59 WARN  no build target for: /home/prerit/Projects-Code/My-Learning/DSA-Pepcoding/Basics/GradingSystem.java
2026.05.10 15:44:59 INFO  no build target found for /home/prerit/Projects-Code/My-Learning/DSA-Pepcoding/Basics/GradingSystem.java. Using fallback presentation compiler.
2026.05.10 15:44:59 INFO  no build target found for /home/prerit/Projects-Code/My-Learning/DSA-Pepcoding/Basics/GradingSystem.java. Using fallback presentation compiler.
2026.05.10 15:44:59 INFO  no build target found for /home/prerit/Projects-Code/My-Learning/DSA-Pepcoding/Basics/GradingSystem.java. Using fallback presentation compiler.
2026.05.10 15:44:59 INFO  no build target found for /home/prerit/Projects-Code/My-Learning/DSA-Pepcoding/Basics/GradingSystem.java. Using fallback presentation compiler.
2026.05.10 15:45:00 INFO  no build target found for /home/prerit/Projects-Code/My-Learning/DSA-Pepcoding/Basics/GradingSystem.java. Using fallback presentation compiler.
2026.05.10 15:45:00 INFO  no build target found for /home/prerit/Projects-Code/My-Learning/DSA-Pepcoding/Basics/GradingSystem.java. Using fallback presentation compiler.
2026.05.10 15:45:00 INFO  no build target found for /home/prerit/Projects-Code/My-Learning/DSA-Pepcoding/Basics/GradingSystem.java. Using fallback presentation compiler.
2026.05.10 15:45:01 WARN  Running javac-semanticdb failed for file:///home/prerit/Projects-Code/My-Learning/DSA-Pepcoding/Basics/GradingSystem.java. Output:

2026.05.10 15:45:01 INFO  no build target found for /home/prerit/Projects-Code/My-Learning/DSA-Pepcoding/Basics/GradingSystem.java. Using fallback presentation compiler.
2026.05.10 15:45:00 INFO  no build target found for /home/prerit/Projects-Code/My-Learning/DSA-Pepcoding/Basics/GradingSystem.java. Using fallback presentation compiler.
2026.05.10 15:45:00 INFO  no build target found for /home/prerit/Projects-Code/My-Learning/DSA-Pepcoding/Basics/GradingSystem.java. Using fallback presentation compiler.
2026.05.10 15:45:00 INFO  no build target found for /home/prerit/Projects-Code/My-Learning/DSA-Pepcoding/Basics/GradingSystem.java. Using fallback presentation compiler.
2026.05.10 15:45:00 INFO  no build target found for /home/prerit/Projects-Code/My-Learning/DSA-Pepcoding/Basics/GradingSystem.java. Using fallback presentation compiler.
2026.05.10 15:45:01 INFO  no build target found for /home/prerit/Projects-Code/My-Learning/DSA-Pepcoding/Basics/GradingSystem.java. Using fallback presentation compiler.
2026.05.10 15:45:01 INFO  no build target found for /home/prerit/Projects-Code/My-Learning/DSA-Pepcoding/Basics/GradingSystem.java. Using fallback presentation compiler.
2026.05.10 15:45:01 INFO  no build target found for /home/prerit/Projects-Code/My-Learning/DSA-Pepcoding/Basics/GradingSystem.java. Using fallback presentation compiler.
2026.05.10 15:45:01 WARN  Running javac-semanticdb failed for file:///home/prerit/Projects-Code/My-Learning/DSA-Pepcoding/Basics/GradingSystem.java. Output:

2026.05.10 15:45:01 INFO  no build target found for /home/prerit/Projects-Code/My-Learning/DSA-Pepcoding/Basics/GradingSystem.java. Using fallback presentation compiler.
2026.05.10 15:45:02 INFO  no build target found for /home/prerit/Projects-Code/My-Learning/DSA-Pepcoding/Basics/GradingSystem.java. Using fallback presentation compiler.
2026.05.10 15:45:01 INFO  no build target found for /home/prerit/Projects-Code/My-Learning/DSA-Pepcoding/Basics/GradingSystem.java. Using fallback presentation compiler.
2026.05.10 15:45:03 INFO  no build target found for /home/prerit/Projects-Code/My-Learning/DSA-Pepcoding/Basics/GradingSystem.java. Using fallback presentation compiler.
2026.05.10 15:45:03 INFO  no build target found for /home/prerit/Projects-Code/My-Learning/DSA-Pepcoding/Basics/GradingSystem.java. Using fallback presentation compiler.
2026.05.10 15:45:03 INFO  no build target found for /home/prerit/Projects-Code/My-Learning/DSA-Pepcoding/Basics/GradingSystem.java. Using fallback presentation compiler.
2026.05.10 15:45:02 WARN  Running javac-semanticdb failed for file:///home/prerit/Projects-Code/My-Learning/DSA-Pepcoding/Basics/GradingSystem.java. Output:

2026.05.10 15:45:03 INFO  no build target found for /home/prerit/Projects-Code/My-Learning/DSA-Pepcoding/Basics/GradingSystem.java. Using fallback presentation compiler.
2026.05.10 15:45:04 INFO  no build target found for /home/prerit/Projects-Code/My-Learning/DSA-Pepcoding/Basics/GradingSystem.java. Using fallback presentation compiler.
2026.05.10 15:45:03 INFO  no build target found for /home/prerit/Projects-Code/My-Learning/DSA-Pepcoding/Basics/GradingSystem.java. Using fallback presentation compiler.
2026.05.10 15:45:04 WARN  Running javac-semanticdb failed for file:///home/prerit/Projects-Code/My-Learning/DSA-Pepcoding/Basics/GradingSystem.java. Output:

2026.05.10 15:45:04 INFO  no build target found for /home/prerit/Projects-Code/My-Learning/DSA-Pepcoding/Basics/GradingSystem.java. Using fallback presentation compiler.
2026.05.10 15:45:04 WARN  no build target for: /home/prerit/Projects-Code/My-Learning/DSA-Pepcoding/Basics/GradingSystem.java
2026.05.10 15:45:04 INFO  no build target found for /home/prerit/Projects-Code/My-Learning/DSA-Pepcoding/Basics/GradingSystem.java. Using fallback presentation compiler.
2026.05.10 15:45:07 INFO  no build target found for /home/prerit/Projects-Code/My-Learning/DSA-Pepcoding/Basics/GradingSystem.java. Using fallback presentation compiler.
2026.05.10 15:45:07 INFO  no build target found for /home/prerit/Projects-Code/My-Learning/DSA-Pepcoding/Basics/GradingSystem.java. Using fallback presentation compiler.
2026.05.10 15:45:07 INFO  no build target found for /home/prerit/Projects-Code/My-Learning/DSA-Pepcoding/Basics/GradingSystem.java. Using fallback presentation compiler.
2026.05.10 15:45:08 INFO  no build target found for /home/prerit/Projects-Code/My-Learning/DSA-Pepcoding/Basics/GradingSystem.java. Using fallback presentation compiler.
2026.05.10 15:45:08 INFO  no build target found for /home/prerit/Projects-Code/My-Learning/DSA-Pepcoding/Basics/GradingSystem.java. Using fallback presentation compiler.
2026.05.10 15:45:08 WARN  Running javac-semanticdb failed for file:///home/prerit/Projects-Code/My-Learning/DSA-Pepcoding/Basics/GradingSystem.java. Output:

2026.05.10 15:45:08 INFO  no build target found for /home/prerit/Projects-Code/My-Learning/DSA-Pepcoding/Basics/GradingSystem.java. Using fallback presentation compiler.
2026.05.10 15:45:08 INFO  no build target found for /home/prerit/Projects-Code/My-Learning/DSA-Pepcoding/Basics/GradingSystem.java. Using fallback presentation compiler.
2026.05.10 15:45:09 INFO  no build target found for /home/prerit/Projects-Code/My-Learning/DSA-Pepcoding/Basics/GradingSystem.java. Using fallback presentation compiler.
2026.05.10 15:45:09 WARN  Running javac-semanticdb failed for file:///home/prerit/Projects-Code/My-Learning/DSA-Pepcoding/Basics/GradingSystem.java. Output:

2026.05.10 15:45:09 WARN  no build target for: /home/prerit/Projects-Code/My-Learning/DSA-Pepcoding/Basics/GradingSystem.java
2026.05.10 15:45:09 INFO  no build target found for /home/prerit/Projects-Code/My-Learning/DSA-Pepcoding/Basics/GradingSystem.java. Using fallback presentation compiler.
2026.05.10 15:45:10 INFO  no build target found for /home/prerit/Projects-Code/My-Learning/DSA-Pepcoding/Basics/GradingSystem.java. Using fallback presentation compiler.
2026.05.10 15:45:10 INFO  no build target found for /home/prerit/Projects-Code/My-Learning/DSA-Pepcoding/Basics/GradingSystem.java. Using fallback presentation compiler.
2026.05.10 15:45:10 INFO  no build target found for /home/prerit/Projects-Code/My-Learning/DSA-Pepcoding/Basics/GradingSystem.java. Using fallback presentation compiler.
2026.05.10 15:45:10 INFO  no build target found for /home/prerit/Projects-Code/My-Learning/DSA-Pepcoding/Basics/GradingSystem.java. Using fallback presentation compiler.
2026.05.10 15:45:10 INFO  no build target found for /home/prerit/Projects-Code/My-Learning/DSA-Pepcoding/Basics/GradingSystem.java. Using fallback presentation compiler.
2026.05.10 15:45:11 INFO  no build target found for /home/prerit/Projects-Code/My-Learning/DSA-Pepcoding/Basics/GradingSystem.java. Using fallback presentation compiler.
2026.05.10 15:45:11 INFO  no build target found for /home/prerit/Projects-Code/My-Learning/DSA-Pepcoding/Basics/GradingSystem.java. Using fallback presentation compiler.
2026.05.10 15:45:12 WARN  no build target for: /home/prerit/Projects-Code/My-Learning/DSA-Pepcoding/Basics/GradingSystem.java
2026.05.10 15:45:11 INFO  no build target found for /home/prerit/Projects-Code/My-Learning/DSA-Pepcoding/Basics/GradingSystem.java. Using fallback presentation compiler.
2026.05.10 15:45:13 INFO  no build target found for /home/prerit/Projects-Code/My-Learning/DSA-Pepcoding/Basics/GradingSystem.java. Using fallback presentation compiler.
2026.05.10 15:45:13 INFO  no build target found for /home/prerit/Projects-Code/My-Learning/DSA-Pepcoding/Basics/GradingSystem.java. Using fallback presentation compiler.
2026.05.10 15:45:13 INFO  no build target found for /home/prerit/Projects-Code/My-Learning/DSA-Pepcoding/Basics/GradingSystem.java. Using fallback presentation compiler.
2026.05.10 15:45:13 INFO  no build target found for /home/prerit/Projects-Code/My-Learning/DSA-Pepcoding/Basics/GradingSystem.java. Using fallback presentation compiler.
2026.05.10 15:45:13 INFO  no build target found for /home/prerit/Projects-Code/My-Learning/DSA-Pepcoding/Basics/GradingSystem.java. Using fallback presentation compiler.
2026.05.10 15:45:13 WARN  Running javac-semanticdb failed for file:///home/prerit/Projects-Code/My-Learning/DSA-Pepcoding/Basics/GradingSystem.java. Output:

2026.05.10 15:45:13 INFO  no build target found for /home/prerit/Projects-Code/My-Learning/DSA-Pepcoding/Basics/GradingSystem.java. Using fallback presentation compiler.
2026.05.10 15:45:14 INFO  no build target found for /home/prerit/Projects-Code/My-Learning/DSA-Pepcoding/Basics/GradingSystem.java. Using fallback presentation compiler.
2026.05.10 15:45:14 WARN  no build target for: /home/prerit/Projects-Code/My-Learning/DSA-Pepcoding/Basics/GradingSystem.java
2026.05.10 15:45:14 INFO  no build target found for /home/prerit/Projects-Code/My-Learning/DSA-Pepcoding/Basics/GradingSystem.java. Using fallback presentation compiler.
2026.05.10 15:45:15 INFO  no build target found for /home/prerit/Projects-Code/My-Learning/DSA-Pepcoding/Basics/GradingSystem.java. Using fallback presentation compiler.
2026.05.10 15:45:18 WARN  no build target for: /home/prerit/Projects-Code/My-Learning/DSA-Pepcoding/Basics/GradingSystem.java
2026.05.10 15:45:18 INFO  no build target found for /home/prerit/Projects-Code/My-Learning/DSA-Pepcoding/Basics/GradingSystem.java. Using fallback presentation compiler.
2026.05.10 15:45:19 INFO  no build target found for /home/prerit/Projects-Code/My-Learning/DSA-Pepcoding/Basics/GradingSystem.java. Using fallback presentation compiler.
2026.05.10 15:45:18 INFO  no build target found for /home/prerit/Projects-Code/My-Learning/DSA-Pepcoding/Basics/GradingSystem.java. Using fallback presentation compiler.
May 10, 2026 3:45:29 PM org.eclipse.lsp4j.jsonrpc.services.GenericEndpoint notify
INFO: Unsupported notification method: $/setTrace
May 10, 2026 3:45:33 PM org.eclipse.lsp4j.jsonrpc.services.GenericEndpoint notify
INFO: Unsupported notification method: $/setTrace
2026.05.10 15:45:36 WARN  no build target for: /home/prerit/Projects-Code/My-Learning/DSA-Pepcoding/Basics/GradingSystem.java
2026.05.10 15:45:36 INFO  no build target found for /home/prerit/Projects-Code/My-Learning/DSA-Pepcoding/Basics/GradingSystem.java. Using fallback presentation compiler.
2026.05.10 15:45:36 INFO  no build target found for /home/prerit/Projects-Code/My-Learning/DSA-Pepcoding/Basics/GradingSystem.java. Using fallback presentation compiler.
2026.05.10 15:45:36 INFO  no build target found for /home/prerit/Projects-Code/My-Learning/DSA-Pepcoding/Basics/GradingSystem.java. Using fallback presentation compiler.
2026.05.10 15:45:39 INFO  no build target found for /home/prerit/Projects-Code/My-Learning/DSA-Pepcoding/Basics/GradingSystem.java. Using fallback presentation compiler.
2026.05.10 15:45:39 INFO  no build target found for /home/prerit/Projects-Code/My-Learning/DSA-Pepcoding/Basics/GradingSystem.java. Using fallback presentation compiler.
2026.05.10 15:45:39 INFO  no build target found for /home/prerit/Projects-Code/My-Learning/DSA-Pepcoding/Basics/GradingSystem.java. Using fallback presentation compiler.
2026.05.10 15:45:39 INFO  no build target found for /home/prerit/Projects-Code/My-Learning/DSA-Pepcoding/Basics/GradingSystem.java. Using fallback presentation compiler.
2026.05.10 15:45:40 WARN  no build target for: /home/prerit/Projects-Code/My-Learning/DSA-Pepcoding/Basics/GradingSystem.java
2026.05.10 15:45:40 INFO  no build target found for /home/prerit/Projects-Code/My-Learning/DSA-Pepcoding/Basics/GradingSystem.java. Using fallback presentation compiler.
2026.05.10 15:45:39 INFO  no build target found for /home/prerit/Projects-Code/My-Learning/DSA-Pepcoding/Basics/GradingSystem.java. Using fallback presentation compiler.
2026.05.10 15:45:39 INFO  no build target found for /home/prerit/Projects-Code/My-Learning/DSA-Pepcoding/Basics/GradingSystem.java. Using fallback presentation compiler.
2026.05.10 15:45:40 INFO  no build target found for /home/prerit/Projects-Code/My-Learning/DSA-Pepcoding/Basics/GradingSystem.java. Using fallback presentation compiler.
2026.05.10 15:45:40 INFO  no build target found for /home/prerit/Projects-Code/My-Learning/DSA-Pepcoding/Basics/GradingSystem.java. Using fallback presentation compiler.
2026.05.10 15:45:40 INFO  no build target found for /home/prerit/Projects-Code/My-Learning/DSA-Pepcoding/Basics/GradingSystem.java. Using fallback presentation compiler.
2026.05.10 15:45:40 INFO  no build target found for /home/prerit/Projects-Code/My-Learning/DSA-Pepcoding/Basics/GradingSystem.java. Using fallback presentation compiler.
2026.05.10 15:45:41 INFO  no build target found for /home/prerit/Projects-Code/My-Learning/DSA-Pepcoding/Basics/GradingSystem.java. Using fallback presentation compiler.
2026.05.10 15:45:40 INFO  no build target found for /home/prerit/Projects-Code/My-Learning/DSA-Pepcoding/Basics/GradingSystem.java. Using fallback presentation compiler.
2026.05.10 15:45:42 INFO  no build target found for /home/prerit/Projects-Code/My-Learning/DSA-Pepcoding/Basics/GradingSystem.java. Using fallback presentation compiler.
2026.05.10 15:45:42 WARN  no build target for: /home/prerit/Projects-Code/My-Learning/DSA-Pepcoding/Basics/GradingSystem.java
2026.05.10 15:45:42 INFO  no build target found for /home/prerit/Projects-Code/My-Learning/DSA-Pepcoding/Basics/GradingSystem.java. Using fallback presentation compiler.
2026.05.10 15:45:42 INFO  no build target found for /home/prerit/Projects-Code/My-Learning/DSA-Pepcoding/Basics/GradingSystem.java. Using fallback presentation compiler.
2026.05.10 15:45:42 INFO  no build target found for /home/prerit/Projects-Code/My-Learning/DSA-Pepcoding/Basics/GradingSystem.java. Using fallback presentation compiler.
2026.05.10 15:45:43 INFO  no build target found for /home/prerit/Projects-Code/My-Learning/DSA-Pepcoding/Basics/GradingSystem.java. Using fallback presentation compiler.
2026.05.10 15:45:43 INFO  no build target found for /home/prerit/Projects-Code/My-Learning/DSA-Pepcoding/Basics/GradingSystem.java. Using fallback presentation compiler.
2026.05.10 15:45:43 INFO  no build target found for /home/prerit/Projects-Code/My-Learning/DSA-Pepcoding/Basics/GradingSystem.java. Using fallback presentation compiler.
2026.05.10 15:45:44 INFO  no build target found for /home/prerit/Projects-Code/My-Learning/DSA-Pepcoding/Basics/GradingSystem.java. Using fallback presentation compiler.
2026.05.10 15:45:44 INFO  no build target found for /home/prerit/Projects-Code/My-Learning/DSA-Pepcoding/Basics/GradingSystem.java. Using fallback presentation compiler.
2026.05.10 15:45:44 INFO  no build target found for /home/prerit/Projects-Code/My-Learning/DSA-Pepcoding/Basics/GradingSystem.java. Using fallback presentation compiler.
2026.05.10 15:45:44 INFO  no build target found for /home/prerit/Projects-Code/My-Learning/DSA-Pepcoding/Basics/GradingSystem.java. Using fallback presentation compiler.
2026.05.10 15:45:44 INFO  no build target found for /home/prerit/Projects-Code/My-Learning/DSA-Pepcoding/Basics/GradingSystem.java. Using fallback presentation compiler.
2026.05.10 15:45:44 INFO  no build target found for /home/prerit/Projects-Code/My-Learning/DSA-Pepcoding/Basics/GradingSystem.java. Using fallback presentation compiler.
2026.05.10 15:45:44 INFO  no build target found for /home/prerit/Projects-Code/My-Learning/DSA-Pepcoding/Basics/GradingSystem.java. Using fallback presentation compiler.
2026.05.10 15:45:45 INFO  no build target found for /home/prerit/Projects-Code/My-Learning/DSA-Pepcoding/Basics/GradingSystem.java. Using fallback presentation compiler.
2026.05.10 15:45:45 INFO  no build target found for /home/prerit/Projects-Code/My-Learning/DSA-Pepcoding/Basics/GradingSystem.java. Using fallback presentation compiler.
2026.05.10 15:45:45 INFO  no build target found for /home/prerit/Projects-Code/My-Learning/DSA-Pepcoding/Basics/GradingSystem.java. Using fallback presentation compiler.
2026.05.10 15:45:45 INFO  no build target found for /home/prerit/Projects-Code/My-Learning/DSA-Pepcoding/Basics/GradingSystem.java. Using fallback presentation compiler.
2026.05.10 15:45:45 INFO  no build target found for /home/prerit/Projects-Code/My-Learning/DSA-Pepcoding/Basics/GradingSystem.java. Using fallback presentation compiler.
2026.05.10 15:45:45 INFO  no build target found for /home/prerit/Projects-Code/My-Learning/DSA-Pepcoding/Basics/GradingSystem.java. Using fallback presentation compiler.
2026.05.10 15:45:46 INFO  no build target found for /home/prerit/Projects-Code/My-Learning/DSA-Pepcoding/Basics/GradingSystem.java. Using fallback presentation compiler.
2026.05.10 15:45:47 INFO  no build target found for /home/prerit/Projects-Code/My-Learning/DSA-Pepcoding/Basics/GradingSystem.java. Using fallback presentation compiler.
2026.05.10 15:45:46 INFO  no build target found for /home/prerit/Projects-Code/My-Learning/DSA-Pepcoding/Basics/GradingSystem.java. Using fallback presentation compiler.
2026.05.10 15:45:47 INFO  no build target found for /home/prerit/Projects-Code/My-Learning/DSA-Pepcoding/Basics/GradingSystem.java. Using fallback presentation compiler.
2026.05.10 15:45:47 INFO  no build target found for /home/prerit/Projects-Code/My-Learning/DSA-Pepcoding/Basics/GradingSystem.java. Using fallback presentation compiler.
2026.05.10 15:45:47 INFO  no build target found for /home/prerit/Projects-Code/My-Learning/DSA-Pepcoding/Basics/GradingSystem.java. Using fallback presentation compiler.
May 10, 2026 3:45:47 PM org.eclipse.lsp4j.jsonrpc.RemoteEndpoint handleCancellation
WARNING: Unmatched cancel notification for request id 791
2026.05.10 15:45:47 INFO  no build target found for /home/prerit/Projects-Code/My-Learning/DSA-Pepcoding/Basics/GradingSystem.java. Using fallback presentation compiler.
2026.05.10 15:45:47 INFO  no build target found for /home/prerit/Projects-Code/My-Learning/DSA-Pepcoding/Basics/GradingSystem.java. Using fallback presentation compiler.
2026.05.10 15:45:48 INFO  no build target found for /home/prerit/Projects-Code/My-Learning/DSA-Pepcoding/Basics/GradingSystem.java. Using fallback presentation compiler.
2026.05.10 15:45:48 WARN  no build target for: /home/prerit/Projects-Code/My-Learning/DSA-Pepcoding/Basics/GradingSystem.java
2026.05.10 15:45:48 INFO  no build target found for /home/prerit/Projects-Code/My-Learning/DSA-Pepcoding/Basics/GradingSystem.java. Using fallback presentation compiler.
2026.05.10 15:45:48 INFO  no build target found for /home/prerit/Projects-Code/My-Learning/DSA-Pepcoding/Basics/GradingSystem.java. Using fallback presentation compiler.
2026.05.10 15:45:48 INFO  no build target found for /home/prerit/Projects-Code/My-Learning/DSA-Pepcoding/Basics/GradingSystem.java. Using fallback presentation compiler.
2026.05.10 15:45:48 INFO  no build target found for /home/prerit/Projects-Code/My-Learning/DSA-Pepcoding/Basics/GradingSystem.java. Using fallback presentation compiler.
2026.05.10 15:45:48 INFO  no build target found for /home/prerit/Projects-Code/My-Learning/DSA-Pepcoding/Basics/GradingSystem.java. Using fallback presentation compiler.
2026.05.10 15:45:48 WARN  Running javac-semanticdb failed for file:///home/prerit/Projects-Code/My-Learning/DSA-Pepcoding/Basics/GradingSystem.java. Output:

2026.05.10 15:45:49 INFO  no build target found for /home/prerit/Projects-Code/My-Learning/DSA-Pepcoding/Basics/GradingSystem.java. Using fallback presentation compiler.
2026.05.10 15:45:49 INFO  no build target found for /home/prerit/Projects-Code/My-Learning/DSA-Pepcoding/Basics/GradingSystem.java. Using fallback presentation compiler.
2026.05.10 15:45:49 INFO  no build target found for /home/prerit/Projects-Code/My-Learning/DSA-Pepcoding/Basics/GradingSystem.java. Using fallback presentation compiler.
2026.05.10 15:45:49 INFO  no build target found for /home/prerit/Projects-Code/My-Learning/DSA-Pepcoding/Basics/GradingSystem.java. Using fallback presentation compiler.
May 10, 2026 3:45:50 PM org.eclipse.lsp4j.jsonrpc.RemoteEndpoint handleCancellation
WARNING: Unmatched cancel notification for request id 812
2026.05.10 15:45:49 INFO  no build target found for /home/prerit/Projects-Code/My-Learning/DSA-Pepcoding/Basics/GradingSystem.java. Using fallback presentation compiler.
2026.05.10 15:45:50 INFO  no build target found for /home/prerit/Projects-Code/My-Learning/DSA-Pepcoding/Basics/GradingSystem.java. Using fallback presentation compiler.
2026.05.10 15:45:49 INFO  no build target found for /home/prerit/Projects-Code/My-Learning/DSA-Pepcoding/Basics/GradingSystem.java. Using fallback presentation compiler.
2026.05.10 15:45:50 INFO  no build target found for /home/prerit/Projects-Code/My-Learning/DSA-Pepcoding/Basics/GradingSystem.java. Using fallback presentation compiler.
2026.05.10 15:45:50 INFO  no build target found for /home/prerit/Projects-Code/My-Learning/DSA-Pepcoding/Basics/GradingSystem.java. Using fallback presentation compiler.
2026.05.10 15:45:50 WARN  Running javac-semanticdb failed for file:///home/prerit/Projects-Code/My-Learning/DSA-Pepcoding/Basics/GradingSystem.java. Output:

2026.05.10 15:45:50 INFO  no build target found for /home/prerit/Projects-Code/My-Learning/DSA-Pepcoding/Basics/GradingSystem.java. Using fallback presentation compiler.
2026.05.10 15:45:50 INFO  no build target found for /home/prerit/Projects-Code/My-Learning/DSA-Pepcoding/Basics/GradingSystem.java. Using fallback presentation compiler.
2026.05.10 15:45:51 WARN  no build target for: /home/prerit/Projects-Code/My-Learning/DSA-Pepcoding/Basics/GradingSystem.java
2026.05.10 15:45:51 INFO  no build target found for /home/prerit/Projects-Code/My-Learning/DSA-Pepcoding/Basics/GradingSystem.java. Using fallback presentation compiler.
2026.05.10 15:45:52 INFO  no build target found for /home/prerit/Projects-Code/My-Learning/DSA-Pepcoding/Basics/GradingSystem.java. Using fallback presentation compiler.
2026.05.10 15:45:52 INFO  no build target found for /home/prerit/Projects-Code/My-Learning/DSA-Pepcoding/Basics/GradingSystem.java. Using fallback presentation compiler.
2026.05.10 15:45:52 INFO  no build target found for /home/prerit/Projects-Code/My-Learning/DSA-Pepcoding/Basics/GradingSystem.java. Using fallback presentation compiler.
2026.05.10 15:45:52 INFO  no build target found for /home/prerit/Projects-Code/My-Learning/DSA-Pepcoding/Basics/GradingSystem.java. Using fallback presentation compiler.
2026.05.10 15:45:52 INFO  no build target found for /home/prerit/Projects-Code/My-Learning/DSA-Pepcoding/Basics/GradingSystem.java. Using fallback presentation compiler.
2026.05.10 15:45:53 INFO  no build target found for /home/prerit/Projects-Code/My-Learning/DSA-Pepcoding/Basics/GradingSystem.java. Using fallback presentation compiler.
2026.05.10 15:45:52 INFO  no build target found for /home/prerit/Projects-Code/My-Learning/DSA-Pepcoding/Basics/GradingSystem.java. Using fallback presentation compiler.
2026.05.10 15:45:53 WARN  Running javac-semanticdb failed for file:///home/prerit/Projects-Code/My-Learning/DSA-Pepcoding/Basics/GradingSystem.java. Output:

2026.05.10 15:45:52 INFO  no build target found for /home/prerit/Projects-Code/My-Learning/DSA-Pepcoding/Basics/GradingSystem.java. Using fallback presentation compiler.
2026.05.10 15:45:53 INFO  no build target found for /home/prerit/Projects-Code/My-Learning/DSA-Pepcoding/Basics/GradingSystem.java. Using fallback presentation compiler.
2026.05.10 15:45:53 INFO  no build target found for /home/prerit/Projects-Code/My-Learning/DSA-Pepcoding/Basics/GradingSystem.java. Using fallback presentation compiler.
2026.05.10 15:45:53 INFO  no build target found for /home/prerit/Projects-Code/My-Learning/DSA-Pepcoding/Basics/GradingSystem.java. Using fallback presentation compiler.
2026.05.10 15:45:53 INFO  no build target found for /home/prerit/Projects-Code/My-Learning/DSA-Pepcoding/Basics/GradingSystem.java. Using fallback presentation compiler.
2026.05.10 15:45:53 WARN  Running javac-semanticdb failed for file:///home/prerit/Projects-Code/My-Learning/DSA-Pepcoding/Basics/GradingSystem.java. Output:

2026.05.10 15:45:53 INFO  no build target found for /home/prerit/Projects-Code/My-Learning/DSA-Pepcoding/Basics/GradingSystem.java. Using fallback presentation compiler.
2026.05.10 15:45:54 WARN  no build target for: /home/prerit/Projects-Code/My-Learning/DSA-Pepcoding/Basics/GradingSystem.java
2026.05.10 15:45:54 INFO  no build target found for /home/prerit/Projects-Code/My-Learning/DSA-Pepcoding/Basics/GradingSystem.java. Using fallback presentation compiler.
2026.05.10 15:45:55 INFO  no build target found for /home/prerit/Projects-Code/My-Learning/DSA-Pepcoding/Basics/GradingSystem.java. Using fallback presentation compiler.
2026.05.10 15:45:55 INFO  no build target found for /home/prerit/Projects-Code/My-Learning/DSA-Pepcoding/Basics/GradingSystem.java. Using fallback presentation compiler.
2026.05.10 15:45:55 INFO  no build target found for /home/prerit/Projects-Code/My-Learning/DSA-Pepcoding/Basics/GradingSystem.java. Using fallback presentation compiler.
2026.05.10 15:45:55 INFO  no build target found for /home/prerit/Projects-Code/My-Learning/DSA-Pepcoding/Basics/GradingSystem.java. Using fallback presentation compiler.
2026.05.10 15:45:55 INFO  no build target found for /home/prerit/Projects-Code/My-Learning/DSA-Pepcoding/Basics/GradingSystem.java. Using fallback presentation compiler.
2026.05.10 15:45:56 WARN  Running javac-semanticdb failed for file:///home/prerit/Projects-Code/My-Learning/DSA-Pepcoding/Basics/GradingSystem.java. Output:

2026.05.10 15:45:55 INFO  no build target found for /home/prerit/Projects-Code/My-Learning/DSA-Pepcoding/Basics/GradingSystem.java. Using fallback presentation compiler.
2026.05.10 15:45:56 WARN  Running javac-semanticdb failed for file:///home/prerit/Projects-Code/My-Learning/DSA-Pepcoding/Basics/GradingSystem.java. Output:

2026.05.10 15:45:56 INFO  no build target found for /home/prerit/Projects-Code/My-Learning/DSA-Pepcoding/Basics/GradingSystem.java. Using fallback presentation compiler.
2026.05.10 15:45:57 INFO  no build target found for /home/prerit/Projects-Code/My-Learning/DSA-Pepcoding/Basics/GradingSystem.java. Using fallback presentation compiler.
2026.05.10 15:45:57 INFO  no build target found for /home/prerit/Projects-Code/My-Learning/DSA-Pepcoding/Basics/GradingSystem.java. Using fallback presentation compiler.
2026.05.10 15:45:57 INFO  no build target found for /home/prerit/Projects-Code/My-Learning/DSA-Pepcoding/Basics/GradingSystem.java. Using fallback presentation compiler.
2026.05.10 15:45:56 INFO  no build target found for /home/prerit/Projects-Code/My-Learning/DSA-Pepcoding/Basics/GradingSystem.java. Using fallback presentation compiler.
2026.05.10 15:45:57 INFO  no build target found for /home/prerit/Projects-Code/My-Learning/DSA-Pepcoding/Basics/GradingSystem.java. Using fallback presentation compiler.
2026.05.10 15:45:57 WARN  Running javac-semanticdb failed for file:///home/prerit/Projects-Code/My-Learning/DSA-Pepcoding/Basics/GradingSystem.java. Output:

2026.05.10 15:45:58 INFO  no build target found for /home/prerit/Projects-Code/My-Learning/DSA-Pepcoding/Basics/GradingSystem.java. Using fallback presentation compiler.
2026.05.10 15:45:58 WARN  no build target for: /home/prerit/Projects-Code/My-Learning/DSA-Pepcoding/Basics/GradingSystem.java
2026.05.10 15:45:58 INFO  no build target found for /home/prerit/Projects-Code/My-Learning/DSA-Pepcoding/Basics/GradingSystem.java. Using fallback presentation compiler.
2026.05.10 15:45:58 INFO  no build target found for /home/prerit/Projects-Code/My-Learning/DSA-Pepcoding/Basics/GradingSystem.java. Using fallback presentation compiler.
2026.05.10 15:45:59 INFO  no build target found for /home/prerit/Projects-Code/My-Learning/DSA-Pepcoding/Basics/GradingSystem.java. Using fallback presentation compiler.
2026.05.10 15:45:59 INFO  no build target found for /home/prerit/Projects-Code/My-Learning/DSA-Pepcoding/Basics/GradingSystem.java. Using fallback presentation compiler.
2026.05.10 15:45:59 INFO  no build target found for /home/prerit/Projects-Code/My-Learning/DSA-Pepcoding/Basics/GradingSystem.java. Using fallback presentation compiler.
2026.05.10 15:45:59 WARN  Running javac-semanticdb failed for file:///home/prerit/Projects-Code/My-Learning/DSA-Pepcoding/Basics/GradingSystem.java. Output:

2026.05.10 15:45:59 INFO  no build target found for /home/prerit/Projects-Code/My-Learning/DSA-Pepcoding/Basics/GradingSystem.java. Using fallback presentation compiler.
2026.05.10 15:45:59 INFO  no build target found for /home/prerit/Projects-Code/My-Learning/DSA-Pepcoding/Basics/GradingSystem.java. Using fallback presentation compiler.
2026.05.10 15:46:00 WARN  no build target for: /home/prerit/Projects-Code/My-Learning/DSA-Pepcoding/Basics/GradingSystem.java
2026.05.10 15:46:00 INFO  no build target found for /home/prerit/Projects-Code/My-Learning/DSA-Pepcoding/Basics/GradingSystem.java. Using fallback presentation compiler.
2026.05.10 15:46:00 INFO  no build target found for /home/prerit/Projects-Code/My-Learning/DSA-Pepcoding/Basics/GradingSystem.java. Using fallback presentation compiler.
2026.05.10 15:46:00 INFO  no build target found for /home/prerit/Projects-Code/My-Learning/DSA-Pepcoding/Basics/GradingSystem.java. Using fallback presentation compiler.
2026.05.10 15:46:05 WARN  no build target for: /home/prerit/Projects-Code/My-Learning/DSA-Pepcoding/Basics/GradingSystem.java
2026.05.10 15:46:05 INFO  no build target found for /home/prerit/Projects-Code/My-Learning/DSA-Pepcoding/Basics/GradingSystem.java. Using fallback presentation compiler.
2026.05.10 15:46:05 INFO  no build target found for /home/prerit/Projects-Code/My-Learning/DSA-Pepcoding/Basics/GradingSystem.java. Using fallback presentation compiler.
2026.05.10 15:46:05 INFO  no build target found for /home/prerit/Projects-Code/My-Learning/DSA-Pepcoding/Basics/GradingSystem.java. Using fallback presentation compiler.
May 10, 2026 3:46:12 PM org.eclipse.lsp4j.jsonrpc.services.GenericEndpoint notify
INFO: Unsupported notification method: $/setTrace
2026.05.10 15:46:13 WARN  no build target for: /home/prerit/Projects-Code/My-Learning/DSA-Pepcoding/Basics/GradingSystem.java
2026.05.10 15:46:13 INFO  no build target found for /home/prerit/Projects-Code/My-Learning/DSA-Pepcoding/Basics/GradingSystem.java. Using fallback presentation compiler.
2026.05.10 15:46:13 INFO  no build target found for /home/prerit/Projects-Code/My-Learning/DSA-Pepcoding/Basics/GradingSystem.java. Using fallback presentation compiler.
2026.05.10 15:46:13 INFO  no build target found for /home/prerit/Projects-Code/My-Learning/DSA-Pepcoding/Basics/GradingSystem.java. Using fallback presentation compiler.
2026.05.10 15:46:13 INFO  no build target found for /home/prerit/Projects-Code/My-Learning/DSA-Pepcoding/Basics/GradingSystem.java. Using fallback presentation compiler.
2026.05.10 15:46:16 INFO  no build target found for /home/prerit/Projects-Code/My-Learning/DSA-Pepcoding/Basics/GradingSystem.java. Using fallback presentation compiler.
2026.05.10 15:46:16 INFO  no build target found for /home/prerit/Projects-Code/My-Learning/DSA-Pepcoding/Basics/GradingSystem.java. Using fallback presentation compiler.
2026.05.10 15:46:16 INFO  no build target found for /home/prerit/Projects-Code/My-Learning/DSA-Pepcoding/Basics/GradingSystem.java. Using fallback presentation compiler.
2026.05.10 15:46:16 INFO  no build target found for /home/prerit/Projects-Code/My-Learning/DSA-Pepcoding/Basics/GradingSystem.java. Using fallback presentation compiler.
2026.05.10 15:46:16 INFO  no build target found for /home/prerit/Projects-Code/My-Learning/DSA-Pepcoding/Basics/GradingSystem.java. Using fallback presentation compiler.
2026.05.10 15:46:16 INFO  no build target found for /home/prerit/Projects-Code/My-Learning/DSA-Pepcoding/Basics/GradingSystem.java. Using fallback presentation compiler.
2026.05.10 15:46:16 INFO  no build target found for /home/prerit/Projects-Code/My-Learning/DSA-Pepcoding/Basics/GradingSystem.java. Using fallback presentation compiler.
2026.05.10 15:46:16 INFO  no build target found for /home/prerit/Projects-Code/My-Learning/DSA-Pepcoding/Basics/GradingSystem.java. Using fallback presentation compiler.
2026.05.10 15:46:16 INFO  no build target found for /home/prerit/Projects-Code/My-Learning/DSA-Pepcoding/Basics/GradingSystem.java. Using fallback presentation compiler.
2026.05.10 15:46:16 INFO  no build target found for /home/prerit/Projects-Code/My-Learning/DSA-Pepcoding/Basics/GradingSystem.java. Using fallback presentation compiler.
2026.05.10 15:46:16 INFO  no build target found for /home/prerit/Projects-Code/My-Learning/DSA-Pepcoding/Basics/GradingSystem.java. Using fallback presentation compiler.
2026.05.10 15:46:16 INFO  no build target found for /home/prerit/Projects-Code/My-Learning/DSA-Pepcoding/Basics/GradingSystem.java. Using fallback presentation compiler.
2026.05.10 15:46:17 INFO  no build target found for /home/prerit/Projects-Code/My-Learning/DSA-Pepcoding/Basics/GradingSystem.java. Using fallback presentation compiler.
2026.05.10 15:46:17 WARN  no build target for: /home/prerit/Projects-Code/My-Learning/DSA-Pepcoding/Basics/GradingSystem.java
2026.05.10 15:46:17 INFO  no build target found for /home/prerit/Projects-Code/My-Learning/DSA-Pepcoding/Basics/GradingSystem.java. Using fallback presentation compiler.
2026.05.10 15:46:17 INFO  no build target found for /home/prerit/Projects-Code/My-Learning/DSA-Pepcoding/Basics/GradingSystem.java. Using fallback presentation compiler.
2026.05.10 15:46:17 INFO  no build target found for /home/prerit/Projects-Code/My-Learning/DSA-Pepcoding/Basics/GradingSystem.java. Using fallback presentation compiler.
2026.05.10 15:46:18 INFO  no build target found for /home/prerit/Projects-Code/My-Learning/DSA-Pepcoding/Basics/GradingSystem.java. Using fallback presentation compiler.
2026.05.10 15:46:18 INFO  no build target found for /home/prerit/Projects-Code/My-Learning/DSA-Pepcoding/Basics/GradingSystem.java. Using fallback presentation compiler.
2026.05.10 15:46:18 INFO  no build target found for /home/prerit/Projects-Code/My-Learning/DSA-Pepcoding/Basics/GradingSystem.java. Using fallback presentation compiler.
2026.05.10 15:46:18 INFO  no build target found for /home/prerit/Projects-Code/My-Learning/DSA-Pepcoding/Basics/GradingSystem.java. Using fallback presentation compiler.
2026.05.10 15:46:18 INFO  no build target found for /home/prerit/Projects-Code/My-Learning/DSA-Pepcoding/Basics/GradingSystem.java. Using fallback presentation compiler.
2026.05.10 15:46:19 INFO  no build target found for /home/prerit/Projects-Code/My-Learning/DSA-Pepcoding/Basics/GradingSystem.java. Using fallback presentation compiler.
2026.05.10 15:46:20 INFO  no build target found for /home/prerit/Projects-Code/My-Learning/DSA-Pepcoding/Basics/GradingSystem.java. Using fallback presentation compiler.
2026.05.10 15:46:20 INFO  no build target found for /home/prerit/Projects-Code/My-Learning/DSA-Pepcoding/Basics/GradingSystem.java. Using fallback presentation compiler.
2026.05.10 15:46:20 INFO  no build target found for /home/prerit/Projects-Code/My-Learning/DSA-Pepcoding/Basics/GradingSystem.java. Using fallback presentation compiler.
2026.05.10 15:46:20 INFO  no build target found for /home/prerit/Projects-Code/My-Learning/DSA-Pepcoding/Basics/GradingSystem.java. Using fallback presentation compiler.
2026.05.10 15:46:20 WARN  no build target for: /home/prerit/Projects-Code/My-Learning/DSA-Pepcoding/Basics/GradingSystem.java
2026.05.10 15:46:21 INFO  no build target found for /home/prerit/Projects-Code/My-Learning/DSA-Pepcoding/Basics/GradingSystem.java. Using fallback presentation compiler.
2026.05.10 15:46:22 INFO  no build target found for /home/prerit/Projects-Code/My-Learning/DSA-Pepcoding/Basics/GradingSystem.java. Using fallback presentation compiler.
2026.05.10 15:46:22 INFO  no build target found for /home/prerit/Projects-Code/My-Learning/DSA-Pepcoding/Basics/GradingSystem.java. Using fallback presentation compiler.
2026.05.10 15:46:22 INFO  no build target found for /home/prerit/Projects-Code/My-Learning/DSA-Pepcoding/Basics/GradingSystem.java. Using fallback presentation compiler.
2026.05.10 15:46:22 INFO  no build target found for /home/prerit/Projects-Code/My-Learning/DSA-Pepcoding/Basics/GradingSystem.java. Using fallback presentation compiler.
2026.05.10 15:46:23 INFO  no build target found for /home/prerit/Projects-Code/My-Learning/DSA-Pepcoding/Basics/GradingSystem.java. Using fallback presentation compiler.
2026.05.10 15:46:23 INFO  no build target found for /home/prerit/Projects-Code/My-Learning/DSA-Pepcoding/Basics/GradingSystem.java. Using fallback presentation compiler.
2026.05.10 15:46:23 INFO  no build target found for /home/prerit/Projects-Code/My-Learning/DSA-Pepcoding/Basics/GradingSystem.java. Using fallback presentation compiler.
2026.05.10 15:46:23 WARN  Running javac-semanticdb failed for file:///home/prerit/Projects-Code/My-Learning/DSA-Pepcoding/Basics/GradingSystem.java. Output:

2026.05.10 15:46:23 INFO  no build target found for /home/prerit/Projects-Code/My-Learning/DSA-Pepcoding/Basics/GradingSystem.java. Using fallback presentation compiler.
2026.05.10 15:46:23 INFO  no build target found for /home/prerit/Projects-Code/My-Learning/DSA-Pepcoding/Basics/GradingSystem.java. Using fallback presentation compiler.
2026.05.10 15:46:23 INFO  no build target found for /home/prerit/Projects-Code/My-Learning/DSA-Pepcoding/Basics/GradingSystem.java. Using fallback presentation compiler.
2026.05.10 15:46:24 WARN  Running javac-semanticdb failed for file:///home/prerit/Projects-Code/My-Learning/DSA-Pepcoding/Basics/GradingSystem.java. Output:

2026.05.10 15:46:24 INFO  no build target found for /home/prerit/Projects-Code/My-Learning/DSA-Pepcoding/Basics/GradingSystem.java. Using fallback presentation compiler.
2026.05.10 15:46:24 INFO  no build target found for /home/prerit/Projects-Code/My-Learning/DSA-Pepcoding/Basics/GradingSystem.java. Using fallback presentation compiler.
2026.05.10 15:46:24 WARN  no build target for: /home/prerit/Projects-Code/My-Learning/DSA-Pepcoding/Basics/GradingSystem.java
2026.05.10 15:46:24 INFO  no build target found for /home/prerit/Projects-Code/My-Learning/DSA-Pepcoding/Basics/GradingSystem.java. Using fallback presentation compiler.
2026.05.10 15:46:24 INFO  no build target found for /home/prerit/Projects-Code/My-Learning/DSA-Pepcoding/Basics/GradingSystem.java. Using fallback presentation compiler.
2026.05.10 15:46:24 INFO  no build target found for /home/prerit/Projects-Code/My-Learning/DSA-Pepcoding/Basics/GradingSystem.java. Using fallback presentation compiler.
2026.05.10 15:46:24 INFO  no build target found for /home/prerit/Projects-Code/My-Learning/DSA-Pepcoding/Basics/GradingSystem.java. Using fallback presentation compiler.
2026.05.10 15:46:24 INFO  no build target found for /home/prerit/Projects-Code/My-Learning/DSA-Pepcoding/Basics/GradingSystem.java. Using fallback presentation compiler.
2026.05.10 15:46:25 INFO  no build target found for /home/prerit/Projects-Code/My-Learning/DSA-Pepcoding/Basics/GradingSystem.java. Using fallback presentation compiler.
2026.05.10 15:46:25 INFO  no build target found for /home/prerit/Projects-Code/My-Learning/DSA-Pepcoding/Basics/GradingSystem.java. Using fallback presentation compiler.
2026.05.10 15:46:25 INFO  no build target found for /home/prerit/Projects-Code/My-Learning/DSA-Pepcoding/Basics/GradingSystem.java. Using fallback presentation compiler.
2026.05.10 15:46:25 INFO  no build target found for /home/prerit/Projects-Code/My-Learning/DSA-Pepcoding/Basics/GradingSystem.java. Using fallback presentation compiler.
2026.05.10 15:46:25 INFO  no build target found for /home/prerit/Projects-Code/My-Learning/DSA-Pepcoding/Basics/GradingSystem.java. Using fallback presentation compiler.
2026.05.10 15:46:25 INFO  no build target found for /home/prerit/Projects-Code/My-Learning/DSA-Pepcoding/Basics/GradingSystem.java. Using fallback presentation compiler.
2026.05.10 15:46:26 WARN  Running javac-semanticdb failed for file:///home/prerit/Projects-Code/My-Learning/DSA-Pepcoding/Basics/GradingSystem.java. Output:

2026.05.10 15:46:26 INFO  no build target found for /home/prerit/Projects-Code/My-Learning/DSA-Pepcoding/Basics/GradingSystem.java. Using fallback presentation compiler.
2026.05.10 15:46:26 INFO  no build target found for /home/prerit/Projects-Code/My-Learning/DSA-Pepcoding/Basics/GradingSystem.java. Using fallback presentation compiler.
2026.05.10 15:46:27 WARN  no build target for: /home/prerit/Projects-Code/My-Learning/DSA-Pepcoding/Basics/GradingSystem.java
2026.05.10 15:46:27 INFO  no build target found for /home/prerit/Projects-Code/My-Learning/DSA-Pepcoding/Basics/GradingSystem.java. Using fallback presentation compiler.
2026.05.10 15:46:27 INFO  no build target found for /home/prerit/Projects-Code/My-Learning/DSA-Pepcoding/Basics/GradingSystem.java. Using fallback presentation compiler.
2026.05.10 15:46:27 INFO  no build target found for /home/prerit/Projects-Code/My-Learning/DSA-Pepcoding/Basics/GradingSystem.java. Using fallback presentation compiler.
2026.05.10 15:46:29 INFO  no build target found for /home/prerit/Projects-Code/My-Learning/DSA-Pepcoding/Basics/GradingSystem.java. Using fallback presentation compiler.
2026.05.10 15:46:29 INFO  no build target found for /home/prerit/Projects-Code/My-Learning/DSA-Pepcoding/Basics/GradingSystem.java. Using fallback presentation compiler.
2026.05.10 15:46:29 INFO  no build target found for /home/prerit/Projects-Code/My-Learning/DSA-Pepcoding/Basics/GradingSystem.java. Using fallback presentation compiler.
2026.05.10 15:46:29 WARN  Running javac-semanticdb failed for file:///home/prerit/Projects-Code/My-Learning/DSA-Pepcoding/Basics/GradingSystem.java. Output:

2026.05.10 15:46:29 INFO  no build target found for /home/prerit/Projects-Code/My-Learning/DSA-Pepcoding/Basics/GradingSystem.java. Using fallback presentation compiler.
2026.05.10 15:46:29 INFO  no build target found for /home/prerit/Projects-Code/My-Learning/DSA-Pepcoding/Basics/GradingSystem.java. Using fallback presentation compiler.
2026.05.10 15:46:29 WARN  Running javac-semanticdb failed for file:///home/prerit/Projects-Code/My-Learning/DSA-Pepcoding/Basics/GradingSystem.java. Output:

2026.05.10 15:46:29 INFO  no build target found for /home/prerit/Projects-Code/My-Learning/DSA-Pepcoding/Basics/GradingSystem.java. Using fallback presentation compiler.
2026.05.10 15:46:29 INFO  no build target found for /home/prerit/Projects-Code/My-Learning/DSA-Pepcoding/Basics/GradingSystem.java. Using fallback presentation compiler.
2026.05.10 15:46:30 INFO  no build target found for /home/prerit/Projects-Code/My-Learning/DSA-Pepcoding/Basics/GradingSystem.java. Using fallback presentation compiler.
2026.05.10 15:46:30 INFO  no build target found for /home/prerit/Projects-Code/My-Learning/DSA-Pepcoding/Basics/GradingSystem.java. Using fallback presentation compiler.
2026.05.10 15:46:30 WARN  no build target for: /home/prerit/Projects-Code/My-Learning/DSA-Pepcoding/Basics/GradingSystem.java
2026.05.10 15:46:30 INFO  no build target found for /home/prerit/Projects-Code/My-Learning/DSA-Pepcoding/Basics/GradingSystem.java. Using fallback presentation compiler.
2026.05.10 15:46:31 INFO  no build target found for /home/prerit/Projects-Code/My-Learning/DSA-Pepcoding/Basics/GradingSystem.java. Using fallback presentation compiler.
2026.05.10 15:46:31 INFO  no build target found for /home/prerit/Projects-Code/My-Learning/DSA-Pepcoding/Basics/GradingSystem.java. Using fallback presentation compiler.
2026.05.10 15:46:31 INFO  no build target found for /home/prerit/Projects-Code/My-Learning/DSA-Pepcoding/Basics/GradingSystem.java. Using fallback presentation compiler.
2026.05.10 15:46:31 WARN  Running javac-semanticdb failed for file:///home/prerit/Projects-Code/My-Learning/DSA-Pepcoding/Basics/GradingSystem.java. Output:

2026.05.10 15:46:31 INFO  no build target found for /home/prerit/Projects-Code/My-Learning/DSA-Pepcoding/Basics/GradingSystem.java. Using fallback presentation compiler.
2026.05.10 15:46:31 INFO  no build target found for /home/prerit/Projects-Code/My-Learning/DSA-Pepcoding/Basics/GradingSystem.java. Using fallback presentation compiler.
2026.05.10 15:46:31 INFO  no build target found for /home/prerit/Projects-Code/My-Learning/DSA-Pepcoding/Basics/GradingSystem.java. Using fallback presentation compiler.
2026.05.10 15:46:32 INFO  no build target found for /home/prerit/Projects-Code/My-Learning/DSA-Pepcoding/Basics/GradingSystem.java. Using fallback presentation compiler.
2026.05.10 15:46:32 WARN  Running javac-semanticdb failed for file:///home/prerit/Projects-Code/My-Learning/DSA-Pepcoding/Basics/GradingSystem.java. Output:

2026.05.10 15:46:32 INFO  no build target found for /home/prerit/Projects-Code/My-Learning/DSA-Pepcoding/Basics/GradingSystem.java. Using fallback presentation compiler.
2026.05.10 15:46:32 WARN  no build target for: /home/prerit/Projects-Code/My-Learning/DSA-Pepcoding/Basics/GradingSystem.java
2026.05.10 15:46:32 INFO  no build target found for /home/prerit/Projects-Code/My-Learning/DSA-Pepcoding/Basics/GradingSystem.java. Using fallback presentation compiler.
2026.05.10 15:46:33 INFO  no build target found for /home/prerit/Projects-Code/My-Learning/DSA-Pepcoding/Basics/GradingSystem.java. Using fallback presentation compiler.
2026.05.10 15:46:33 INFO  no build target found for /home/prerit/Projects-Code/My-Learning/DSA-Pepcoding/Basics/GradingSystem.java. Using fallback presentation compiler.
2026.05.10 15:46:33 INFO  no build target found for /home/prerit/Projects-Code/My-Learning/DSA-Pepcoding/Basics/GradingSystem.java. Using fallback presentation compiler.
2026.05.10 15:46:33 INFO  no build target found for /home/prerit/Projects-Code/My-Learning/DSA-Pepcoding/Basics/GradingSystem.java. Using fallback presentation compiler.
2026.05.10 15:46:33 INFO  no build target found for /home/prerit/Projects-Code/My-Learning/DSA-Pepcoding/Basics/GradingSystem.java. Using fallback presentation compiler.
2026.05.10 15:46:34 INFO  no build target found for /home/prerit/Projects-Code/My-Learning/DSA-Pepcoding/Basics/GradingSystem.java. Using fallback presentation compiler.
2026.05.10 15:46:34 INFO  no build target found for /home/prerit/Projects-Code/My-Learning/DSA-Pepcoding/Basics/GradingSystem.java. Using fallback presentation compiler.
2026.05.10 15:46:34 INFO  no build target found for /home/prerit/Projects-Code/My-Learning/DSA-Pepcoding/Basics/GradingSystem.java. Using fallback presentation compiler.
2026.05.10 15:46:34 INFO  no build target found for /home/prerit/Projects-Code/My-Learning/DSA-Pepcoding/Basics/GradingSystem.java. Using fallback presentation compiler.
2026.05.10 15:46:34 INFO  no build target found for /home/prerit/Projects-Code/My-Learning/DSA-Pepcoding/Basics/GradingSystem.java. Using fallback presentation compiler.
2026.05.10 15:46:36 INFO  no build target found for /home/prerit/Projects-Code/My-Learning/DSA-Pepcoding/Basics/GradingSystem.java. Using fallback presentation compiler.
2026.05.10 15:46:36 INFO  no build target found for /home/prerit/Projects-Code/My-Learning/DSA-Pepcoding/Basics/GradingSystem.java. Using fallback presentation compiler.
2026.05.10 15:46:36 INFO  no build target found for /home/prerit/Projects-Code/My-Learning/DSA-Pepcoding/Basics/GradingSystem.java. Using fallback presentation compiler.
2026.05.10 15:46:36 WARN  Running javac-semanticdb failed for file:///home/prerit/Projects-Code/My-Learning/DSA-Pepcoding/Basics/GradingSystem.java. Output:

2026.05.10 15:46:36 INFO  no build target found for /home/prerit/Projects-Code/My-Learning/DSA-Pepcoding/Basics/GradingSystem.java. Using fallback presentation compiler.
2026.05.10 15:46:37 INFO  no build target found for /home/prerit/Projects-Code/My-Learning/DSA-Pepcoding/Basics/GradingSystem.java. Using fallback presentation compiler.
2026.05.10 15:46:37 WARN  Running javac-semanticdb failed for file:///home/prerit/Projects-Code/My-Learning/DSA-Pepcoding/Basics/GradingSystem.java. Output:

2026.05.10 15:46:37 INFO  no build target found for /home/prerit/Projects-Code/My-Learning/DSA-Pepcoding/Basics/GradingSystem.java. Using fallback presentation compiler.
2026.05.10 15:46:37 INFO  no build target found for /home/prerit/Projects-Code/My-Learning/DSA-Pepcoding/Basics/GradingSystem.java. Using fallback presentation compiler.
2026.05.10 15:46:37 INFO  no build target found for /home/prerit/Projects-Code/My-Learning/DSA-Pepcoding/Basics/GradingSystem.java. Using fallback presentation compiler.
2026.05.10 15:46:38 INFO  no build target found for /home/prerit/Projects-Code/My-Learning/DSA-Pepcoding/Basics/GradingSystem.java. Using fallback presentation compiler.
2026.05.10 15:46:37 INFO  no build target found for /home/prerit/Projects-Code/My-Learning/DSA-Pepcoding/Basics/GradingSystem.java. Using fallback presentation compiler.
2026.05.10 15:46:37 INFO  no build target found for /home/prerit/Projects-Code/My-Learning/DSA-Pepcoding/Basics/GradingSystem.java. Using fallback presentation compiler.
2026.05.10 15:46:38 WARN  Running javac-semanticdb failed for file:///home/prerit/Projects-Code/My-Learning/DSA-Pepcoding/Basics/GradingSystem.java. Output:

2026.05.10 15:46:38 INFO  no build target found for /home/prerit/Projects-Code/My-Learning/DSA-Pepcoding/Basics/GradingSystem.java. Using fallback presentation compiler.
2026.05.10 15:46:39 INFO  no build target found for /home/prerit/Projects-Code/My-Learning/DSA-Pepcoding/Basics/GradingSystem.java. Using fallback presentation compiler.
2026.05.10 15:46:38 INFO  no build target found for /home/prerit/Projects-Code/My-Learning/DSA-Pepcoding/Basics/GradingSystem.java. Using fallback presentation compiler.
2026.05.10 15:46:38 INFO  no build target found for /home/prerit/Projects-Code/My-Learning/DSA-Pepcoding/Basics/GradingSystem.java. Using fallback presentation compiler.
2026.05.10 15:46:38 INFO  no build target found for /home/prerit/Projects-Code/My-Learning/DSA-Pepcoding/Basics/GradingSystem.java. Using fallback presentation compiler.
2026.05.10 15:46:39 WARN  Running javac-semanticdb failed for file:///home/prerit/Projects-Code/My-Learning/DSA-Pepcoding/Basics/GradingSystem.java. Output:

2026.05.10 15:46:39 INFO  no build target found for /home/prerit/Projects-Code/My-Learning/DSA-Pepcoding/Basics/GradingSystem.java. Using fallback presentation compiler.
2026.05.10 15:46:38 INFO  no build target found for /home/prerit/Projects-Code/My-Learning/DSA-Pepcoding/Basics/GradingSystem.java. Using fallback presentation compiler.
2026.05.10 15:46:40 WARN  no build target for: /home/prerit/Projects-Code/My-Learning/DSA-Pepcoding/Basics/GradingSystem.java
2026.05.10 15:46:39 INFO  no build target found for /home/prerit/Projects-Code/My-Learning/DSA-Pepcoding/Basics/GradingSystem.java. Using fallback presentation compiler.
2026.05.10 15:46:40 INFO  no build target found for /home/prerit/Projects-Code/My-Learning/DSA-Pepcoding/Basics/GradingSystem.java. Using fallback presentation compiler.
2026.05.10 15:46:40 INFO  no build target found for /home/prerit/Projects-Code/My-Learning/DSA-Pepcoding/Basics/GradingSystem.java. Using fallback presentation compiler.
2026.05.10 15:46:40 INFO  no build target found for /home/prerit/Projects-Code/My-Learning/DSA-Pepcoding/Basics/GradingSystem.java. Using fallback presentation compiler.
2026.05.10 15:46:40 INFO  no build target found for /home/prerit/Projects-Code/My-Learning/DSA-Pepcoding/Basics/GradingSystem.java. Using fallback presentation compiler.
2026.05.10 15:46:41 INFO  no build target found for /home/prerit/Projects-Code/My-Learning/DSA-Pepcoding/Basics/GradingSystem.java. Using fallback presentation compiler.
2026.05.10 15:46:40 INFO  no build target found for /home/prerit/Projects-Code/My-Learning/DSA-Pepcoding/Basics/GradingSystem.java. Using fallback presentation compiler.
2026.05.10 15:46:42 WARN  no build target for: /home/prerit/Projects-Code/My-Learning/DSA-Pepcoding/Basics/GradingSystem.java
2026.05.10 15:46:42 INFO  no build target found for /home/prerit/Projects-Code/My-Learning/DSA-Pepcoding/Basics/GradingSystem.java. Using fallback presentation compiler.
2026.05.10 15:46:42 INFO  no build target found for /home/prerit/Projects-Code/My-Learning/DSA-Pepcoding/Basics/GradingSystem.java. Using fallback presentation compiler.
2026.05.10 15:46:42 INFO  no build target found for /home/prerit/Projects-Code/My-Learning/DSA-Pepcoding/Basics/GradingSystem.java. Using fallback presentation compiler.
2026.05.10 15:46:42 INFO  no build target found for /home/prerit/Projects-Code/My-Learning/DSA-Pepcoding/Basics/GradingSystem.java. Using fallback presentation compiler.
2026.05.10 15:46:42 INFO  no build target found for /home/prerit/Projects-Code/My-Learning/DSA-Pepcoding/Basics/GradingSystem.java. Using fallback presentation compiler.
2026.05.10 15:46:42 INFO  no build target found for /home/prerit/Projects-Code/My-Learning/DSA-Pepcoding/Basics/GradingSystem.java. Using fallback presentation compiler.
2026.05.10 15:46:42 INFO  no build target found for /home/prerit/Projects-Code/My-Learning/DSA-Pepcoding/Basics/GradingSystem.java. Using fallback presentation compiler.
2026.05.10 15:46:43 INFO  no build target found for /home/prerit/Projects-Code/My-Learning/DSA-Pepcoding/Basics/GradingSystem.java. Using fallback presentation compiler.
2026.05.10 15:46:42 INFO  no build target found for /home/prerit/Projects-Code/My-Learning/DSA-Pepcoding/Basics/GradingSystem.java. Using fallback presentation compiler.
2026.05.10 15:46:42 INFO  no build target found for /home/prerit/Projects-Code/My-Learning/DSA-Pepcoding/Basics/GradingSystem.java. Using fallback presentation compiler.
2026.05.10 15:46:42 INFO  no build target found for /home/prerit/Projects-Code/My-Learning/DSA-Pepcoding/Basics/GradingSystem.java. Using fallback presentation compiler.
2026.05.10 15:46:42 INFO  no build target found for /home/prerit/Projects-Code/My-Learning/DSA-Pepcoding/Basics/GradingSystem.java. Using fallback presentation compiler.
2026.05.10 15:46:43 INFO  no build target found for /home/prerit/Projects-Code/My-Learning/DSA-Pepcoding/Basics/GradingSystem.java. Using fallback presentation compiler.
2026.05.10 15:46:42 INFO  no build target found for /home/prerit/Projects-Code/My-Learning/DSA-Pepcoding/Basics/GradingSystem.java. Using fallback presentation compiler.
2026.05.10 15:46:42 INFO  no build target found for /home/prerit/Projects-Code/My-Learning/DSA-Pepcoding/Basics/GradingSystem.java. Using fallback presentation compiler.
2026.05.10 15:46:42 INFO  no build target found for /home/prerit/Projects-Code/My-Learning/DSA-Pepcoding/Basics/GradingSystem.java. Using fallback presentation compiler.
2026.05.10 15:46:44 INFO  no build target found for /home/prerit/Projects-Code/My-Learning/DSA-Pepcoding/Basics/GradingSystem.java. Using fallback presentation compiler.
2026.05.10 15:46:44 INFO  no build target found for /home/prerit/Projects-Code/My-Learning/DSA-Pepcoding/Basics/GradingSystem.java. Using fallback presentation compiler.
2026.05.10 15:46:44 INFO  no build target found for /home/prerit/Projects-Code/My-Learning/DSA-Pepcoding/Basics/GradingSystem.java. Using fallback presentation compiler.
2026.05.10 15:46:44 INFO  no build target found for /home/prerit/Projects-Code/My-Learning/DSA-Pepcoding/Basics/GradingSystem.java. Using fallback presentation compiler.
May 10, 2026 3:46:44 PM org.eclipse.lsp4j.jsonrpc.RemoteEndpoint handleCancellation
WARNING: Unmatched cancel notification for request id 1098
2026.05.10 15:46:44 INFO  no build target found for /home/prerit/Projects-Code/My-Learning/DSA-Pepcoding/Basics/GradingSystem.java. Using fallback presentation compiler.
2026.05.10 15:46:44 INFO  no build target found for /home/prerit/Projects-Code/My-Learning/DSA-Pepcoding/Basics/GradingSystem.java. Using fallback presentation compiler.
2026.05.10 15:46:44 INFO  no build target found for /home/prerit/Projects-Code/My-Learning/DSA-Pepcoding/Basics/GradingSystem.java. Using fallback presentation compiler.
2026.05.10 15:46:44 INFO  no build target found for /home/prerit/Projects-Code/My-Learning/DSA-Pepcoding/Basics/GradingSystem.java. Using fallback presentation compiler.
2026.05.10 15:46:44 INFO  no build target found for /home/prerit/Projects-Code/My-Learning/DSA-Pepcoding/Basics/GradingSystem.java. Using fallback presentation compiler.
2026.05.10 15:46:44 INFO  no build target found for /home/prerit/Projects-Code/My-Learning/DSA-Pepcoding/Basics/GradingSystem.java. Using fallback presentation compiler.
2026.05.10 15:46:44 INFO  no build target found for /home/prerit/Projects-Code/My-Learning/DSA-Pepcoding/Basics/GradingSystem.java. Using fallback presentation compiler.
2026.05.10 15:46:44 INFO  no build target found for /home/prerit/Projects-Code/My-Learning/DSA-Pepcoding/Basics/GradingSystem.java. Using fallback presentation compiler.
2026.05.10 15:46:44 INFO  no build target found for /home/prerit/Projects-Code/My-Learning/DSA-Pepcoding/Basics/GradingSystem.java. Using fallback presentation compiler.
2026.05.10 15:46:44 INFO  no build target found for /home/prerit/Projects-Code/My-Learning/DSA-Pepcoding/Basics/GradingSystem.java. Using fallback presentation compiler.
2026.05.10 15:46:44 INFO  no build target found for /home/prerit/Projects-Code/My-Learning/DSA-Pepcoding/Basics/GradingSystem.java. Using fallback presentation compiler.
2026.05.10 15:46:44 INFO  no build target found for /home/prerit/Projects-Code/My-Learning/DSA-Pepcoding/Basics/GradingSystem.java. Using fallback presentation compiler.
2026.05.10 15:46:44 INFO  no build target found for /home/prerit/Projects-Code/My-Learning/DSA-Pepcoding/Basics/GradingSystem.java. Using fallback presentation compiler.
2026.05.10 15:46:44 INFO  no build target found for /home/prerit/Projects-Code/My-Learning/DSA-Pepcoding/Basics/GradingSystem.java. Using fallback presentation compiler.
2026.05.10 15:46:45 INFO  no build target found for /home/prerit/Projects-Code/My-Learning/DSA-Pepcoding/Basics/GradingSystem.java. Using fallback presentation compiler.
2026.05.10 15:46:45 INFO  no build target found for /home/prerit/Projects-Code/My-Learning/DSA-Pepcoding/Basics/GradingSystem.java. Using fallback presentation compiler.
2026.05.10 15:46:45 INFO  no build target found for /home/prerit/Projects-Code/My-Learning/DSA-Pepcoding/Basics/GradingSystem.java. Using fallback presentation compiler.
2026.05.10 15:46:45 INFO  no build target found for /home/prerit/Projects-Code/My-Learning/DSA-Pepcoding/Basics/GradingSystem.java. Using fallback presentation compiler.
2026.05.10 15:46:45 INFO  no build target found for /home/prerit/Projects-Code/My-Learning/DSA-Pepcoding/Basics/GradingSystem.java. Using fallback presentation compiler.
2026.05.10 15:46:45 INFO  no build target found for /home/prerit/Projects-Code/My-Learning/DSA-Pepcoding/Basics/GradingSystem.java. Using fallback presentation compiler.
2026.05.10 15:46:45 INFO  no build target found for /home/prerit/Projects-Code/My-Learning/DSA-Pepcoding/Basics/GradingSystem.java. Using fallback presentation compiler.
2026.05.10 15:46:45 INFO  no build target found for /home/prerit/Projects-Code/My-Learning/DSA-Pepcoding/Basics/GradingSystem.java. Using fallback presentation compiler.
2026.05.10 15:46:45 INFO  no build target found for /home/prerit/Projects-Code/My-Learning/DSA-Pepcoding/Basics/GradingSystem.java. Using fallback presentation compiler.
2026.05.10 15:46:45 INFO  no build target found for /home/prerit/Projects-Code/My-Learning/DSA-Pepcoding/Basics/GradingSystem.java. Using fallback presentation compiler.
2026.05.10 15:46:45 INFO  no build target found for /home/prerit/Projects-Code/My-Learning/DSA-Pepcoding/Basics/GradingSystem.java. Using fallback presentation compiler.
2026.05.10 15:46:45 INFO  no build target found for /home/prerit/Projects-Code/My-Learning/DSA-Pepcoding/Basics/GradingSystem.java. Using fallback presentation compiler.
2026.05.10 15:46:45 INFO  no build target found for /home/prerit/Projects-Code/My-Learning/DSA-Pepcoding/Basics/GradingSystem.java. Using fallback presentation compiler.
2026.05.10 15:46:45 INFO  no build target found for /home/prerit/Projects-Code/My-Learning/DSA-Pepcoding/Basics/GradingSystem.java. Using fallback presentation compiler.
2026.05.10 15:46:45 INFO  no build target found for /home/prerit/Projects-Code/My-Learning/DSA-Pepcoding/Basics/GradingSystem.java. Using fallback presentation compiler.
2026.05.10 15:46:45 INFO  no build target found for /home/prerit/Projects-Code/My-Learning/DSA-Pepcoding/Basics/GradingSystem.java. Using fallback presentation compiler.
2026.05.10 15:46:45 INFO  no build target found for /home/prerit/Projects-Code/My-Learning/DSA-Pepcoding/Basics/GradingSystem.java. Using fallback presentation compiler.
2026.05.10 15:46:45 INFO  no build target found for /home/prerit/Projects-Code/My-Learning/DSA-Pepcoding/Basics/GradingSystem.java. Using fallback presentation compiler.
2026.05.10 15:46:46 INFO  no build target found for /home/prerit/Projects-Code/My-Learning/DSA-Pepcoding/Basics/GradingSystem.java. Using fallback presentation compiler.
2026.05.10 15:46:46 INFO  no build target found for /home/prerit/Projects-Code/My-Learning/DSA-Pepcoding/Basics/GradingSystem.java. Using fallback presentation compiler.
2026.05.10 15:46:46 WARN  no build target for: /home/prerit/Projects-Code/My-Learning/DSA-Pepcoding/Basics/GradingSystem.java
2026.05.10 15:46:46 INFO  no build target found for /home/prerit/Projects-Code/My-Learning/DSA-Pepcoding/Basics/GradingSystem.java. Using fallback presentation compiler.
2026.05.10 15:46:46 INFO  no build target found for /home/prerit/Projects-Code/My-Learning/DSA-Pepcoding/Basics/GradingSystem.java. Using fallback presentation compiler.
2026.05.10 15:46:46 INFO  no build target found for /home/prerit/Projects-Code/My-Learning/DSA-Pepcoding/Basics/GradingSystem.java. Using fallback presentation compiler.
2026.05.10 15:46:46 INFO  no build target found for /home/prerit/Projects-Code/My-Learning/DSA-Pepcoding/Basics/GradingSystem.java. Using fallback presentation compiler.
2026.05.10 15:46:46 INFO  no build target found for /home/prerit/Projects-Code/My-Learning/DSA-Pepcoding/Basics/GradingSystem.java. Using fallback presentation compiler.
2026.05.10 15:46:46 INFO  no build target found for /home/prerit/Projects-Code/My-Learning/DSA-Pepcoding/Basics/GradingSystem.java. Using fallback presentation compiler.
2026.05.10 15:46:47 INFO  no build target found for /home/prerit/Projects-Code/My-Learning/DSA-Pepcoding/Basics/GradingSystem.java. Using fallback presentation compiler.
2026.05.10 15:46:49 INFO  no build target found for /home/prerit/Projects-Code/My-Learning/DSA-Pepcoding/Basics/GradingSystem.java. Using fallback presentation compiler.
2026.05.10 15:46:49 INFO  no build target found for /home/prerit/Projects-Code/My-Learning/DSA-Pepcoding/Basics/GradingSystem.java. Using fallback presentation compiler.
2026.05.10 15:46:49 INFO  no build target found for /home/prerit/Projects-Code/My-Learning/DSA-Pepcoding/Basics/GradingSystem.java. Using fallback presentation compiler.
2026.05.10 15:46:49 INFO  no build target found for /home/prerit/Projects-Code/My-Learning/DSA-Pepcoding/Basics/GradingSystem.java. Using fallback presentation compiler.
2026.05.10 15:46:49 INFO  no build target found for /home/prerit/Projects-Code/My-Learning/DSA-Pepcoding/Basics/GradingSystem.java. Using fallback presentation compiler.
2026.05.10 15:46:49 INFO  no build target found for /home/prerit/Projects-Code/My-Learning/DSA-Pepcoding/Basics/GradingSystem.java. Using fallback presentation compiler.
2026.05.10 15:46:49 INFO  no build target found for /home/prerit/Projects-Code/My-Learning/DSA-Pepcoding/Basics/GradingSystem.java. Using fallback presentation compiler.
2026.05.10 15:46:49 INFO  no build target found for /home/prerit/Projects-Code/My-Learning/DSA-Pepcoding/Basics/GradingSystem.java. Using fallback presentation compiler.
2026.05.10 15:46:49 INFO  no build target found for /home/prerit/Projects-Code/My-Learning/DSA-Pepcoding/Basics/GradingSystem.java. Using fallback presentation compiler.
2026.05.10 15:46:50 INFO  no build target found for /home/prerit/Projects-Code/My-Learning/DSA-Pepcoding/Basics/GradingSystem.java. Using fallback presentation compiler.
2026.05.10 15:46:50 INFO  no build target found for /home/prerit/Projects-Code/My-Learning/DSA-Pepcoding/Basics/GradingSystem.java. Using fallback presentation compiler.
2026.05.10 15:46:50 WARN  no build target for: /home/prerit/Projects-Code/My-Learning/DSA-Pepcoding/Basics/GradingSystem.java
2026.05.10 15:46:50 INFO  no build target found for /home/prerit/Projects-Code/My-Learning/DSA-Pepcoding/Basics/GradingSystem.java. Using fallback presentation compiler.
2026.05.10 15:46:50 INFO  no build target found for /home/prerit/Projects-Code/My-Learning/DSA-Pepcoding/Basics/GradingSystem.java. Using fallback presentation compiler.
2026.05.10 15:46:51 INFO  no build target found for /home/prerit/Projects-Code/My-Learning/DSA-Pepcoding/Basics/GradingSystem.java. Using fallback presentation compiler.
2026.05.10 15:46:50 INFO  no build target found for /home/prerit/Projects-Code/My-Learning/DSA-Pepcoding/Basics/GradingSystem.java. Using fallback presentation compiler.
2026.05.10 15:46:51 WARN  Running javac-semanticdb failed for file:///home/prerit/Projects-Code/My-Learning/DSA-Pepcoding/Basics/GradingSystem.java. Output:

2026.05.10 15:46:51 INFO  no build target found for /home/prerit/Projects-Code/My-Learning/DSA-Pepcoding/Basics/GradingSystem.java. Using fallback presentation compiler.
2026.05.10 15:46:51 INFO  no build target found for /home/prerit/Projects-Code/My-Learning/DSA-Pepcoding/Basics/GradingSystem.java. Using fallback presentation compiler.
2026.05.10 15:46:52 WARN  Running javac-semanticdb failed for file:///home/prerit/Projects-Code/My-Learning/DSA-Pepcoding/Basics/GradingSystem.java. Output:

2026.05.10 15:46:52 WARN  no build target for: /home/prerit/Projects-Code/My-Learning/DSA-Pepcoding/Basics/GradingSystem.java
2026.05.10 15:46:52 INFO  no build target found for /home/prerit/Projects-Code/My-Learning/DSA-Pepcoding/Basics/GradingSystem.java. Using fallback presentation compiler.
2026.05.10 15:46:54 INFO  no build target found for /home/prerit/Projects-Code/My-Learning/DSA-Pepcoding/Basics/GradingSystem.java. Using fallback presentation compiler.
2026.05.10 15:46:54 INFO  no build target found for /home/prerit/Projects-Code/My-Learning/DSA-Pepcoding/Basics/GradingSystem.java. Using fallback presentation compiler.
2026.05.10 15:46:54 INFO  no build target found for /home/prerit/Projects-Code/My-Learning/DSA-Pepcoding/Basics/GradingSystem.java. Using fallback presentation compiler.
2026.05.10 15:46:54 INFO  no build target found for /home/prerit/Projects-Code/My-Learning/DSA-Pepcoding/Basics/GradingSystem.java. Using fallback presentation compiler.
2026.05.10 15:46:54 INFO  no build target found for /home/prerit/Projects-Code/My-Learning/DSA-Pepcoding/Basics/GradingSystem.java. Using fallback presentation compiler.
2026.05.10 15:46:54 INFO  no build target found for /home/prerit/Projects-Code/My-Learning/DSA-Pepcoding/Basics/GradingSystem.java. Using fallback presentation compiler.
2026.05.10 15:46:55 INFO  no build target found for /home/prerit/Projects-Code/My-Learning/DSA-Pepcoding/Basics/GradingSystem.java. Using fallback presentation compiler.
2026.05.10 15:46:55 INFO  no build target found for /home/prerit/Projects-Code/My-Learning/DSA-Pepcoding/Basics/GradingSystem.java. Using fallback presentation compiler.
2026.05.10 15:46:55 INFO  no build target found for /home/prerit/Projects-Code/My-Learning/DSA-Pepcoding/Basics/GradingSystem.java. Using fallback presentation compiler.
2026.05.10 15:46:55 INFO  no build target found for /home/prerit/Projects-Code/My-Learning/DSA-Pepcoding/Basics/GradingSystem.java. Using fallback presentation compiler.
2026.05.10 15:46:56 INFO  no build target found for /home/prerit/Projects-Code/My-Learning/DSA-Pepcoding/Basics/GradingSystem.java. Using fallback presentation compiler.
2026.05.10 15:46:55 INFO  no build target found for /home/prerit/Projects-Code/My-Learning/DSA-Pepcoding/Basics/GradingSystem.java. Using fallback presentation compiler.
2026.05.10 15:46:56 INFO  no build target found for /home/prerit/Projects-Code/My-Learning/DSA-Pepcoding/Basics/GradingSystem.java. Using fallback presentation compiler.
2026.05.10 15:46:56 INFO  no build target found for /home/prerit/Projects-Code/My-Learning/DSA-Pepcoding/Basics/GradingSystem.java. Using fallback presentation compiler.
2026.05.10 15:46:56 INFO  no build target found for /home/prerit/Projects-Code/My-Learning/DSA-Pepcoding/Basics/GradingSystem.java. Using fallback presentation compiler.
2026.05.10 15:46:57 INFO  no build target found for /home/prerit/Projects-Code/My-Learning/DSA-Pepcoding/Basics/GradingSystem.java. Using fallback presentation compiler.
2026.05.10 15:46:56 INFO  no build target found for /home/prerit/Projects-Code/My-Learning/DSA-Pepcoding/Basics/GradingSystem.java. Using fallback presentation compiler.
2026.05.10 15:46:56 INFO  no build target found for /home/prerit/Projects-Code/My-Learning/DSA-Pepcoding/Basics/GradingSystem.java. Using fallback presentation compiler.
2026.05.10 15:46:56 INFO  no build target found for /home/prerit/Projects-Code/My-Learning/DSA-Pepcoding/Basics/GradingSystem.java. Using fallback presentation compiler.
2026.05.10 15:46:56 INFO  no build target found for /home/prerit/Projects-Code/My-Learning/DSA-Pepcoding/Basics/GradingSystem.java. Using fallback presentation compiler.
2026.05.10 15:46:57 INFO  no build target found for /home/prerit/Projects-Code/My-Learning/DSA-Pepcoding/Basics/GradingSystem.java. Using fallback presentation compiler.
2026.05.10 15:46:56 INFO  no build target found for /home/prerit/Projects-Code/My-Learning/DSA-Pepcoding/Basics/GradingSystem.java. Using fallback presentation compiler.
2026.05.10 15:46:56 INFO  no build target found for /home/prerit/Projects-Code/My-Learning/DSA-Pepcoding/Basics/GradingSystem.java. Using fallback presentation compiler.
2026.05.10 15:46:56 INFO  no build target found for /home/prerit/Projects-Code/My-Learning/DSA-Pepcoding/Basics/GradingSystem.java. Using fallback presentation compiler.
2026.05.10 15:46:56 INFO  no build target found for /home/prerit/Projects-Code/My-Learning/DSA-Pepcoding/Basics/GradingSystem.java. Using fallback presentation compiler.
2026.05.10 15:46:56 INFO  no build target found for /home/prerit/Projects-Code/My-Learning/DSA-Pepcoding/Basics/GradingSystem.java. Using fallback presentation compiler.
2026.05.10 15:46:57 INFO  no build target found for /home/prerit/Projects-Code/My-Learning/DSA-Pepcoding/Basics/GradingSystem.java. Using fallback presentation compiler.
2026.05.10 15:46:57 INFO  no build target found for /home/prerit/Projects-Code/My-Learning/DSA-Pepcoding/Basics/GradingSystem.java. Using fallback presentation compiler.
2026.05.10 15:46:57 INFO  no build target found for /home/prerit/Projects-Code/My-Learning/DSA-Pepcoding/Basics/GradingSystem.java. Using fallback presentation compiler.
2026.05.10 15:46:57 INFO  no build target found for /home/prerit/Projects-Code/My-Learning/DSA-Pepcoding/Basics/GradingSystem.java. Using fallback presentation compiler.
2026.05.10 15:46:57 INFO  no build target found for /home/prerit/Projects-Code/My-Learning/DSA-Pepcoding/Basics/GradingSystem.java. Using fallback presentation compiler.
2026.05.10 15:46:57 INFO  no build target found for /home/prerit/Projects-Code/My-Learning/DSA-Pepcoding/Basics/GradingSystem.java. Using fallback presentation compiler.
2026.05.10 15:46:57 INFO  no build target found for /home/prerit/Projects-Code/My-Learning/DSA-Pepcoding/Basics/GradingSystem.java. Using fallback presentation compiler.
2026.05.10 15:46:57 INFO  no build target found for /home/prerit/Projects-Code/My-Learning/DSA-Pepcoding/Basics/GradingSystem.java. Using fallback presentation compiler.
2026.05.10 15:46:58 INFO  no build target found for /home/prerit/Projects-Code/My-Learning/DSA-Pepcoding/Basics/GradingSystem.java. Using fallback presentation compiler.
2026.05.10 15:46:57 INFO  no build target found for /home/prerit/Projects-Code/My-Learning/DSA-Pepcoding/Basics/GradingSystem.java. Using fallback presentation compiler.
2026.05.10 15:46:57 INFO  no build target found for /home/prerit/Projects-Code/My-Learning/DSA-Pepcoding/Basics/GradingSystem.java. Using fallback presentation compiler.
2026.05.10 15:46:57 INFO  no build target found for /home/prerit/Projects-Code/My-Learning/DSA-Pepcoding/Basics/GradingSystem.java. Using fallback presentation compiler.
2026.05.10 15:46:57 INFO  no build target found for /home/prerit/Projects-Code/My-Learning/DSA-Pepcoding/Basics/GradingSystem.java. Using fallback presentation compiler.
2026.05.10 15:46:58 INFO  no build target found for /home/prerit/Projects-Code/My-Learning/DSA-Pepcoding/Basics/GradingSystem.java. Using fallback presentation compiler.
2026.05.10 15:46:59 INFO  no build target found for /home/prerit/Projects-Code/My-Learning/DSA-Pepcoding/Basics/GradingSystem.java. Using fallback presentation compiler.
2026.05.10 15:46:59 INFO  no build target found for /home/prerit/Projects-Code/My-Learning/DSA-Pepcoding/Basics/GradingSystem.java. Using fallback presentation compiler.
2026.05.10 15:46:59 INFO  no build target found for /home/prerit/Projects-Code/My-Learning/DSA-Pepcoding/Basics/GradingSystem.java. Using fallback presentation compiler.
2026.05.10 15:46:59 INFO  no build target found for /home/prerit/Projects-Code/My-Learning/DSA-Pepcoding/Basics/GradingSystem.java. Using fallback presentation compiler.
2026.05.10 15:46:59 INFO  no build target found for /home/prerit/Projects-Code/My-Learning/DSA-Pepcoding/Basics/GradingSystem.java. Using fallback presentation compiler.
2026.05.10 15:46:58 INFO  no build target found for /home/prerit/Projects-Code/My-Learning/DSA-Pepcoding/Basics/GradingSystem.java. Using fallback presentation compiler.
2026.05.10 15:46:59 INFO  no build target found for /home/prerit/Projects-Code/My-Learning/DSA-Pepcoding/Basics/GradingSystem.java. Using fallback presentation compiler.
2026.05.10 15:46:59 INFO  no build target found for /home/prerit/Projects-Code/My-Learning/DSA-Pepcoding/Basics/GradingSystem.java. Using fallback presentation compiler.
2026.05.10 15:46:59 INFO  no build target found for /home/prerit/Projects-Code/My-Learning/DSA-Pepcoding/Basics/GradingSystem.java. Using fallback presentation compiler.
2026.05.10 15:46:59 INFO  no build target found for /home/prerit/Projects-Code/My-Learning/DSA-Pepcoding/Basics/GradingSystem.java. Using fallback presentation compiler.
2026.05.10 15:46:58 INFO  no build target found for /home/prerit/Projects-Code/My-Learning/DSA-Pepcoding/Basics/GradingSystem.java. Using fallback presentation compiler.
2026.05.10 15:47:00 INFO  no build target found for /home/prerit/Projects-Code/My-Learning/DSA-Pepcoding/Basics/GradingSystem.java. Using fallback presentation compiler.
2026.05.10 15:47:00 WARN  no build target for: /home/prerit/Projects-Code/My-Learning/DSA-Pepcoding/Basics/GradingSystem.java
2026.05.10 15:47:00 INFO  no build target found for /home/prerit/Projects-Code/My-Learning/DSA-Pepcoding/Basics/GradingSystem.java. Using fallback presentation compiler.
2026.05.10 15:47:01 INFO  no build target found for /home/prerit/Projects-Code/My-Learning/DSA-Pepcoding/Basics/GradingSystem.java. Using fallback presentation compiler.
2026.05.10 15:47:01 WARN  no build target for: /home/prerit/Projects-Code/My-Learning/DSA-Pepcoding/Basics/GradingSystem.java
2026.05.10 15:47:01 INFO  no build target found for /home/prerit/Projects-Code/My-Learning/DSA-Pepcoding/Basics/GradingSystem.java. Using fallback presentation compiler.
2026.05.10 15:47:02 INFO  no build target found for /home/prerit/Projects-Code/My-Learning/DSA-Pepcoding/Basics/GradingSystem.java. Using fallback presentation compiler.
2026.05.10 15:47:16 INFO  no build target found for /home/prerit/Projects-Code/My-Learning/DSA-Pepcoding/Basics/GradingSystem.java. Using fallback presentation compiler.
2026.05.10 15:47:21 INFO  no build target found for /home/prerit/Projects-Code/My-Learning/DSA-Pepcoding/Basics/GradingSystem.java. Using fallback presentation compiler.
2026.05.10 15:47:24 INFO  no build target found for /home/prerit/Projects-Code/My-Learning/DSA-Pepcoding/Basics/GradingSystem.java. Using fallback presentation compiler.
2026.05.10 15:47:24 INFO  no build target found for /home/prerit/Projects-Code/My-Learning/DSA-Pepcoding/Basics/GradingSystem.java. Using fallback presentation compiler.
2026.05.10 15:47:24 INFO  no build target found for /home/prerit/Projects-Code/My-Learning/DSA-Pepcoding/Basics/GradingSystem.java. Using fallback presentation compiler.
2026.05.10 15:47:24 INFO  no build target found for /home/prerit/Projects-Code/My-Learning/DSA-Pepcoding/Basics/GradingSystem.java. Using fallback presentation compiler.
2026.05.10 15:47:24 INFO  no build target found for /home/prerit/Projects-Code/My-Learning/DSA-Pepcoding/Basics/GradingSystem.java. Using fallback presentation compiler.
2026.05.10 15:47:25 INFO  no build target found for /home/prerit/Projects-Code/My-Learning/DSA-Pepcoding/Basics/GradingSystem.java. Using fallback presentation compiler.
2026.05.10 15:47:24 INFO  no build target found for /home/prerit/Projects-Code/My-Learning/DSA-Pepcoding/Basics/GradingSystem.java. Using fallback presentation compiler.
2026.05.10 15:47:25 INFO  no build target found for /home/prerit/Projects-Code/My-Learning/DSA-Pepcoding/Basics/GradingSystem.java. Using fallback presentation compiler.
2026.05.10 15:47:25 INFO  no build target found for /home/prerit/Projects-Code/My-Learning/DSA-Pepcoding/Basics/GradingSystem.java. Using fallback presentation compiler.
2026.05.10 15:47:25 INFO  no build target found for /home/prerit/Projects-Code/My-Learning/DSA-Pepcoding/Basics/GradingSystem.java. Using fallback presentation compiler.
2026.05.10 15:47:26 INFO  no build target found for /home/prerit/Projects-Code/My-Learning/DSA-Pepcoding/Basics/GradingSystem.java. Using fallback presentation compiler.
2026.05.10 15:47:26 INFO  no build target found for /home/prerit/Projects-Code/My-Learning/DSA-Pepcoding/Basics/GradingSystem.java. Using fallback presentation compiler.
2026.05.10 15:47:26 INFO  no build target found for /home/prerit/Projects-Code/My-Learning/DSA-Pepcoding/Basics/GradingSystem.java. Using fallback presentation compiler.
2026.05.10 15:47:27 WARN  no build target for: /home/prerit/Projects-Code/My-Learning/DSA-Pepcoding/Basics/GradingSystem.java
2026.05.10 15:47:26 WARN  Running javac-semanticdb failed for file:///home/prerit/Projects-Code/My-Learning/DSA-Pepcoding/Basics/GradingSystem.java. Output:

2026.05.10 15:47:27 INFO  no build target found for /home/prerit/Projects-Code/My-Learning/DSA-Pepcoding/Basics/GradingSystem.java. Using fallback presentation compiler.
2026.05.10 15:47:26 INFO  no build target found for /home/prerit/Projects-Code/My-Learning/DSA-Pepcoding/Basics/GradingSystem.java. Using fallback presentation compiler.
2026.05.10 15:47:26 INFO  no build target found for /home/prerit/Projects-Code/My-Learning/DSA-Pepcoding/Basics/GradingSystem.java. Using fallback presentation compiler.
2026.05.10 15:47:26 INFO  no build target found for /home/prerit/Projects-Code/My-Learning/DSA-Pepcoding/Basics/GradingSystem.java. Using fallback presentation compiler.
2026.05.10 15:47:27 WARN  Running javac-semanticdb failed for file:///home/prerit/Projects-Code/My-Learning/DSA-Pepcoding/Basics/GradingSystem.java. Output:

May 10, 2026 3:47:27 PM org.eclipse.lsp4j.jsonrpc.RemoteEndpoint handleCancellation
WARNING: Unmatched cancel notification for request id 1296
2026.05.10 15:47:26 INFO  no build target found for /home/prerit/Projects-Code/My-Learning/DSA-Pepcoding/Basics/GradingSystem.java. Using fallback presentation compiler.
2026.05.10 15:47:28 INFO  no build target found for /home/prerit/Projects-Code/My-Learning/DSA-Pepcoding/Basics/GradingSystem.java. Using fallback presentation compiler.
2026.05.10 15:47:28 INFO  no build target found for /home/prerit/Projects-Code/My-Learning/DSA-Pepcoding/Basics/GradingSystem.java. Using fallback presentation compiler.
2026.05.10 15:47:28 INFO  no build target found for /home/prerit/Projects-Code/My-Learning/DSA-Pepcoding/Basics/GradingSystem.java. Using fallback presentation compiler.
2026.05.10 15:47:27 WARN  Running javac-semanticdb failed for file:///home/prerit/Projects-Code/My-Learning/DSA-Pepcoding/Basics/GradingSystem.java. Output:

2026.05.10 15:47:28 INFO  no build target found for /home/prerit/Projects-Code/My-Learning/DSA-Pepcoding/Basics/GradingSystem.java. Using fallback presentation compiler.
2026.05.10 15:47:28 INFO  no build target found for /home/prerit/Projects-Code/My-Learning/DSA-Pepcoding/Basics/GradingSystem.java. Using fallback presentation compiler.
2026.05.10 15:47:29 WARN  Running javac-semanticdb failed for file:///home/prerit/Projects-Code/My-Learning/DSA-Pepcoding/Basics/GradingSystem.java. Output:

2026.05.10 15:47:29 INFO  no build target found for /home/prerit/Projects-Code/My-Learning/DSA-Pepcoding/Basics/GradingSystem.java. Using fallback presentation compiler.
2026.05.10 15:47:29 INFO  no build target found for /home/prerit/Projects-Code/My-Learning/DSA-Pepcoding/Basics/GradingSystem.java. Using fallback presentation compiler.
2026.05.10 15:47:29 INFO  no build target found for /home/prerit/Projects-Code/My-Learning/DSA-Pepcoding/Basics/GradingSystem.java. Using fallback presentation compiler.
2026.05.10 15:47:29 INFO  no build target found for /home/prerit/Projects-Code/My-Learning/DSA-Pepcoding/Basics/GradingSystem.java. Using fallback presentation compiler.
2026.05.10 15:47:29 WARN  Running javac-semanticdb failed for file:///home/prerit/Projects-Code/My-Learning/DSA-Pepcoding/Basics/GradingSystem.java. Output:

2026.05.10 15:47:29 INFO  no build target found for /home/prerit/Projects-Code/My-Learning/DSA-Pepcoding/Basics/GradingSystem.java. Using fallback presentation compiler.
2026.05.10 15:47:30 WARN  no build target for: /home/prerit/Projects-Code/My-Learning/DSA-Pepcoding/Basics/GradingSystem.java
2026.05.10 15:47:30 INFO  no build target found for /home/prerit/Projects-Code/My-Learning/DSA-Pepcoding/Basics/GradingSystem.java. Using fallback presentation compiler.
2026.05.10 15:47:30 INFO  no build target found for /home/prerit/Projects-Code/My-Learning/DSA-Pepcoding/Basics/GradingSystem.java. Using fallback presentation compiler.
2026.05.10 15:47:31 INFO  no build target found for /home/prerit/Projects-Code/My-Learning/DSA-Pepcoding/Basics/GradingSystem.java. Using fallback presentation compiler.
2026.05.10 15:47:31 INFO  no build target found for /home/prerit/Projects-Code/My-Learning/DSA-Pepcoding/Basics/GradingSystem.java. Using fallback presentation compiler.
2026.05.10 15:47:31 INFO  no build target found for /home/prerit/Projects-Code/My-Learning/DSA-Pepcoding/Basics/GradingSystem.java. Using fallback presentation compiler.
2026.05.10 15:47:33 INFO  no build target found for /home/prerit/Projects-Code/My-Learning/DSA-Pepcoding/Basics/GradingSystem.java. Using fallback presentation compiler.
2026.05.10 15:47:35 INFO  no build target found for /home/prerit/Projects-Code/My-Learning/DSA-Pepcoding/Basics/Conditionals.java. Using fallback presentation compiler.
2026.05.10 15:47:35 WARN  no build target for: /home/prerit/Projects-Code/My-Learning/DSA-Pepcoding/Basics/Conditionals.java
2026.05.10 15:47:35 INFO  no build target found for /home/prerit/Projects-Code/My-Learning/DSA-Pepcoding/Basics/Conditionals.java. Using fallback presentation compiler.
May 10, 2026 3:47:35 PM org.eclipse.lsp4j.jsonrpc.RemoteEndpoint handleCancellation
WARNING: Unmatched cancel notification for request id 1331
2026.05.10 15:47:35 INFO  no build target found for /home/prerit/Projects-Code/My-Learning/DSA-Pepcoding/Basics/Conditionals.java. Using fallback presentation compiler.
2026.05.10 15:47:35 INFO  no build target found for /home/prerit/Projects-Code/My-Learning/DSA-Pepcoding/Basics/Conditionals.java. Using fallback presentation compiler.
2026.05.10 15:47:35 INFO  no build target found for /home/prerit/Projects-Code/My-Learning/DSA-Pepcoding/Basics/Conditionals.java. Using fallback presentation compiler.
2026.05.10 15:47:35 INFO  no build target found for /home/prerit/Projects-Code/My-Learning/DSA-Pepcoding/Basics/Conditionals.java. Using fallback presentation compiler.
2026.05.10 15:47:35 INFO  no build target found for /home/prerit/Projects-Code/My-Learning/DSA-Pepcoding/Basics/Conditionals.java. Using fallback presentation compiler.
2026.05.10 15:47:35 INFO  no build target found for /home/prerit/Projects-Code/My-Learning/DSA-Pepcoding/Basics/Conditionals.java. Using fallback presentation compiler.
2026.05.10 15:47:42 INFO  no build target found for /home/prerit/Projects-Code/My-Learning/DSA-Pepcoding/Basics/Conditionals.java. Using fallback presentation compiler.
2026.05.10 15:47:43 INFO  no build target found for /home/prerit/Projects-Code/My-Learning/DSA-Pepcoding/Basics/GradingSystem.java. Using fallback presentation compiler.
2026.05.10 15:47:44 INFO  no build target found for /home/prerit/Projects-Code/My-Learning/DSA-Pepcoding/Basics/Conditionals.java. Using fallback presentation compiler.
2026.05.10 15:47:46 INFO  no build target found for /home/prerit/Projects-Code/My-Learning/DSA-Pepcoding/Basics/GradingSystem.java. Using fallback presentation compiler.
2026.05.10 15:47:46 WARN  no build target for: /home/prerit/Projects-Code/My-Learning/DSA-Pepcoding/Basics/GradingSystem.java
2026.05.10 15:47:46 INFO  no build target found for /home/prerit/Projects-Code/My-Learning/DSA-Pepcoding/Basics/GradingSystem.java. Using fallback presentation compiler.
2026.05.10 15:47:46 INFO  no build target found for /home/prerit/Projects-Code/My-Learning/DSA-Pepcoding/Basics/GradingSystem.java. Using fallback presentation compiler.
2026.05.10 15:47:46 INFO  no build target found for /home/prerit/Projects-Code/My-Learning/DSA-Pepcoding/Basics/GradingSystem.java. Using fallback presentation compiler.
2026.05.10 15:47:46 INFO  no build target found for /home/prerit/Projects-Code/My-Learning/DSA-Pepcoding/Basics/GradingSystem.java. Using fallback presentation compiler.
2026.05.10 15:47:47 INFO  no build target found for /home/prerit/Projects-Code/My-Learning/DSA-Pepcoding/Basics/GradingSystem.java. Using fallback presentation compiler.
2026.05.10 15:47:47 INFO  no build target found for /home/prerit/Projects-Code/My-Learning/DSA-Pepcoding/Basics/GradingSystem.java. Using fallback presentation compiler.
